Kebele,HouseNo,Village,Mobile,BookNo,ContractNo,MeterAltitude,MeterLongitude,MeterStatus,RegDate,ReaderName,Latitude,Longitude,GPS_Validation_Status
1,548.0,,,Destaw Buwane,100001,0.0,0.0,DISCONNECT,4/12/2011,90011,,,Missing or Invalid GPS
1,259.0,,,Asrat Tilahun,100002,6739044.35,38371932.77,ACTIVE,4/10/2012,90011,6.739044,38.371933,Valid
1,259.0,,,Absera Amelo,100003,0.0,0.0,DISCONNECT,4/12/2011,90011,,,Missing or Invalid GPS
1,543.0,,,Tadese Demoz,100004,6739459.783,38371914.22,Active,4/10/2012,90011,6.73946,38.371914,Valid
1,0.0,,,Mitku Genebo,100005,6739518.567,38371736.93,ACTIVE,4/12/2011,90011,6.739519,38.371737,Valid
1,0.0,,,Samuel Hotessa,100006,6739843.15,38372016.27,Active,4/10/2012,90011,6.739843,38.372016,Valid
1,0.0,,,Qunte Denka,100007,6739519.5,38371636.95,Active,4/10/2012,90011,6.73952,38.371637,Valid
1,0.0,,,Lema Mengistu,100008,6739730.817,38371460.8,Active,4/10/2012,90011,6.739731,38.371461,Valid
1,0.0,,,Birhane G/Meskel,100009,6740032.733,38372200.42,ACTIVE,4/12/2011,90011,6.740033,38.3722,Valid
1,268.0,,,Mesele W/Selassie,100010,6740488.917,38372388.57,ACTIVE,4/10/2012,90011,6.740489,38.372389,Valid
1,267.0,,,Kasa Kechara,100011,0.0,0.0,DISCONNECT,4/10/2012,90011,,,Missing or Invalid GPS
1,627.0,,,Mesfin Kia,100012,6740395.067,38372339.28,Active,4/10/2012,90011,6.740395,38.372339,Valid
1,0.0,,,Kebebe Biru,100013,6740476.683,38372527.88,Active,4/10/2012,90011,6.740477,38.372528,Valid
1,2761.0,,,Telele Melesse,100014,6740524.267,38372763.77,ACTIVE,4/12/2011,90011,6.740524,38.372764,Valid
1,636.0,,,Latamo Lalego,100015,6740800.083,38373046.07,ACTIVE,4/12/2011,90011,6.7408,38.373046,Valid
1,638.0,,,Mola Ware,100016,6740865.167,38373085.8,Active,4/10/2012,90011,6.740865,38.373086,Valid
1,642.0,,,Mathewos Tsegaye,100017,6740992.25,38373140.55,ACTIVE,4/10/2012,90011,6.740992,38.373141,Valid
1,0.0,,,Worku Destaw,100018,6741148.467,38373227.07,Active,4/10/2012,90011,6.741148,38.373227,Valid
1,644.0,,,Argiso Wubet,100019,6741227.4,38373264.58,Active,4/10/2012,90011,6.741227,38.373265,Valid
1,646.0,,,Zerihun Zenebe,100020,6741177.633,38373319.55,Active,4/10/2012,90011,6.741178,38.37332,Valid
1,647.0,,,Terefe Waleno,100021,6741214.117,38373517.5,Active,4/10/2012,90011,6.741214,38.373517,Valid
1,648.0,,,Tefera Teshome,100022,6741381.517,38373421.23,ACTIVE,4/12/2011,90011,6.741382,38.373421,Valid
1,650.0,,,Tefaye Wase,100023,6741505.5,38373575.47,Active,4/10/2012,90011,6.741505,38.373575,Valid
1,651.0,,,Birhanu Assefa,100024,6741644.683,38373352.2,Active,4/10/2012,90011,6.741645,38.373352,Valid
1,655.0,,,Assefa Demu,100025,6741750.0,38373678.72,Active,4/10/2012,90011,6.74175,38.373679,Valid
1,656.0,,,Tigist Assefa,100026,6741835.05,38373743.3,Active,4/10/2012,90011,6.741835,38.373743,Valid
1,658.0,,989425800,Adanech Melesse,100027,6741881.433,38373821.35,ACTIVE,41-22-011_,90011,6.741881,38.373821,Valid
1,0.0,,,Gizachew Adane,100028,6742655.833,38372102.42,Active,4/10/2012,90011,6.742656,38.372102,Valid
1,357.0,,911382319,Shika Adela,100029,6742491.05,38374165.73,ACTIVE,4/12/2011,90011,6.742491,38.374166,Valid
1,800.0,,,Mathew Kayesso,100030,6743377.067,38375256.85,DISCONNECT,4/10/2012,90011,6.743377,38.375257,Valid
1,0.0,,,Yonas Mufato,100031,6742672.167,38374356.0,ACTIVE,4/12/2011,90011,6.742672,38.374356,Valid
1,805.0,,,Shibru Kalo,100032,6742810.233,38374429.27,Active,4/10/2012,90011,6.74281,38.374429,Valid
1,806.0,,,Aynalem Eshete,100033,6742849.3,38374420.97,Active,4/10/2012,90011,6.742849,38.374421,Valid
1,807.0,,,Abraham Mekonnen,100034,6743364.45,38374823.0,Active,4/10/2012,90011,6.743364,38.374823,Valid
1,808.0,,,Taye G/Hana,100035,6743010.083,38374660.58,Active,4/10/2012,90011,6.74301,38.374661,Valid
1,809.0,,,Aduna Gurara,100036,6743199.767,38374757.35,Active,4/10/2012,90011,6.7432,38.374757,Valid
1,810.0,,926523918,Yidedegu Denbel,100037,6743561.383,38374561.93,ACTIVE,41/02/012_,90011,6.743561,38.374562,Valid
1,302.0,,,Alemayehu Adela,100038,6743588.833,38374830.58,Active,4/10/2012,90011,6.743589,38.374831,Valid
1,852.0,,,Shiferaw Eresa,100039,6743879.817,38374923.12,ACTIVE,4/10/2012,90011,6.74388,38.374923,Valid
1,905.0,,,Aduna Esatu,100040,6744019.6,38375682.78,Active,4/10/2012,90011,6.74402,38.375683,Valid
1,854.0,,,Alito Ugamo,100041,6743927.9,38375061.42,Active,4/10/2012,90011,6.743928,38.375061,Valid
1,306.0,,911707355,H/Mariam Tilahun,100042,6744109.767,38375198.27,ACTIVE,41-02-012_,90011,6.74411,38.375198,Valid
1,308.0,,,Kebede W/Selassie,100043,0.0,0.0,DISCONNECT,4/10/2012,90011,,,Missing or Invalid GPS
1,310.0,,,Fikrete Assefa,100044,6743318.9,38374600.45,Active,4/10/2012,90011,6.743319,38.3746,Valid
1,311.0,,,Adisu Mamo,100045,6744461.067,38375445.1,Active,4/10/2012,90011,6.744461,38.375445,Valid
1,312.0,,,Zeyne Rahmeto,100046,6744231.167,38375547.15,Active,4/10/2012,90011,6.744231,38.375547,Valid
1,315.0,,,Argeta Nenebo,100047,6744826.817,38375112.07,Active,4/10/2012,90011,6.744827,38.375112,Valid
1,321.0,,,Asamenew Bukure,100049,6744764.1,38375666.62,Active,4/10/2012,90011,6.744764,38.375667,Valid
1,562.0,,,Dilgasa Jigsa,100050,6744894.7,38375673.02,Active,4/10/2012,90011,6.744895,38.375673,Valid
1,322.0,,987168296,Wegayehu Gebru,100051,6744831.233,38375912.47,ACTIVE,41-02-012_,90011,6.744831,38.375912,Valid
1,871.0,,916332094,Tamene Gebiso,100052,6744958.483,38375869.82,ACTIVE,41-02-012_,90011,6.744958,38.37587,Valid
1,325.0,,916164861,Melaku Kasa,100054,6745000.433,38375981.07,ACTIVE,41-02-012_,90011,6.745,38.375981,Valid
1,326.0,,945831443,Ketema Kaye,100055,6745046.95,38376067.62,ACTIVE,41-02-012_,90011,6.745047,38.376068,Valid
1,327.0,,,Tefera Seifu,100056,6745197.133,38376121.28,Active,4/10/2012,90011,6.745197,38.376121,Valid
1,878.0,,,Mohammed Hussein,100057,6744903.3,38376202.25,ACTIVE,4/12/2011,90011,6.744903,38.376202,Valid
1,879.0,,,Asrat Geremu,100058,6745280.0,38376165.17,ACTIVE,4/12/2011,90011,6.74528,38.376165,Valid
1,338.0,,,Gadisa Alemu,100059,6745524.183,38376160.2,Active,4/10/2012,90011,6.745524,38.37616,Valid
1,884.0,,,Endalech Awash,100060,6745647.35,38376330.07,Active,4/10/2012,90011,6.745647,38.37633,Valid
1,886.0,,,Alemu Demu,100061,6745613.05,38376103.83,Active,4/10/2012,90011,6.745613,38.376104,Valid
1,885.0,,,Zekarias Alemu,100062,6745613.05,38376103.83,Active,4/10/2012,90011,6.745613,38.376104,Valid
1,887.0,,,Tadese Alemu,100063,6745606.467,38376158.18,ACTIVE,4/10/2012,90011,6.745606,38.376158,Valid
1,376.0,,,Amarach Zenebe,100064,6745666.3,38376510.73,Active,4/10/2012,90011,6.745666,38.376511,Valid
1,0.0,,,Dangaro Shashamo,100065,6745718.6,38376566.42,Active,4/10/2012,90011,6.745719,38.376566,Valid
1,1002.0,,,Hajjumer Alinur,100066,6745995.3,38376412.5,Active,4/10/2012,90011,6.745995,38.376413,Valid
1,1003.0,,954199320,Zehara Hajjiisa,100067,6746076.867,38376457.63,ACTIVE,41-02-012_,90011,6.746077,38.376458,Valid
1,389.0,,,Bizunesh Tesema,100068,6746270.65,38375964.2,Active,4/10/2012,90011,6.746271,38.375964,Valid
1,391.0,,,Meshu Adela,100069,6746148.783,38376637.65,Active,4/10/2012,90011,6.746149,38.376638,Valid
1,292.0,,,Momina Hajj Yusuf,100070,6746398.583,38376708.12,Active,4/10/2012,90011,6.746399,38.376708,Valid
1,1009.0,,,Hussein Seyid,100071,6746428.167,38376771.87,Active,4/10/2012,90011,6.746428,38.376772,Valid
1,0.0,,,Shume Mohammed,100072,6746286.167,38377036.08,ACTIVE,4/10/2012,90011,6.746286,38.377036,Valid
1,1017.0,,,Mulunesh Ayehu,100073,6747000.967,38377047.98,Active,4/10/2012,90011,6.747001,38.377048,Valid
1,0.0,,,Aman Shurala,100074,0.0,0.0,DISCONNECT,4/12/2011,90011,,,Missing or Invalid GPS
1,0.0,,,Yalew Mulugeta,100075,6746660.617,38377093.77,ACTIVE,4/10/2012,90011,6.746661,38.377094,Valid
1,1019.0,,,Yeshus Qamiso,100076,6747140.55,38377081.17,ACTIVE,4/10/2012,90011,6.747141,38.377081,Valid
1,897.0,,,Asamrew Moltot,100077,6747406.333,38377021.18,Active,4/10/2012,90011,6.747406,38.377021,Valid
1,1023.0,,,Lakew Kelkay,100078,6747396.433,38376997.93,Active,4/10/2012,90011,6.747396,38.376998,Valid
1,406.0,,,Mohammed Abeker,100079,6747511.85,38377080.72,Active,4/10/2012,90011,6.747512,38.377081,Valid
1,405.0,,,Daniel Dinsa,100080,6748524.967,38376764.27,Active,4/10/2012,90011,6.748525,38.376764,Valid
1,407.0,,,Yalew Mulugeta,100081,6747517.283,38377124.38,Active,4/10/2012,90011,6.747517,38.377124,Valid
1,1027.0,,,Tefaye Teferedegn,100082,6747657.05,38377129.78,ACTIVE,4/10/2012,90011,6.747657,38.37713,Valid
1,409.0,,,Birhanu Abdisa,100083,6747828.183,38377106.28,Active,4/10/2012,90011,6.747828,38.377106,Valid
1,1030.0,,,Solomon Ayehu,100084,0.0,0.0,DISCONNECT,4/10/2012,90011,,,Missing or Invalid GPS
1,1029.0,,,Nigatu Adela,100085,6748080.25,38377081.9,Active,4/10/2012,90011,6.74808,38.377082,Valid
1,1031.0,,,Mulunesh Ayehu,100086,6748215.933,38377193.45,Active,4/10/2012,90011,6.748216,38.377193,Valid
1,0.0,,,Yibzaw Ketema,100087,6748461.717,38377032.2,Active,4/10/2012,90011,6.748462,38.377032,Valid
1,1032.0,,,Isaias Kenbata,100088,6748462.6,38376203.02,Active,4/10/2012,90011,6.748463,38.376203,Valid
1,1139.0,,,Zebiba Hajj Sultan,100089,6748798.95,38376910.28,Active,4/10/2012,90011,6.748799,38.37691,Valid
1,1137.0,,,Tesema Tafese,100090,6747119.883,38376459.57,Active,4/10/2012,90011,6.74712,38.37646,Valid
1,1136.0,,916164550,Hamsal Hagerso,100091,6748462.6,38376203.02,ACTIVE,41-02-012_,90011,6.748463,38.376203,Valid
1,0.0,,,Mesfin Asfaw,100092,6748462.6,38376203.02,Active,4/10/2012,90011,6.748463,38.376203,Valid
1,0.0,,,Genet Belete,100093,6749012.383,38376844.05,Active,4/10/2012,90011,6.749012,38.376844,Valid
1,1141.0,,,Teshome Kasa,100094,6749196.717,38376418.48,Active,4/10/2012,90011,6.749197,38.376418,Valid
1,1142.0,,,Aster Deqeto,100095,6749100.867,38376544.48,Active,4/10/2012,90011,6.749101,38.376544,Valid
1,1144.0,,,Gizaw Hailu,100096,6749445.9,38376925.53,Active,4/10/2012,90011,6.749446,38.376926,Valid
1,1146.0,,,Zeritu Zenebe,100097,6748057.983,38377221.18,ACTIVE,4/12/2011,90011,6.748058,38.377221,Valid
1,1148.0,,,Azmera Getahun,100098,6740678.083,38375947.4,Active,4/10/2012,90011,6.740678,38.375947,Valid
1,423.0,,,Talo Buamo,100099,6749758.883,38376941.9,Active,4/10/2012,90011,6.749759,38.376942,Valid
1,1151.0,,,Getachew Woldie,100100,6750105.883,38376784.3,Active,4/10/2012,90011,6.750106,38.376784,Valid
1,1152.0,,,Moges Abebe,100101,6750138.5,38376776.87,Active,4/10/2012,90011,6.750139,38.376777,Valid
1,892.0,,911745340,Mekonnen Tafese,100102,6749074.167,38376619.67,ACTIVE,41-02-012_,90011,6.749074,38.37662,Valid
1,1155.0,,,Zelalem Tadese,100103,6750625.933,38376709.65,Active,4/10/2012,90011,6.750626,38.37671,Valid
1,1156.0,,,Abebech Takele,100104,6750852.317,38376469.23,Active,4/10/2012,90011,6.750852,38.376469,Valid
1,1171.0,,,Tesema Tadese,100105,6751016.567,38376768.77,Active,4/10/2012,90011,6.751017,38.376769,Valid
1,1172.0,,,Bogale Gemeda,100106,6751064.15,38376746.37,Active,4/10/2012,90011,6.751064,38.376746,Valid
1,1173.0,,,Asnakech Getahun,100107,0.0,0.0,DISCONNECT,4/10/2012,90011,,,Missing or Invalid GPS
1,1176.0,,,Gegremaw Hariso,100108,6751380.85,38376434.37,Active,4/10/2012,90011,6.751381,38.376434,Valid
1,430.0,,,Aynalem Mekonnen,100109,6751356.433,38376638.98,ACTIVE,4/12/2011,90011,6.751356,38.376639,Valid
1,950.0,,,Bulbula Borsamo,100110,6751491.733,38376525.88,Active,4/10/2012,90011,6.751492,38.376526,Valid
1,965.0,,,Amenetch Nadamo,100111,6751923.233,38376671.48,Active,4/10/2012,90011,6.751923,38.376671,Valid
1,0.0,,,Shege Bite,100112,6751103.9,38376716.35,Active,4/10/2012,90011,6.751104,38.376716,Valid
1,1183.0,,,Medina Asmamaw,100113,6752192.317,38376547.05,Active,4/10/2012,90011,6.752192,38.376547,Valid
1,993.0,,,Kassa G/Yesus,100114,6752485.733,38375945.87,DISCONNECT,4/10/2012,90011,6.752486,38.375946,Valid
1,0.0,,,Mekides Girma,100115,6754157.133,38375706.98,ACTIVE,4/12/2011,90011,6.754157,38.375707,Valid
1,1187.0,,,Adisu Lameso,100116,6752150.55,38377106.68,Active,4/10/2012,90011,6.752151,38.377107,Valid
1,0.0,,,Assefa Hariso,100117,6751015.467,38377113.42,Active,4/10/2012,90011,6.751015,38.377113,Valid
1,1201.0,,,Melkam Hajamo,100118,6751028.7,38377618.9,ACTIVE,4/12/2011,90011,6.751029,38.377619,Valid
1,903.0,,,Aregash Fete,100119,6750854.9,38377502.55,Active,4/10/2012,90011,6.750855,38.377503,Valid
1,0.0,,,Girma Hariso,100120,6751542.85,38377483.65,Active,4/10/2012,90011,6.751543,38.377484,Valid
1,1213.0,,,Gizaw Abebe,100121,6752801.35,38376524.58,Active,4/10/2012,90011,6.752801,38.376525,Valid
1,41.0,,,Emebet Belete,100122,6750847.483,38377758.42,Active,4/10/2012,90011,6.750847,38.377758,Valid
1,40.0,,,Bogalech Ashagire ,100123,6750708.9,38377599.5,ACTIVE,41-02-012_,90011,6.750709,38.3776,Valid
1,0.0,,,Yilma Tadese,100124,6750550.517,38377661.67,ACTIVE,4/10/2012,90011,6.750551,38.377662,Valid
1,37.0,,,Belay Yirgu,100125,6750078.283,38377177.95,Active,4/10/2012,90011,6.750078,38.377178,Valid
1,0.0,,,Dangaro Shashamo,100126,6749299.033,38377652.4,Active,4/10/2012,90011,6.749299,38.377652,Valid
1,35.0,,,Tigist Alemayehu,100127,6750181.517,38376807.58,Active,4/10/2012,90011,6.750182,38.376808,Valid
1,31.0,,,Mohammed Delbe,100128,6749399.833,38377762.37,Active,4/10/2012,90011,6.7494,38.377762,Valid
1,31.0,,,Mohammed Delbe,100129,6749481.667,38377760.95,Active,4/10/2012,90011,6.749482,38.377761,Valid
1,31.0,,,Mohammed Delbe,100130,6749384.383,38377681.4,Active,4/10/2012,90011,6.749384,38.377681,Valid
1,8.0,,,Getachew Argeta,100131,6748935.4,38377253.92,ACTIVE,4/10/2012,90011,6.748935,38.377254,Valid
1,0.0,,,Daniel Kenbata,100132,6749307.217,38377138.08,Active,4/10/2012,90011,6.749307,38.377138,Valid
1,0.0,,,Jemal Hussein,100133,6749313.867,38377316.07,Active,4/10/2012,90011,6.749314,38.377316,Valid
1,0.0,,,Tafese Nadamo,100134,6749328.217,38377180.8,DISCONNECT,4/10/2012,90011,6.749328,38.377181,Valid
1,3.0,Awada,913233468,Mergiya Bayisa,100135,6750078.283,38377177.95,ACTIVE,41-02-012_,90011,6.750078,38.377178,Valid
1,2.0,,,Alemu W/Kidan,100136,6750276.617,38377275.07,Active,4/10/2012,90011,6.750277,38.377275,Valid
1,9.0,,,Zerfe Tefera,100137,6748635.2,38377299.62,Active,4/10/2012,90011,6.748635,38.3773,Valid
1,10.0,,,Asfaw Eresa,100138,6748240.967,38377948.97,Active,4/10/2012,90011,6.748241,38.377949,Valid
1,13.0,,,Hailu Assele,100139,6747553.583,38377454.77,Active,4/10/2012,90011,6.747554,38.377455,Valid
1,14.0,,,Tarekegn Hameso,100140,6747463.533,38377576.62,Active,4/10/2012,90011,6.747464,38.377577,Valid
1,16.0,,,Tsegaye Buamo,100141,6747526.0,38377617.58,Active,4/10/2012,90011,6.747526,38.377618,Valid
1,17.0,,,Rewda Shurala,100142,6747834.217,38375118.93,ACTIVE,4/10/2012,90011,6.747834,38.375119,Valid
1,18.0,,,Rewda Shurala,100143,6747031.383,38376998.22,Active,4/10/2012,90011,6.747031,38.376998,Valid
1,0.0,,,Apostol Kera Organization,100144,6747511.217,38378058.08,DISCONNECT,4/10/2012,90011,6.747511,38.378058,Valid
1,318.0,,,Atote Mamo,100145,6747645.167,38378058.08,Active,4/10/2012,90011,6.747645,38.378058,Valid
1,,,,Aynalem Eshete,100146,6749087.783,38376782.88,Active,4/10/2012,90011,6.749088,38.376783,Valid
1,29.0,,,Yidnekachew Tesfaye ,100147,6748135.167,38377863.92,ACTIVE,41-02-012_,90011,6.748135,38.377864,Valid
1,30.0,,,Amir W/Gabriel,100148,6747861.417,38377872.1,Active,4/10/2012,90011,6.747861,38.377872,Valid
1,0.0,,,Muluken Tilahun,100149,6747858.883,38377869.32,Active,4/10/2012,90011,6.747859,38.377869,Valid
1,0.0,,,Bogale Hameso,100150,6747680.433,38377969.65,Active,4/10/2012,90011,6.74768,38.37797,Valid
1,46.0,,,Mulugeta Yimer,100151,6746915.983,38377430.57,Active,4/10/2012,90011,6.746916,38.377431,Valid
1,355.0,,,Worku Mosa,100152,6746861.967,38377433.38,Active,4/10/2012,90011,6.746862,38.377433,Valid
1,0.0,,,Kuma Mamo,100153,6745855.233,38377637.18,Active,4/10/2012,90011,6.745855,38.377637,Valid
1,0.0,,,Mahlet Ayel,100154,6746755.2,38377610.35,ACTIVE,4/12/2011,90011,6.746755,38.37761,Valid
1,0.0,,,Solomon Assefa,100155,6746222.467,38377166.15,ACTIVE,4/12/2011,90011,6.746222,38.377166,Valid
1,89.0,,,Zenebe Fekisa,100156,6745605.767,38376750.55,ACTIVE,4/12/2011,90011,6.745606,38.376751,Valid
1,67.0,,,Zeyne Rahmeto,100157,6745509.233,38376634.22,Active,4/10/2012,90011,6.745509,38.376634,Valid
1,0.0,,,Sisay Hailu,100158,6745110.017,38376853.58,DISCONNECT,4/10/2012,90011,6.74511,38.376854,Valid
1,96.0,,,Dechasa Bru,100160,6745277.35,38376778.38,Active,4/10/2012,90011,6.745277,38.376778,Valid
1,0.0,,,Lalo Gemene,100161,6746161.183,38375949.15,Active,4/10/2012,90011,6.746161,38.375949,Valid
1,0.0,,916164861,Tirunesh Tsegaye,100162,6744866.067,38376204.07,ACTIVE,41-02-012_,90011,6.744866,38.376204,Valid
1,81.0,,,Getachew Kaye,100164,6745088.833,38376870.27,Active,4/10/2012,90011,6.745089,38.37687,Valid
1,103.0,,,Mohammed Hussein,100165,6746021.583,38375980.97,DISCONNECT,4/10/2012,90011,6.746022,38.375981,Valid
1,85.0,,,Azalech Hailu,100167,6744412.133,38376002.6,Active,4/10/2012,90011,6.744412,38.376003,Valid
1,154.0,,,Seyid Mohammed,100168,6744421.233,38375997.03,ACTIVE,4/10/2012,90011,6.744421,38.375997,Valid
1,384.0,,,Filate Negaro,100169,6744281.0,38376182.43,Active,4/10/2012,90011,6.744281,38.376182,Valid
1,151.0,,,Awel Hussein,100170,6744489.6,38376703.02,Active,4/10/2012,90011,6.74449,38.376703,Valid
1,0.0,,,Aduna Esatu,100171,6743864.0,38374965.25,Active,4/10/2012,90011,6.743864,38.374965,Valid
1,0.0,,,Siyum Dukemo,100172,6743906.517,38375634.58,Active,4/10/2012,90011,6.743907,38.375635,Valid
1,145.0,,,Miftah Dinku,100173,6743892.033,38375649.4,Active,4/10/2012,90011,6.743892,38.375649,Valid
1,0.0,,,Abdirezak Zeyine ,100174,6743704.067,38375555.62,ACTIVE,41-02-012_,90011,6.743704,38.375556,Valid
1,96.0,,,Bedru Mekasha,100175,6743569.433,38375347.7,Active,4/10/2012,90011,6.743569,38.375348,Valid
1,97.0,Awada,916074467,Asselefech Kasa,100176,6743531.883,38375300.3,ACTIVE,41-22-011_,90011,6.743532,38.3753,Valid
1,100.0,Awada,911739269,Tekle Siyum,100177,6743369.317,38375217.47,ACTIVE,41-02-012_,90011,6.743369,38.375217,Valid
1,136.0,,,Kebebush Hundie,100178,6743238.817,38375205.67,Active,4/10/2012,90011,6.743239,38.375206,Valid
1,135.0,,,Birhanu Adato,100179,6743199.583,38375137.78,Active,4/10/2012,90011,6.7432,38.375138,Valid
1,134.0,Awada,934603874,Ashenafi Haro,100180,6743134.333,38375308.22,ACTIVE,41-02-012_,90011,6.743134,38.375308,Valid
1,133.0,Awada,919657163,Sintayehu Habte,100181,6743085.1,38375068.3,ACTIVE,41-02-012_,90011,6.743085,38.375068,Valid
1,132.0,Awada,911729269,Ashenber Alemayehu,100182,6742875.35,38375036.68,ACTIVE,41-02-012_,90011,6.742875,38.375037,Valid
1,105.0,Awada,903470227,Lema Lebene,100183,6742866.4,38374851.5,ACTIVE,41-02-012_,90011,6.742866,38.374851,Valid
1,111.0,,,Abesha Shukur,100184,6743488.3,38374288.8,Active,4/10/2012,90011,6.743488,38.374289,Valid
1,108.0,,926309766,Etayferahu Tilahun,100185,6742893.8,38374878.03,ACTIVE,4/12/2011,90011,6.742894,38.374878,Valid
1,68.0,Awada,977792293,Etayferahu Eshete,100186,6742891.983,38374810.4,ACTIVE,41-02-012_,90011,6.742892,38.37481,Valid
1,10.0,Awada,912158446,Fantu Gobena,100187,6742575.267,38374710.53,ACTIVE,41-02-012_,90011,6.742575,38.374711,Valid
1,1034.0,Awada,967236001,Getu Tegenu,100188,6742341.533,38374565.13,ACTIVE,41-02-012_,90011,6.742342,38.374565,Valid
1,111.0,Awada,916331964,Dejene Tilahun,100189,6742269.317,38374513.13,ACTIVE,41-02-012_,90011,6.742269,38.374513,Valid
1,175.0,,,Tesema Wakene,100191,6741554.383,38373513.63,Active,4/10/2012,90011,6.741554,38.373514,Valid
1,118.0,Awada,916045198,Biftu Debela,100192,6742517.033,38374705.53,ACTIVE,41-02-012_,90011,6.742517,38.374706,Valid
1,119.0,Awada,926180410,Ayelech Dilnesh,100193,6741888.35,38374268.48,ACTIVE,41-02-012_,90011,6.741888,38.374268,Valid
1,181.0,Awada,912139776,Dawit Qamiso,100194,6741823.683,38374215.93,ACTIVE,41-02-012_,90011,6.741824,38.374216,Valid
1,123.0,Awada,911064452,Melkam Baza,100195,6741633.417,38374025.45,ACTIVE,41-02-012_,90011,6.741633,38.374025,Valid
1,184.0,,,Bilcha Abi,100196,6741599.567,38374016.85,ACTIVE,4/10/2012,90011,6.7416,38.374017,Valid
1,185.0,Awada,910131651,Yeshunesh Assefa,100197,6741766.183,38371370.88,ACTIVE,41-22-011_,90011,6.741766,38.371371,Valid
1,189.0,Awada,916165468,Gebru Demu,100198,6741363.583,38373752.65,ACTIVE,41-02-012_,90011,6.741364,38.373753,Valid
1,190.0,Awada,916049727,Belaynesh Abebe,100199,6741741.883,38374129.8,ACTIVE,41-02-012_,90011,6.741742,38.37413,Valid
1,0.0,Awada,975328767,Q/Selassie B/Christian,100200,6740688.117,38373437.57,ACTIVE,41-02-012_,90011,6.740688,38.373438,Valid
1,0.0,,,Feleke Heqa,100201,6741561.583,38373007.87,Active,4/10/2012,90011,6.741562,38.373008,Valid
1,104.0,Awada,916169745,Mideksa Ido,100202,6738586.433,38372067.92,ACTIVE,41-02-012_,90011,6.738586,38.372068,Valid
1,203.0,Awada,916332669,Ashenafi Lensamo,100203,6740395.067,38372339.28,ACTIVE,41-02-012_,90011,6.740395,38.372339,Valid
1,207.0,Awada,939811357,Ashenber Alemayehu,100204,6738741.0,38372140.55,ACTIVE,41-02-012_,90011,6.738741,38.372141,Valid
1,208.0,Awada,939149276,Moges Boe,100205,6738003.1,38371843.47,ACTIVE,41-02-012_,90011,6.738003,38.371843,Valid
1,209.0,,,Abrehet G/Mariam,100206,6738064.85,38371830.72,Active,4/10/2012,90011,6.738065,38.371831,Valid
1,212.0,,,Tadese Debebe,100207,6737770.583,38371784.37,Active,4/10/2012,90011,6.737771,38.371784,Valid
1,454.0,,934515399,Tura Binbi,100208,6736567.05,38373348.48,ACTIVE,41-02-012_,90011,6.736567,38.373348,Valid
1,227.0,Awada,916168987,Mamo Roma,100209,6736417.45,38373142.0,ACTIVE,41-02-012_,90011,6.736417,38.373142,Valid
1,0.0,,,Getu Gurbe,100210,6736099.617,38373100.32,Active,4/10/2012,90011,6.7361,38.3731,Valid
1,126.0,Awada,913517216,Sintayehu Bilal,100211,6737887.25,38371287.23,ACTIVE,41-02-012_,90011,6.737887,38.371287,Valid
1,169.0,Awada,934735882,Endrias Gebeyehu,100212,6737157.167,38371224.53,ACTIVE,41-02-012_,90011,6.737157,38.371225,Valid
1,168.0,Awada,931503174,Wurqneh Kebede,100213,6736839.683,38371131.07,ACTIVE,41-02-012_,90011,6.73684,38.371131,Valid
1,167.0,,934619908,G/Kristos Ergena,100214,6736671.217,38371220.52,ACTIVE,41-02-012_,90011,6.736671,38.371221,Valid
1,357.0,,910001403,Wonde Kondalo,100215,6736907.483,38371119.25,ACTIVE,41-02-012_,90011,6.736907,38.371119,Valid
1,984.0,,924302827,Wotassa Oromo,100216,6736336.517,38371076.12,ACTIVE,41-02-012_,90011,6.736337,38.371076,Valid
1,0.0,,903800155,Belay Dasa,100217,6736064.583,38370879.97,ACTIVE,41-02-012_,90011,6.736065,38.37088,Valid
1,366.0,,,Mengesha Mamo,100218,6735771.633,38370844.4,Active,4/10/2012,90011,6.735772,38.370844,Valid
1,368.0,,945628401,Hailu Agenahu,100219,6735796.567,38370898.82,ACTIVE,41-02-012_,90011,6.735797,38.370899,Valid
1,111.0,,934735882,Sewmehon Eshete,100220,6733361.967,38378538.12,ACTIVE,41-02-012_,90011,6.733362,38.378538,Valid
1,318.0,,913190559,Bekele Biltu,100221,6735317.833,38370660.98,ACTIVE,41-02-012_,90011,6.735318,38.370661,Valid
1,1006.0,,911078622,Ayele Ataro,100222,6735193.267,38370584.57,ACTIVE,4/12/2011,90011,6.735193,38.370585,Valid
1,319.0,,911078622,Ayele Ataro,100223,6735188.933,38370581.98,ACTIVE,4/12/2011,90011,6.735189,38.370582,Valid
1,0.0,,,Degaga Garsamo,100224,6734908.95,38370258.4,Active,4/10/2012,90011,6.734909,38.370258,Valid
1,228.0,,953361735,Mulugeta Melesse,100225,6735225.367,38371006.75,ACTIVE,41-02-012_,90011,6.735225,38.371007,Valid
1,149.0,,,Abate Argaw,100226,6735146.4,38371018.35,Active,4/10/2012,90011,6.735146,38.371018,Valid
1,250.0,,,Birhanu Shamena,100227,6735060.833,38370786.12,ACTIVE,4/12/2011,90011,6.735061,38.370786,Valid
1,0.0,,916641706,Filate Gurar,100228,6734719.5,38370911.82,ACTIVE,4/12/2011,90011,6.734719,38.370912,Valid
1,0.0,,968650682,Mekuria Legamo,100229,6734707.433,38370891.07,ACTIVE,4/12/2011,90011,6.734707,38.370891,Valid
1,0.0,,913714661,Mekonnen Mekuria,100230,6734572.833,38370799.0,ACTIVE,4/12/2011,90011,6.734573,38.370799,Valid
1,326.0,,,Alemayehu Tafese,100231,6734322.317,38370440.93,Active,4/10/2012,90011,6.734322,38.370441,Valid
1,329.0,,,Teshome Kedela,100232,6734062.9,38370206.0,Active,4/10/2012,90011,6.734063,38.370206,Valid
1,481.0,,,Debessa Qeqebo,100233,6734019.133,38370220.42,Active,4/10/2012,90011,6.734019,38.37022,Valid
1,331.0,,,Geletu Jegerso,100234,6734108.65,38370237.1,Active,4/10/2012,90011,6.734109,38.370237,Valid
1,0.0,,,Girma Buwane,100236,6733371.4,38369982.72,ACTIVE,4/10/2012,90011,6.733371,38.369983,Valid
1,779.0,,,Destaw Kafura,100237,6733240.867,38369971.83,Active,4/10/2012,90011,6.733241,38.369972,Valid
1,449.0,,,Amelo Adisu,100238,6732723.783,38369733.73,Active,4/10/2012,90011,6.732724,38.369734,Valid
1,0.0,,,Asfaw Adisu,100239,6732572.017,38369721.03,Active,4/10/2012,90011,6.732572,38.369721,Valid
1,257.0,,,Dubale Dukemo,100240,6732275.95,38369520.98,Active,4/10/2012,90011,6.732276,38.369521,Valid
1,0.0,,,Yaqob Galfato,100241,6732430.5,38369167.72,Active,4/10/2012,90011,6.732431,38.369168,Valid
1,0.0,,,Yewane M/E/B/Christian,100242,6732545.6,38368513.63,ACTIVE,4/10/2012,90011,6.732546,38.368514,Valid
1,0.0,,,Adventist B/Christian,100243,6731381.933,38369392.5,Active,4/10/2012,90011,6.731382,38.369392,Valid
1,0.0,,9725888169,Tamrat Taye,100244,6735910.083,38370192.25,ACTIVE,4/12/2011,90011,6.73591,38.370192,Valid
1,310.0,,,Merid Ashango,100245,6735919.317,38370183.57,Active,4/10/2012,90011,6.735919,38.370184,Valid
1,305.0,,,Ameno Kalifo,100246,6736150.633,38370350.28,Active,4/10/2012,90011,6.736151,38.37035,Valid
1,304.0,,,Altamo Oromo,100247,6736158.417,38370331.08,Active,4/10/2012,90011,6.736158,38.370331,Valid
1,298.0,,,Aregash Baramo,100248,6736495.867,38370436.4,Active,4/10/2012,90011,6.736496,38.370436,Valid
1,294.0,,,Solomon Mume,100249,6736734.9,38370471.72,Active,4/10/2012,90011,6.736735,38.370472,Valid
1,296.0,,,Aregash Tefera,100250,6736649.183,38370451.5,Active,4/10/2012,90011,6.736649,38.370452,Valid
1,0.0,,,Getachew Gabiso,100251,6736691.083,38370421.02,Active,4/10/2012,90011,6.736691,38.370421,Valid
1,0.0,,,Apostol M/W/B/Christian,100252,0.0,0.0,DISCONNECT,4/10/2012,90011,,,Missing or Invalid GPS
1,0.0,,,Taye Butale,100253,6737367.733,38370664.73,Active,4/10/2012,90011,6.737368,38.370665,Valid
1,345.0,,,Abebe Binbi,100254,6737700.917,38370759.0,Active,4/10/2012,90011,6.737701,38.370759,Valid
1,346.0,,,Abebe Binbi,100255,6737730.45,38370935.0,Active,4/10/2012,90011,6.73773,38.370935,Valid
1,960.0,,,Birhanu Biltu,100256,6737983.183,38371273.45,Active,4/10/2012,90011,6.737983,38.371273,Valid
1,0.0,,,Yohannes Qumato,100257,6737977.45,38371250.97,Active,4/10/2012,90011,6.737977,38.371251,Valid
1,,,,Mekuria G/Yesus,100258,6737942.767,38371201.22,Active,4/10/2012,90011,6.737943,38.371201,Valid
1,,,938076391,Tefaye Tumato,100259,6737952.2,38371200.15,ACTIVE,41-02-012_,90011,6.737952,38.3712,Valid
1,0.0,,,Getu Gezahegn ,100260,6737929.317,38371242.47,ACTIVE,41-02-012_,90011,6.737929,38.371242,Valid
1,516.0,,,Isayas Dube,100261,6738075.667,38371155.68,Active,4/10/2012,90011,6.738076,38.371156,Valid
1,186.0,,,Belachew Harqa,100262,6737840.617,38370894.73,Active,4/10/2012,90011,6.737841,38.370895,Valid
1,369.0,,,Almaz Mergiya,100263,6738143.067,38370924.58,Active,4/10/2012,90011,6.738143,38.370925,Valid
1,197.0,,,Ketema Telila,100264,6738209.933,38370889.35,Active,4/10/2012,90011,6.73821,38.370889,Valid
1,376.0,,,Ferenew Mekuria,100265,6738158.85,38370784.48,Active,4/10/2012,90011,6.738159,38.370784,Valid
1,294.0,,,Mersha Yirgu,100266,6738272.533,38370561.43,Active,4/10/2012,90011,6.738273,38.370561,Valid
1,194.0,,,Tefaye Lema,100267,6738565.367,38371971.35,Active,4/10/2012,90011,6.738565,38.371971,Valid
1,397.0,,,Birhanalem Demse,100268,6738511.083,38370574.5,Active,4/10/2012,90011,6.738511,38.370574,Valid
1,522.0,,911545952,Habtamu Dese,100269,6737157.167,38371224.53,ACTIVE,41-02-012_,90011,6.737157,38.371225,Valid
1,201.0,,,Elfinish Dese,100270,6738479.55,38370714.95,Active,4/10/2012,90011,6.73848,38.370715,Valid
1,524.0,,,Sofia Kechara,100271,6738521.717,38370628.28,ACTIVE,4/10/2012,90011,6.738522,38.370628,Valid
1,203.0,,,Abdik Yimam,100272,6738588.55,38370634.13,ACTIVE,4/12/2011,90011,6.738589,38.370634,Valid
1,526.0,,,Medina Mustefa,100273,6738805.167,38370613.03,DISCONNECT,4/12/2011,90011,6.738805,38.370613,Valid
1,529.0,,916168987,Mamo Roma,100274,6738979.05,38370620.57,ACTIVE,41-02-012_,90011,6.738979,38.370621,Valid
1,249.0,,,Tafese Bute,100275,6739056.233,38370593.9,Active,4/10/2012,90011,6.739056,38.370594,Valid
1,746.0,,,G/Hiwot Ginbo,100276,6739271.483,38370675.4,ACTIVE,4/12/2011,90011,6.739271,38.370675,Valid
1,532.0,,,Tafese Dengso,100277,6739463.6,38370818.73,ACTIVE,4/10/2012,90011,6.739464,38.370819,Valid
1,533.0,,,Yosef Bekele,100278,6738498.1,38371889.98,Active,4/10/2012,90011,6.738498,38.37189,Valid
1,534.0,,,Bizunesh Kasa,100279,0.0,0.0,DISCONNECT,4/10/2012,90011,,,Missing or Invalid GPS
1,535.0,,,10th Adeqa H/Mariam,100280,6739428.717,38371033.25,Active,4/10/2012,90011,6.739429,38.371033,Valid
1,536.0,,,Ayele G/Egziabher,100281,6739592.167,38370158.62,Active,4/10/2012,90011,6.739592,38.370159,Valid
1,0.0,,,Hailu Hanfato,100282,6739586.35,38371277.18,ACTIVE,4/12/2011,90011,6.739586,38.371277,Valid
1,0.0,,,Shenkoru Hanfato,100283,6739664.7,38371367.2,Active,4/10/2012,90011,6.739665,38.371367,Valid
1,1017.0,,,Mengesha Buwane,100284,6739470.8,38362067.55,Active,4/10/2012,90011,6.739471,38.362068,Valid
1,0.0,,,Wubetu Belete,100285,6740483.95,38372119.63,Active,4/10/2012,90011,6.740484,38.37212,Valid
1,602.0,,,Tamrat G/Selassie,100286,6740395.067,38372339.28,Active,4/10/2012,90011,6.740395,38.372339,Valid
1,0.0,,,Hasamo Hameso,100287,6739773.233,38371635.9,ACTIVE,4/12/2011,90011,6.739773,38.371636,Valid
1,255.0,,,Dagim Welasa,100288,6739773.983,38371386.15,Active,4/10/2012,90011,6.739774,38.371386,Valid
1,617.0,,,Lema Abebe,100289,6739803.1,38371067.5,Active,4/10/2012,90011,6.739803,38.371068,Valid
1,502.0,,,Feleke Nenebo,100290,6739868.933,38370785.73,Active,4/10/2012,90011,6.739869,38.370786,Valid
1,1060.0,,,Wendimu Ayele,100291,6739583.433,38371173.93,Active,4/10/2012,90011,6.739583,38.371174,Valid
1,225.0,,,Philipos Rekiso,100292,6739317.467,38370657.98,Active,4/10/2012,90011,6.739317,38.370658,Valid
1,509.0,,,Aschalew Mingiso,100293,6740474.083,38370496.62,Active,4/10/2012,90011,6.740474,38.370497,Valid
1,513.0,,,Talo Deqemo,100294,6739230.033,38370491.2,Active,4/10/2012,90011,6.73923,38.370491,Valid
1,392.0,,,Altamo Mengesha,100295,6738870.6,38370217.82,ACTIVE,4/12/2011,90011,6.738871,38.370218,Valid
1,488.0,,,Latamo Lalego,100296,6739643.45,38372611.62,ACTIVE,4/10/2012,90011,6.739643,38.372612,Valid
1,485.0,,,Habtamu Mekonnen,100297,6738897.5,38369698.65,DISCONNECT,4/10/2012,90011,6.738898,38.369699,Valid
1,482.0,,,Argo Anato,100298,6738647.667,38369628.17,Active,4/10/2012,90011,6.738648,38.369628,Valid
1,0.0,,,Tadese Wengel,100299,6738694.167,38369284.6,Active,4/10/2012,90011,6.738694,38.369285,Valid
1,480.0,,,Worku Demse,100300,6738548.05,38369268.8,Active,4/10/2012,90011,6.738548,38.369269,Valid
1,401.0,,,Abebech Beyene,100301,6738224.65,38369449.53,Active,4/10/2012,90011,6.738225,38.36945,Valid
1,400.0,,,Tomas Shibru,100302,6738299.267,38369565.53,Active,4/10/2012,90011,6.738299,38.369566,Valid
1,214.0,,,Garje Kontamo,100303,6738485.433,38369543.53,Active,4/10/2012,90011,6.738485,38.369544,Valid
1,0.0,,,Emanuel Kakamo,100304,6738355.833,38369691.08,Active,4/10/2012,90011,6.738356,38.369691,Valid
1,175.0,,,Birhanu Gorte,100305,6737770.583,38371784.37,Active,4/10/2012,90011,6.737771,38.371784,Valid
1,0.0,,,Melesse Manino,100306,6738665.817,38369750.17,Active,4/10/2012,90011,6.738666,38.36975,Valid
1,0.0,,,Embako Mulat,100307,6737882.433,38370221.65,Active,4/10/2012,90011,6.737882,38.370222,Valid
1,287.0,,,Tafesse Oromo,100308,6737775.133,38370837.13,Active,4/10/2012,90011,6.737775,38.370837,Valid
1,261.0,,,Belay Tunsisa,100309,6737998.45,38369375.85,Active,4/10/2012,90011,6.737998,38.369376,Valid
1,980.0,,,Tilahun Yuma,100310,6738712.183,38369275.43,Active,4/10/2012,90011,6.738712,38.369275,Valid
1,283.0,,,Bezu Bekele,100311,6738074.667,38369069.48,Active,4/10/2012,90011,6.738075,38.369069,Valid
1,282.0,,,Abiyot Kebede,100312,6737584.533,38368925.23,Active,4/10/2012,90011,6.737585,38.368925,Valid
1,277.0,,,Ashagre Yunka,100313,6737620.117,38368604.42,ACTIVE,4/12/2011,90011,6.73762,38.368604,Valid
1,276.0,,,Bezabih Tira,100314,6737335.083,38368788.73,Active,4/10/2012,90011,6.737335,38.368789,Valid
1,271.0,,,Mekonnen Daye,100315,6736951.583,38368478.9,Active,4/10/2012,90011,6.736952,38.368479,Valid
1,275.0,,,Ashenafi Alito,100316,6736431.183,38368119.08,Active,4/10/2012,90011,6.736431,38.368119,Valid
1,982.0,,,Haro Hankamo,100317,6737800.817,38366393.28,Active,4/10/2012,90011,6.737801,38.366393,Valid
1,0.0,,,Hagos Haro,100318,6737791.717,38366709.6,Active,4/10/2012,90011,6.737792,38.36671,Valid
1,0.0,,,Mamo Lamago,100319,6738170.35,38366998.52,ACTIVE,4/10/2012,90011,6.73817,38.366999,Valid
1,439.0,,,Halala Kapisa,100320,6738125.067,38367825.18,Active,4/10/2012,90011,6.738125,38.367825,Valid
1,411.0,,,Gezahagn Getiso,100321,6737811.55,38368048.28,Active,4/10/2012,90011,6.737812,38.368048,Valid
1,434.0,,,Seyoum Karesa,100322,6737822.65,38368198.13,Active,4/10/2012,90011,6.737823,38.368198,Valid
1,0.0,,,Tizazu Tunsisa,100323,6737710.883,38368337.83,Active,4/10/2012,90011,6.737711,38.368338,Valid
1,233.0,,,Elias Gebiba,100324,6737788.5,38368333.93,Active,4/10/2012,90011,6.737788,38.368334,Valid
1,1052.0,,,Abera Hanfato,100325,6737702.733,38368429.9,Active,4/10/2012,90011,6.737703,38.36843,Valid
1,0.0,,916500559,Yirgu Irango,100326,6737706.883,38368564.08,ACTIVE,4/12/2011,90011,6.737707,38.368564,Valid
1,0.0,,,Eshetu Yirgu,100327,6738756.567,38368711.73,DISCONNECT,4/10/2012,90011,6.738757,38.368712,Valid
1,0.0,,,Legede Bulbula,100328,6738429.783,38369838.73,Active,4/10/2012,90011,6.73843,38.369839,Valid
1,450.0,,,Getachew Haile,100329,6738112.8,38369029.5,Active,4/10/2012,90011,6.738113,38.36903,Valid
1,0.0,,,Hatula Hanjaja,100330,6738567.667,38368957.15,Active,4/10/2012,90011,6.738568,38.368957,Valid
1,467.0,,,Isayas Haramo,100331,6738708.433,38368969.68,Active,4/10/2012,90011,6.738708,38.36897,Valid
1,470.0,,,Tamiru Butala,100332,6738787.133,38368670.35,ACTIVE,4/10/2012,90011,6.738787,38.36867,Valid
1,471.0,,,Shendamo Yinkura,100333,6738827.85,38368584.48,Active,4/10/2012,90011,6.738828,38.368584,Valid
1,0.0,,,Tomas Dawit,100334,0.0,0.0,DISCONNECT,4/10/2012,90011,,,Missing or Invalid GPS
1,461.0,,,Melkamu Markos,100335,6738787.333,38368391.82,Active,4/10/2012,90011,6.738787,38.368392,Valid
1,479.0,,,Abera Ganebo,100336,6739057.883,38369073.55,Active,4/10/2012,90011,6.739058,38.369074,Valid
1,478.0,,,Tujara Shibru,100337,6739207.717,38369070.95,Active,4/10/2012,90011,6.739208,38.369071,Valid
1,491.0,,,Zeyd Ibrahim,100338,6749567.033,38376444.85,Active,4/10/2012,90011,6.749567,38.376445,Valid
1,556.0,,,Samuel Hotesa,100339,6739713.967,38369292.37,ACTIVE,4/12/2011,90011,6.739714,38.369292,Valid
1,233.0,,,Seyoum Mifta,100340,6739628.2,38369464.45,Active,4/10/2012,90011,6.739628,38.369464,Valid
1,235.0,,,Basha Demeke Hailu,100341,6739659.45,38369689.65,Active,4/10/2012,90011,6.739659,38.36969,Valid
1,0.0,,,Menbere Kidane,100342,6739716.25,38369768.22,ACTIVE,4/10/2012,90011,6.739716,38.369768,Valid
1,0.0,,,Dereje Wendifraw,100343,6739695.05,38370001.37,Active,4/10/2012,90011,6.739695,38.370001,Valid
1,0.0,,,Belay Berasa,100344,6740563.85,38370946.48,Active,4/10/2012,90011,6.740564,38.370946,Valid
1,0.0,,,Adisu Abebe,100345,6742169.133,38367094.93,ACTIVE,4/10/2012,90011,6.742169,38.367095,Valid
1,248.0,,,Asegedech Mengesha,100346,6743070.033,38371071.08,ACTIVE,4/10/2012,90011,6.74307,38.371071,Valid
1,0.0,,,Titos Naro,100347,6740097.333,38370748.48,Active,4/10/2012,90011,6.740097,38.370748,Valid
1,0.0,,,Yumura Naro,100348,6740207.7,38370714.25,Active,4/10/2012,90011,6.740208,38.370714,Valid
1,613.0,,,Teshome Getiso,100349,6740382.3,38370822.9,Active,4/10/2012,90011,6.740382,38.370823,Valid
1,571.0,,,Tujura Yirga,100350,6740394.45,38370849.93,Active,4/10/2012,90011,6.740394,38.37085,Valid
1,572.0,,,Adugna Amalo,100351,6740452.567,38370869.88,ACTIVE,41-02-012_,90011,6.740453,38.37087,Valid
1,0.0,,,Belay Rorato,100352,6741612.55,38371053.85,Active,4/10/2012,90011,6.741613,38.371054,Valid
1,607.0,,,Teshome Mengesha,100354,6740338.133,38372879.02,Active,4/10/2012,90011,6.740338,38.372879,Valid
1,674.0,,,Melesse Kassa,100355,6740748.85,38372353.32,Active,4/10/2012,90011,6.740749,38.372353,Valid
1,0.0,,,Shiferaw Wamuka,100356,6740933.167,38372377.22,Active,4/10/2012,90011,6.740933,38.372377,Valid
1,677.0,,,Karamu Oke,100357,6740930.767,38372341.5,Active,4/10/2012,90011,6.740931,38.372341,Valid
1,0.0,,,Dakura Daba,100358,6741054.717,38372431.67,Active,4/10/2012,90011,6.741055,38.372432,Valid
1,679.0,,,Abebe Yeshitla,100359,6741144.917,38372515.3,Active,4/10/2012,90011,6.741145,38.372515,Valid
1,0.0,,,Yohannes Tinato,100360,6741196.083,38372591.53,Active,4/10/2012,90011,6.741196,38.372592,Valid
1,682.0,,,Tsadikan G/Mariam,100361,6741431.5,38372661.58,Active,4/10/2012,90011,6.741432,38.372662,Valid
1,683.0,,,Samuel Sherbo,100362,6741461.35,38372793.1,Active,4/10/2012,90011,6.741461,38.372793,Valid
1,672.0,,,Abebe Hankamo,100363,6741397.567,38372741.13,Active,4/10/2012,90011,6.741398,38.372741,Valid
1,670.0,,,Tariku Kassaye,100364,6741379.4,38373114.57,Active,4/10/2012,90011,6.741379,38.373115,Valid
1,685.0,,,Shibru Gonamo,100365,6741647.85,38372902.57,Active,4/10/2012,90011,6.741648,38.372903,Valid
1,669.0,,,Donka Hameso,100366,6741731.117,38372999.52,Active,4/10/2012,90011,6.741731,38.373,Valid
1,668.0,,,Batso Torba,100367,6741798.767,38373018.78,Active,4/10/2012,90011,6.741799,38.373019,Valid
1,667.0,,,Kebede Berasa,100368,6741858.9,38373080.07,Active,4/10/2012,90011,6.741859,38.37308,Valid
1,0.0,,,Tesfaye Shurubo,100369,6741848.083,38372973.63,ACTIVE,4/12/2011,90011,6.741848,38.372974,Valid
1,666.0,,,Hailu Buntasa,100370,6741983.283,38373167.88,Active,4/10/2012,90011,6.741983,38.373168,Valid
1,957.0,,,Sileshi Ken'a,100371,0.0,0.0,DISCONNECT,4/10/2012,90011,,,Missing or Invalid GPS
1,664.0,,,Binora Buamo,100372,6742125.2,38373364.35,Active,4/10/2012,90011,6.742125,38.373364,Valid
1,0.0,,,Dawit Kamiso,100373,6742391.8,38373711.92,Active,4/10/2012,90011,6.742392,38.373712,Valid
1,782.0,,,Elias Amelo,100374,6743626.783,38373721.25,Active,4/10/2012,90011,6.743627,38.373721,Valid
1,786.0,,913453102,Debebe Biftu,100375,6743626.783,38373721.25,ACTIVE,4/12/2011,90011,6.743627,38.373721,Valid
1,787.0,,,Seyoum Tekle,100376,6743626.783,38373721.25,Active,4/10/2012,90011,6.743627,38.373721,Valid
1,0.0,,,Kanafa Bonja,100377,6743626.783,38373721.25,Active,4/10/2012,90011,6.743627,38.373721,Valid
1,0.0,,,Argiso Doyamo,100378,6742468.15,38373306.72,Active,4/10/2012,90011,6.742468,38.373307,Valid
1,793.0,,,Fikade Hamito,100379,6742652.1,38373013.42,Active,4/10/2012,90011,6.742652,38.373013,Valid
1,794.0,,,Tsegaye Alemu,100380,6742296.267,38373317.0,Active,4/10/2012,90011,6.742296,38.373317,Valid
1,0.0,,,Adawa Doyamo,100381,6742096.65,38373086.63,DISCONNECT,4/10/2012,90011,6.742097,38.373087,Valid
1,0.0,,,Babiso Berasa,100382,6742128.883,38373305.45,Active,4/10/2012,90011,6.742129,38.373305,Valid
1,797.0,,,Ademu Boro,100383,6742115.35,38373182.65,Active,4/10/2012,90011,6.742115,38.373183,Valid
1,0.0,,,Aposto Mesgida,100384,6742266.517,38372648.13,Active,4/10/2012,90011,6.742267,38.372648,Valid
1,690.0,,,Alamaw Demisse,100385,6742514.533,38371521.1,Active,4/10/2012,90011,6.742515,38.371521,Valid
1,692.0,,,Ketema Gerito,100386,6742611.1,38371870.25,Active,4/10/2012,90011,6.742611,38.37187,Valid
1,697.0,,,Tariku Doyamo,100387,6741764.283,38371684.93,Active,4/10/2012,90011,6.741764,38.371685,Valid
1,0.0,,916137056,Didamo Balengo,100388,6741586.75,38371621.92,ACTIVE,4/12/2011,90011,6.741587,38.371622,Valid
1,699.0,,,Mesay Eliya,100389,6741452.333,38371512.37,Active,4/10/2012,90011,6.741452,38.371512,Valid
1,700.0,,,Kelemua Mengesha,100390,6741188.533,38370772.58,Active,4/10/2012,90011,6.741189,38.370773,Valid
1,0.0,,,Temechew Teshome,100391,6743867.55,38370817.85,ACTIVE,4/10/2012,90011,6.743868,38.370818,Valid
1,0.0,,,Telele Melesse,100392,6751402.95,38376706.25,Active,4/10/2012,90011,6.751403,38.376706,Valid
1,0.0,,,Getachew Ledamo,100393,6741126.283,38370772.67,Active,4/10/2012,90011,6.741126,38.370773,Valid
1,0.0,,,Wena Wedera,100394,6741047.217,38370538.98,Active,4/10/2012,90011,6.741047,38.370539,Valid
1,0.0,,,Habteab Sherbo,100395,6741031.5,38370576.82,Active,4/10/2012,90011,6.741032,38.370577,Valid
1,0.0,,,Messelech Matiwos,100396,6741138.233,38370630.68,Active,4/10/2012,90011,6.741138,38.370631,Valid
1,0.0,,,Abera Asfaw,100397,0.0,0.0,DISCONNECT,4/10/2012,90011,,,Missing or Invalid GPS
1,0.0,,,Batso Kanta,100398,6741522.667,38369956.7,Active,4/10/2012,90011,6.741523,38.369957,Valid
1,746.0,,,Sergeant Kasu Assefa,100399,6741595.867,38370017.73,Active,4/10/2012,90011,6.741596,38.370018,Valid
1,721.0,,,Alemayehu Tesfaye,100400,6741635.283,38370390.02,Active,4/10/2012,90011,6.741635,38.37039,Valid
1,0.0,,,Ahmedin Abdela ,100401,6741874.1,38370420.13,ACTIVE,41-02-012_,90011,6.741874,38.37042,Valid
1,724.0,,,Zekariyas Kantamo,100402,6741928.917,38370528.73,Active,4/10/2012,90011,6.741929,38.370529,Valid
1,729.0,,,Yohannes Gabiso,100403,6743686.383,38372236.85,ACTIVE,4/10/2012,90011,6.743686,38.372237,Valid
1,0.0,,,Desta Kebede,100404,6742552.75,38370505.88,Active,4/10/2012,90011,6.742553,38.370506,Valid
1,0.0,,,Mulugeta Kebede,100405,6743561.383,38374561.93,Active,4/10/2012,90011,6.743561,38.374562,Valid
1,0.0,,,Teacher Zegeye Bale,100406,6742773.233,38371011.17,ACTIVE,4/10/2012,90011,6.742773,38.371011,Valid
1,0.0,,,Asesrat Torba,100407,6743094.533,38372726.5,Active,4/10/2012,90011,6.743095,38.372726,Valid
1,0.0,,,W/S/Amar Bati,100408,6741957.967,38371105.13,Active,4/10/2012,90011,6.741958,38.371105,Valid
1,0.0,,,Kasahun Berasa,100409,6727423.667,38368297.68,Active,4/10/2012,90011,6.727424,38.368298,Valid
1,703.0,,,Betso Torba,100410,6741553.15,38370956.62,Active,4/10/2012,90011,6.741553,38.370957,Valid
1,705.0,,,Dawit Dansamo,100411,6742655.833,38372102.42,Active,4/10/2012,90011,6.742656,38.372102,Valid
1,706.0,,,Dejene Alemu,100412,6742124.6,38371192.48,ACTIVE,4/12/2011,90011,6.742125,38.371192,Valid
1,0.0,,913453102,Asrat W/Tsadiq,100413,6743005.817,38374654.5,ACTIVE,4/12/2011,90011,6.743006,38.374654,Valid
1,0.0,,,Shutula Markos,100414,6742541.55,38371485.47,Active,4/10/2012,90011,6.742542,38.371485,Valid
1,0.0,,,Teshome Aynalem,100415,6743072.367,38371679.2,Active,4/10/2012,90011,6.743072,38.371679,Valid
1,0.0,,,Samuel Legesse,100416,6742361.417,38371535.98,ACTIVE,4/10/2012,90011,6.742361,38.371536,Valid
1,753.0,,,Madancha Dangaro,100417,6743087.283,38371566.4,DISCONNECT,4/10/2012,90011,6.743087,38.371566,Valid
1,75.0,,,Gezahagn Worku,100418,6743316.817,38371227.87,Active,4/10/2012,90011,6.743317,38.371228,Valid
1,0.0,,,Alemayehu Assefa,100419,6743622.55,38371255.97,Active,4/10/2012,90011,6.743623,38.371256,Valid
1,823.0,,,Ashenafi Shode,100420,6743307.683,38371398.48,Active,4/10/2012,90011,6.743308,38.371398,Valid
1,0.0,,,Balguda Banata,100421,6743277.783,38371536.9,Active,4/10/2012,90011,6.743278,38.371537,Valid
1,0.0,,,Legede Banata,100422,6742537.017,38371816.95,Active,4/10/2012,90011,6.742537,38.371817,Valid
1,0.0,,,Adunya Hailu,100423,6743224.217,38372090.93,Active,4/10/2012,90011,6.743224,38.372091,Valid
1,0.0,,,Galfato Gatiso,100424,6743410.117,38372168.07,Active,4/10/2012,90011,6.74341,38.372168,Valid
1,848.0,,,Yitagesu Urago,100425,6743559.633,38372284.98,ACTIVE,4/10/2012,90011,6.74356,38.372285,Valid
1,0.0,,,Ashenafi Tumato,100426,6743555.45,38372264.72,Active,4/10/2012,90011,6.743555,38.372265,Valid
1,331.0,,,Alemayehu Nigussie,100427,6744027.617,38372108.53,Active,4/10/2012,90011,6.744028,38.372109,Valid
1,835.0,,,Fota Boe,100428,6743320.633,38374596.72,Active,4/10/2012,90011,6.743321,38.374597,Valid
1,0.0,,,Ayele Mue,100429,6743485.433,38372937.57,Active,4/10/2012,90011,6.743485,38.372938,Valid
1,0.0,,,Adunya Duguna,100430,6743632.217,38372912.95,Active,4/10/2012,90011,6.743632,38.372913,Valid
1,841.0,,,Getachew Yilma,100431,6743368.383,38372810.53,Active,4/10/2012,90011,6.743368,38.372811,Valid
1,877.0,,,Amots Samuel,100432,6743092.633,38373302.33,Active,4/10/2012,90011,6.743093,38.373302,Valid
1,774.0,,,Altamo Yonta,100433,6743161.55,38373020.95,Active,4/10/2012,90011,6.743162,38.373021,Valid
1,0.0,,,Mesele Dengiso,100434,0.0,0.0,DISCONNECT,4/10/2012,90011,,,Missing or Invalid GPS
1,649.0,,,Misale Hariso,100435,6742966.917,38372800.28,Active,4/10/2012,90011,6.742967,38.3728,Valid
1,768.0,,,Solomon Shenkoru,100436,6742972.3,38372774.88,Active,4/10/2012,90011,6.742972,38.372775,Valid
1,849.0,,,Markos Magane,100437,6743103.25,38372440.78,Active,4/10/2012,90011,6.743103,38.372441,Valid
1,850.0,,,Abraham Kayamo,100438,6743820.2,38374371.8,Active,4/10/2012,90011,6.74382,38.374372,Valid
1,994.0,,,Otore Torba,100439,6743772.817,38374215.53,Active,4/10/2012,90011,6.743773,38.374216,Valid
1,0.0,,,Abesha Shikur,100440,6744016.767,38374483.73,Active,4/10/2012,90011,6.744017,38.374484,Valid
1,0.0,,,Gizaw Beyene,100441,6744383.2,38374614.65,Active,4/10/2012,90011,6.744383,38.374615,Valid
1,0.0,,,Tsehay Ashne,100442,6744483.183,38374758.63,Active,4/10/2012,90011,6.744483,38.374759,Valid
1,349.0,,,Kefiyalew Leta,100443,6744538.0,38374902.75,Active,4/10/2012,90011,6.744538,38.374903,Valid
1,0.0,,,Priest Yohannes Adela,100444,6744532.8,38374779.22,Active,4/10/2012,90011,6.744533,38.374779,Valid
1,0.0,,,Achula Naramu,100445,6745791.117,38375506.05,Active,4/10/2012,90011,6.745791,38.375506,Valid
1,892.0,,,Admasu Mune,100446,6745083.6,38377340.87,Active,4/10/2012,90011,6.745084,38.377341,Valid
1,357.0,,,Tesfaye Baharu,100447,6746068.167,38375774.92,Active,4/10/2012,90011,6.746068,38.375775,Valid
1,359.0,,,Elfenesh Alemu,100448,6746237.067,38376012.57,Active,4/10/2012,90011,6.746237,38.376013,Valid
1,934.0,,,Mulunesh Birru,100449,6746227.75,38375829.03,Active,4/10/2012,90011,6.746228,38.375829,Valid
1,0.0,,,Ajute Torba,100450,6746892.317,38374862.62,Active,4/10/2012,90011,6.746892,38.374863,Valid
1,0.0,,,Hiwot Birhan Church,100451,6746998.433,38374985.18,Active,4/10/2012,90011,6.746998,38.374985,Valid
1,0.0,,,Tafesse Nadamo,100452,6747312.417,38375358.22,Active,4/10/2012,90011,6.747312,38.375358,Valid
1,0.0,,,Kedir Ahmed Tira,100453,6746827.767,38375623.9,Active,4/10/2012,90011,6.746828,38.375624,Valid
1,1058.0,,,Ahmed Shifa,100454,6746648.917,38375950.9,DISCONNECT,4/10/2012,90011,6.746649,38.375951,Valid
1,594.0,,,T/Haregay W/Amlak,100455,6746322.7,38375808.07,Active,4/10/2012,90011,6.746323,38.375808,Valid
1,1043.0,,,Murida Shume,100456,6746580.033,38376414.6,Active,4/10/2012,90011,6.74658,38.376415,Valid
1,0.0,,,Bizuneh Mintesnot,100458,6746289.8,38375880.37,Active,4/10/2012,90011,6.74629,38.37588,Valid
1,0.0,,,Etenesh Redi,100459,6746298.3,38375851.77,Active,4/10/2012,90011,6.746298,38.375852,Valid
1,0.0,,,Gesesse Hailu,100460,6746035.567,38376174.38,Active,4/10/2012,90011,6.746036,38.376174,Valid
1,0.0,,,Markos Chune,100461,6747881.667,38376299.23,Active,4/10/2012,90011,6.747882,38.376299,Valid
1,0.0,,,Tadele Tesfaye,100462,6747685.383,38376225.65,Active,4/10/2012,90011,6.747685,38.376226,Valid
1,366.0,,,Lamiso Lankamo,100463,6747450.75,38375861.13,Active,4/10/2012,90011,6.747451,38.375861,Valid
1,0.0,,,Nigussie Tsegaye,100464,6748462.6,38376203.02,ACTIVE,4/10/2012,90011,6.748463,38.376203,Valid
1,1073.0,,,Aposto Betel M/E,100465,6748491.0,38374561.95,ACTIVE,4/12/2011,90011,6.748491,38.374562,Valid
1,1075.0,,916076150,Wolde Boka,100466,6748583.033,38376150.0,ACTIVE,41-22-011_,90011,6.748583,38.37615,Valid
1,1078.0,,,Tefera Mengistu,100467,6749004.733,38376177.3,Active,4/10/2012,90011,6.749005,38.376177,Valid
1,1166.0,,,Yonas Mado,100468,6749298.367,38376461.43,ACTIVE,4/12/2011,90011,6.749298,38.376461,Valid
1,0.0,,,Sara Bogale,100471,6751402.95,38376706.25,ACTIVE,4/12/2011,90011,6.751403,38.376706,Valid
1,0.0,,,Girma Hariso,100472,6750984.833,38376075.72,Active,4/10/2012,90011,6.750985,38.376076,Valid
1,0.0,,,Almaz Benti,100473,6751603.567,38376707.92,Active,4/10/2012,90011,6.751604,38.376708,Valid
1,0.0,,,Hussein Mohammed,100474,6751051.183,38376090.32,Active,4/10/2012,90011,6.751051,38.37609,Valid
1,0.0,,,Mifta Dinku,100476,6751419.983,38375803.12,Active,4/10/2012,90011,6.75142,38.375803,Valid
1,0.0,,,Sheikh Hussein Ali,100478,6751301.75,38376088.92,Active,4/10/2012,90011,6.751302,38.376089,Valid
1,0.0,,,Nigussie Matiwos,100479,6751309.75,38376165.23,ACTIVE,4/12/2011,90011,6.75131,38.376165,Valid
1,0.0,,,Kibru Bekele,100481,6751047.5,38376466.52,Active,4/10/2012,90011,6.751048,38.376467,Valid
1,0.0,,,Ehtayehu Aklilu,100482,6751279.133,38376136.58,Active,4/10/2012,90011,6.751279,38.376137,Valid
1,0.0,,,Hussein Abdella,100483,6751200.3,38376500.73,ACTIVE,4/10/2012,90011,6.7512,38.376501,Valid
1,0.0,,,Mustafa Hussein,100484,6751221.117,38376158.85,Active,4/10/2012,90011,6.751221,38.376159,Valid
1,0.0,,,Achame Danye,100485,6751274.45,38376011.88,Active,4/10/2012,90011,6.751274,38.376012,Valid
1,0.0,,,Metshet Tafesse,100486,6751238.683,38376357.27,ACTIVE,4/10/2012,90011,6.751239,38.376357,Valid
1,0.0,,,Emuye Birhanu,100487,6751868.117,38375134.1,Active,4/10/2012,90011,6.751868,38.375134,Valid
1,0.0,,,Lubaba Seyid,100488,6751686.217,38377405.55,Active,4/10/2012,90011,6.751686,38.377406,Valid
1,0.0,,,Fisseha Beyene,100489,6751361.167,38376135.12,Active,4/10/2012,90011,6.751361,38.376135,Valid
1,0.0,,,Yeweynshet Kassa,100490,6751364.55,38376156.45,ACTIVE,4/10/2012,90011,6.751365,38.376156,Valid
1,0.0,,,Jemal Mohammed,100491,6751383.833,38376173.75,Active,4/10/2012,90011,6.751384,38.376174,Valid
1,0.0,,,Teshele Asfa,100492,6751343.367,38376311.0,Active,4/10/2012,90011,6.751343,38.376311,Valid
1,0.0,,,Nigussie Kinfe,100493,6751390.3,38376321.77,Active,4/10/2012,90011,6.75139,38.376322,Valid
1,0.0,,,Dika Debiso,100494,6751346.15,38376114.95,Active,4/10/2012,90011,6.751346,38.376115,Valid
1,0.0,Stadium,949204909,Sofanit Kassa,100495,6751356.0,38376240.0,ACTIVE,41-02-012_,90011,6.751356,38.37624,Valid
1,0.0,,,Meseret Haile,100496,6751407.067,38376291.43,Active,4/10/2012,90011,6.751407,38.376291,Valid
1,0.0,,920061813,Fatuma Abdi,100497,6751411.533,38376211.42,ACTIVE,41-02-012_,90011,6.751412,38.376211,Valid
1,0.0,,,Yeweyinshet Kassa,100498,6751406.2,38376220.27,Active,4/10/2012,90011,6.751406,38.37622,Valid
1,0.0,,,Yordanos Tekola,100499,6751406.717,38376206.58,Active,4/10/2012,90011,6.751407,38.376207,Valid
1,0.0,,,Aberash Demise ,100500,6756484.083,38376857.85,ACTIVE,41-22-011_,90011,6.756484,38.376858,Valid
1,0.0,,,Tangut Asmare,100501,6751542.617,38376115.03,ACTIVE,4/12/2011,90011,6.751543,38.376115,Valid
1,0.0,,,Adonias Yemishaw,100502,6751768.783,38375163.62,Active,4/10/2012,90011,6.751769,38.375164,Valid
1,0.0,,,Azizi Yelak,100503,6751171.967,38375610.2,ACTIVE,4/12/2011,90011,6.751172,38.37561,Valid
1,0.0,,,Tesfaye W/Gebriel,100504,6751402.95,38376706.25,ACTIVE,4/12/2011,90011,6.751403,38.376706,Valid
1,0.0,,,Eshetu Tuke,100505,6751445.283,38376052.78,Active,4/10/2012,90011,6.751445,38.376053,Valid
1,0.0,,,Semere T/Mariam,100506,6751579.783,38376040.53,Active,4/10/2012,90011,6.75158,38.376041,Valid
1,0.0,,,Mishru Mekonnen,100508,6747214.333,38377151.25,ACTIVE,4/10/2012,90011,6.747214,38.377151,Valid
1,0.0,,,Jeberu Feyisa,100509,6750178.45,38377069.52,DISCONNECT,4/12/2011,90011,6.750178,38.37707,Valid
1,0.0,,,Zemedkun Girma,100510,6741519.1,38373425.87,ACTIVE,4/12/2011,90011,6.741519,38.373426,Valid
1,0.0,,,Ibrahim Abdi,100511,6746765.15,38376887.12,Active,4/10/2012,90011,6.746765,38.376887,Valid
1,0.0,,,Tesfaye Geramo,100512,6739341.65,38369999.02,Active,4/10/2012,90011,6.739342,38.369999,Valid
1,0.0,,,Asegedech Arusa,100513,6743488.717,38375428.9,ACTIVE,4/12/2011,90011,6.743489,38.375429,Valid
1,0.0,,,Nasir Nur,100514,6748984.067,38377265.5,Active,4/10/2012,90011,6.748984,38.377266,Valid
1,0.0,,,Mesele Dengiso,100515,0.0,0.0,DISCONNECT,4/10/2012,90011,,,Missing or Invalid GPS
1,0.0,,,Goytom Dewiso,100516,6747930.417,38375489.22,Active,4/10/2012,90011,6.74793,38.375489,Valid
1,0.0,,,Habtish Haile,100517,6747886.1,38375368.42,Active,4/10/2012,90011,6.747886,38.375368,Valid
1,0.0,,,Solomon Fichamo,100518,6743273.817,38370977.58,Active,4/10/2012,90011,6.743274,38.370978,Valid
1,0.0,,,Bushura Yema,100519,6732878.25,38370130.2,Active,4/10/2012,90011,6.732878,38.37013,Valid
1,0.0,,,Kassa Kayamo,100520,6735708.517,38373286.02,Active,4/10/2012,90011,6.735709,38.373286,Valid
1,0.0,,,Dassa Bekure,100521,6735735.583,38373299.97,Active,4/10/2012,90011,6.735736,38.3733,Valid
1,0.0,,,Abdiku Yimam,100522,6738678.083,38371694.08,DISCONNECT,4/10/2012,90011,6.738678,38.371694,Valid
1,0.0,,911078622,Kebele Dabo Bet,100523,6739522.383,38371923.33,ACTIVE,4/12/2011,90011,6.739522,38.371923,Valid
1,0.0,,,Assefa Addis,100524,6740458.15,38370880.52,Active,4/10/2012,90011,6.740458,38.370881,Valid
1,0.0,,,Jobola Shibru,100525,6743100.9,38373290.43,Active,4/10/2012,90011,6.743101,38.37329,Valid
1,0.0,,,Yeweyneshet Kassa,100526,6751591.5,38376233.28,ACTIVE,4/10/2012,90011,6.751591,38.376233,Valid
1,0.0,,,Tomas Haile,100527,6743879.817,38374923.12,ACTIVE,4/12/2011,90011,6.74388,38.374923,Valid
1,0.0,,,Teshale Tefera,100528,6743641.217,38375472.57,Active,4/10/2012,90011,6.743641,38.375473,Valid
1,0.0,,,Tamrat Tesfaye,100529,6743533.95,38374508.87,Active,4/10/2012,90011,6.743534,38.374509,Valid
1,0.0,,,Behayilu Argiso,100530,6736467.033,38371073.9,Active,4/10/2012,90011,6.736467,38.371074,Valid
1,0.0,,,Hayamo Hamaro,100531,6734857.883,38370869.78,Active,4/10/2012,90011,6.734858,38.37087,Valid
1,0.0,,,Arega Kinbicho,100532,6732337.333,38370105.1,Active,4/10/2012,90011,6.732337,38.370105,Valid
1,0.0,,911793532,Getish Fantu,100533,6742583.117,38374715.72,ACTIVE,41-02-012_,90011,6.742583,38.374716,Valid
1,0.0,,,Azalech Gebru,100534,6741435.45,38373865.47,Active,4/10/2012,90011,6.741435,38.373865,Valid
1,,,,Borshe Hamito,100535,6740395.067,38372339.28,ACTIVE,4/10/2012,90011,6.740395,38.372339,Valid
1,,,,Sisay Deboche,100536,6742468.983,38374594.53,Active,4/10/2012,90011,6.742469,38.374595,Valid
1,,,,Mesele Marmaro,100537,6736630.817,38372955.7,Active,4/10/2012,90011,6.736631,38.372956,Valid
1,,,913525907,Tarekegn Talo,100538,6743484.583,38376015.98,ACTIVE,4/12/2011,90011,6.743485,38.376016,Valid
1,,,,Mesfin Asfaw,100539,6748965.517,38377338.0,Active,4/10/2012,90011,6.748966,38.377338,Valid
1,,,,Bizuneh Garsana,100540,6751451.15,38377882.0,Active,4/10/2012,90011,6.751451,38.377882,Valid
1,,,,Teshome Kumalo,100541,6754827.483,38375839.92,Active,4/10/2012,90011,6.754827,38.37584,Valid
1,,,,Meto Doke,100542,6756480.133,38376704.52,Active,4/10/2012,90011,6.75648,38.376705,Valid
1,,,,Mesele Tinsa,100543,6758224.8,38376932.65,Active,4/10/2012,90011,6.758225,38.376933,Valid
1,,,,Markos Garje,100544,6758480.017,38377134.7,Active,4/10/2012,90011,6.75848,38.377135,Valid
1,,,,Belay Yirgu,100545,6758638.067,38377392.63,ACTIVE,4/12/2011,90011,6.758638,38.377393,Valid
1,,,,Mufato Kakabo,100546,6757152.367,38376931.72,Active,4/10/2012,90011,6.757152,38.376932,Valid
1,,,,Sahdo Mohammed,100547,6736598.417,38372934.37,Active,4/10/2012,90011,6.736598,38.372934,Valid
1,,,,Marufa Buna,100548,6736785.2,38373708.23,Active,4/10/2012,90011,6.736785,38.373708,Valid
1,,,,Hagos Hatiya,100549,6733003.117,38370234.63,Active,4/10/2012,90011,6.733003,38.370235,Valid
1,,,,Zegeye Hobye,100550,6731841.667,38369795.87,Active,4/10/2012,90011,6.731842,38.369796,Valid
1,,,,Aposto 2nd Level School No. 1,100551,6742611.783,38371883.15,ACTIVE,4/10/2012,90011,6.742612,38.371883,Valid
1,,,,Aposto 2nd Level School No. 2,100552,6742085.85,38371481.53,ACTIVE,4/10/2012,90011,6.742086,38.371482,Valid
1,,,,Yekatit 25 School,100553,6735841.65,38371070.48,ACTIVE,4/10/2012,90011,6.735842,38.37107,Valid
1,,,,Wondo Trade Company,100554,0.0,0.0,DISCONNECT,4/10/2012,90011,,,Missing or Invalid GPS
1,,,,Beteseb Memiriya ,100555,6747979.483,38377289.2,Active,4/10/2012,90011,6.747979,38.377289,Valid
1,,Awada,916070695,South Police College Q. 1,100556,0.0,0.0,ACTIVE,41-02-012_,90011,,,Missing or Invalid GPS
1,,Awada,916070695,South Police College Q. 2,100557,6738817.617,38368380.55,ACTIVE,41-02-012_,90011,6.738818,38.368381,Valid
1,,,,Hawassa U/Awada K.A. Aposto Site Q.2,100558,6751491.733,38375838.75,ACTIVE,4/10/2012,90011,6.751492,38.375839,Valid
1,,,,Kegena Akababi,100559,0.0,0.0,DISCONNECT,4/10/2012,90011,,,Missing or Invalid GPS
1,,,,Mulugeta Kenchela,100561,6733642.367,38370106.0,Active,4/10/2012,90011,6.733642,38.370106,Valid
1,,,,Mulugeta Kenchela,100562,0.0,0.0,TERMINATE,4/10/2012,90011,,,Missing or Invalid GPS
1,,,,Abebayu Balguda,100563,6738074.317,38369240.13,Active,4/10/2012,90011,6.738074,38.36924,Valid
1,,,,Sebon Mohammed,100568,6747946.383,38374611.58,ACTIVE,4/10/2012,90011,6.747946,38.374612,Valid
1,,,,Bizuneh Garsamo,100570,0.0,0.0,TERMINATE,4/10/2012,90011,,,Missing or Invalid GPS
1,,,,Hagos Hatiya,100571,0.0,0.0,TERMINATE,4/10/2012,90011,,,Missing or Invalid GPS
1,,,,Zelalem Girma,100572,6743169.717,38373215.27,ACTIVE,4/10/2012,90011,6.74317,38.373215,Valid
1,,,,Melesse Mermero,100573,0.0,0.0,TERMINATE,4/10/2012,90011,,,Missing or Invalid GPS
1,,,,Habtish Hailu,100576,0.0,0.0,TERMINATE,4/10/2012,90011,,,Missing or Invalid GPS
1,,,,Ali Hussein,100577,6742462.433,38373168.58,Active,4/10/2012,90011,6.742462,38.373169,Valid
1,,,,Seyid Mohammed,100578,0.0,0.0,TERMINATE,4/10/2012,90011,,,Missing or Invalid GPS
1,,,,Mengesha Ogamo,100580,6744307.783,38374648.9,Active,4/10/2012,90011,6.744308,38.374649,Valid
1,,,,Kedir Reda,100581,6752448.633,38376285.93,Active,4/10/2012,90011,6.752449,38.376286,Valid
1,,,,Bizunesh Kumalo,100582,6754408.55,38375693.95,Active,4/10/2012,90011,6.754409,38.375694,Valid
1,,,,Bekele Argeso,100583,6742710.267,38371848.48,ACTIVE,4/10/2012,90011,6.74271,38.371848,Valid
1,,,,Tsegayu Shure,100584,6743349.7,38371251.27,Active,4/10/2012,90011,6.74335,38.371251,Valid
1,,,,Kassa G/Yes,100585,6752484.533,38376077.15,Active,4/10/2012,90011,6.752485,38.376077,Valid
1,,,,Sirbamo Shibru,100586,6755162.55,38375988.73,Active,4/10/2012,90011,6.755163,38.375989,Valid
1,,,,Hayamo Hamaro,100587,0.0,0.0,TERMINATE,4/10/2012,90011,,,Missing or Invalid GPS
1,,,,Zegeye Hobye,100588,0.0,0.0,TERMINATE,4/10/2012,90011,,,Missing or Invalid GPS
1,,,,Adanech Ataro,100589,6740897.567,38370323.45,Active,4/10/2012,90011,6.740898,38.370323,Valid
1,,,,Habtamu Dese,100590,6737332.267,38371416.48,Active,4/10/2012,90011,6.737332,38.371416,Valid
1,,,919399377,Azmera Alemayehu,100591,6743598.233,38374190.77,ACTIVE,41-02-012_,90011,6.743598,38.374191,Valid
1,,,,Gesesse Hailu,100592,0.0,0.0,TERMINATE,4/10/2012,90011,,,Missing or Invalid GPS
1,,,,Gesesse Hailu,100593,0.0,0.0,TERMINATE,4/10/2012,90011,,,Missing or Invalid GPS
1,,,,Gesesse Hailu,100594,6745255.55,38376634.08,Active,4/10/2012,90011,6.745256,38.376634,Valid
1,,,,Wote Tiro,100595,6744490.683,38375575.97,Active,4/10/2012,90011,6.744491,38.375576,Valid
1,,,,Ayalew Assefa,100596,6751413.5,38376061.78,Active,4/10/2012,90011,6.751413,38.376062,Valid
1,,,,Chaka Hoyosa,100597,6746173.15,38376233.22,Active,4/10/2012,90011,6.746173,38.376233,Valid
1,,,,Bizunesh Kumalo,100599,0.0,0.0,TERMINATE,4/10/2012,90011,,,Missing or Invalid GPS
1,,,,Abdiku Yimam,100601,0.0,0.0,TERMINATE,4/10/2012,90011,,,Missing or Invalid GPS
1,,,,Mufeto Kakao,100602,0.0,0.0,TERMINATE,4/10/2012,90011,,,Missing or Invalid GPS
1,,,,Asfa Adisu,100603,0.0,0.0,TERMINATE,4/10/2012,90011,,,Missing or Invalid GPS
1,,,,Almawu Demisse,100614,6750813.483,38377090.83,Active,4/10/2012,90011,6.750813,38.377091,Valid
1,,,,Tesfaye Kebede,100615,6741980.583,38371053.77,Active,4/10/2012,90011,6.741981,38.371054,Valid
1,,,,Marmaro Hoshe,100616,6736682.633,38372671.32,Active,4/10/2012,90011,6.736683,38.372671,Valid
1,,,,Muluneh Shilo,100617,6744144.117,38374633.73,Active,4/10/2012,90011,6.744144,38.374634,Valid
1,,,,Etagu Kebede,100618,6751328.833,38377972.3,Active,4/10/2012,90011,6.751329,38.377972,Valid
1,,,,Birhanu Assefa,100619,6741437.75,38372810.0,Active,4/10/2012,90011,6.741438,38.37281,Valid
1,,,,Degife Bifeto,100620,6742757.017,38371236.88,Active,4/10/2012,90011,6.742757,38.371237,Valid
1,,,,Yilma Abebe,100621,6733794.117,38370511.13,Active,4/10/2012,90011,6.733794,38.370511,Valid
1,,,,Dr. Fisseha G/Aab 01,100628,6751488.583,38375983.93,Active,4/10/2012,90011,6.751489,38.375984,Valid
1,,,,Dr. Fisseha G/Aab No. 2,100629,6751568.05,38376008.12,Active,4/10/2012,90011,6.751568,38.376008,Valid
1,,,,Dr. Fisseha G/Aab 03,100630,6752805.95,38376697.93,ACTIVE,4/10/2012,90011,6.752806,38.376698,Valid
1,,,,Dr. Fisseha G/Aab 04,100631,6751522.05,38376005.07,ACTIVE,4/10/2012,90011,6.751522,38.376005,Valid
1,,,,Dr. Fisseha G/Aab 05,100632,6751498.75,38376015.33,Active,4/10/2012,90011,6.751499,38.376015,Valid
1,,,,Dr. Fisseha G/Aab 06,100633,6751406.55,38375896.48,Active,4/10/2012,90011,6.751407,38.375896,Valid
1,,,,Dr. Fisseha G/Aab 07,100634,6751418.717,38375935.82,Active,4/10/2012,90011,6.751419,38.375936,Valid
1,,,,Dr. Fisseha G/Aab 08,100635,6751273.133,38375927.53,Active,4/10/2012,90011,6.751273,38.375928,Valid
1,,,,Dr. Fisseha G/Aab 09,100636,6751416.25,38376037.97,Active,4/10/2012,90011,6.751416,38.376038,Valid
1,,,,Dr. Fisseha G/Aab 10,100637,6751399.667,38375962.85,Active,4/10/2012,90011,6.7514,38.375963,Valid
1,,,,Matiwos Gebiso,100638,6745084.883,38376923.9,Active,4/10/2012,90011,6.745085,38.376924,Valid
1,,,,Elias Boche,100640,6743612.0,38375519.75,Active,4/10/2012,90011,6.743612,38.37552,Valid
1,,,,Andualem Gulilat,100641,6751431.967,38376191.95,Active,4/10/2012,90011,6.751432,38.376192,Valid
1,,,,Abraham Abaeshe,100647,6755159.15,38375991.92,ACTIVE,4/10/2012,90011,6.755159,38.375992,Valid
1,,,,Tomas Haile,100648,6751137.717,38377087.2,ACTIVE,4/12/2011,90011,6.751138,38.377087,Valid
1,,,,Asamnew Alemu,100649,6755162.55,38375988.73,Active,4/10/2012,90011,6.755163,38.375989,Valid
1,,,,Shamil Mohammed,100650,6749960.733,38377528.08,Active,4/10/2012,90011,6.749961,38.377528,Valid
1,,,,Amir W/Gebriel,100651,6750316.733,38375761.2,Active,4/10/2012,90011,6.750317,38.375761,Valid
1,,,,Mulugeta Kebede,100653,6742745.283,38370854.78,ACTIVE,4/10/2012,90011,6.742745,38.370855,Valid
1,,,,Bekele Roma,100654,6736845.9,38372437.83,Active,4/10/2012,90011,6.736846,38.372438,Valid
1,,,,Pastor Lema Shalamo,100655,6733878.383,38370511.58,Active,4/10/2012,90011,6.733878,38.370512,Valid
1,,,,Mengesha Buchacha,100656,6758027.917,38376834.73,Active,4/10/2012,90011,6.758028,38.376835,Valid
1,,,,Belay Simeno,100657,6732351.133,38369075.28,Active,4/10/2012,90011,6.732351,38.369075,Valid
1,,,,Taye Danshe,100658,6738374.067,38371690.65,Active,4/10/2012,90011,6.738374,38.371691,Valid
1,,,,Selam Bloket,100659,6751123.817,38378696.18,Active,4/10/2012,90011,6.751124,38.378696,Valid
1,,,,Merihun Tafesse,100660,6751083.483,38376095.78,ACTIVE,4/10/2012,90011,6.751083,38.376096,Valid
1,,,,Atalelech Zeleke,100661,6744926.617,38375977.6,Active,4/10/2012,90011,6.744927,38.375978,Valid
1,,,,Hussein Seman,100662,6745797.283,38377706.9,Active,4/10/2012,90011,6.745797,38.377707,Valid
1,,,9115580848,Solomon Doba,100663,6742118.833,38374352.07,ACTIVE,41-02-012_,90011,6.742119,38.374352,Valid
1,,,,Kembata Shelemo,100665,6745896.817,38375609.13,ACTIVE,4/12/2011,90011,6.745897,38.375609,Valid
1,,,,Getachew Gabiso,100666,6735995.6,38367708.13,Active,4/10/2012,90011,6.735996,38.367708,Valid
1,,,,Mekbib Alemu,100667,6745635.15,38376085.1,Active,4/10/2012,90011,6.745635,38.376085,Valid
1,,,,Kedir Chaka,100668,6744469.667,38376509.83,Active,4/10/2012,90011,6.74447,38.37651,Valid
1,,,,Kegena and akababi Ag/Geb/Hu/Me/H/S/Mahber,100669,0.0,0.0,DISCONNECT,4/10/2012,90011,,,Missing or Invalid GPS
1,,,,Markos Mengesha,100670,6751152.033,38378011.08,Active,4/10/2012,90011,6.751152,38.378011,Valid
1,,,,Abebe Bankurso,100671,6756883.983,38377061.92,ACTIVE,4/10/2012,90011,6.756884,38.377062,Valid
1,,,,Mulugeta Argiso,100672,6742563.517,38370131.12,Active,4/10/2012,90011,6.742564,38.370131,Valid
1,,,,Tomas Lale,100673,6743634.433,38372961.77,Active,4/10/2012,90011,6.743634,38.372962,Valid
1,,,,Mengesha Lema,100674,6736355.85,38368175.87,Active,4/10/2012,90011,6.736356,38.368176,Valid
1,,,,Genet Getaneh,100675,6745152.117,38377026.98,Active,4/10/2012,90011,6.745152,38.377027,Valid
1,,,,Hawa Mohammed,100676,6749455.133,38376933.0,Active,4/10/2012,90011,6.749455,38.376933,Valid
1,,,,Ashne Abraham,100678,6743598.233,38374190.77,Active,4/10/2012,90011,6.743598,38.374191,Valid
1,,,,Melaku Boro,100679,6742975.75,38372091.22,Active,4/10/2012,90011,6.742976,38.372091,Valid
1,,,,Mengistu Dafursa,100680,6740400.533,38372332.82,Active,4/10/2012,90011,6.740401,38.372333,Valid
1,,,,Fanaye Senbeto,100682,6742646.767,38371024.38,Active,4/10/2012,90011,6.742647,38.371024,Valid
1,,,,Senbete Asele,100683,6748884.0,38377793.27,Active,4/10/2012,90011,6.748884,38.377793,Valid
1,,,,Samuel Kebede,100684,0.0,0.0,DISCONNECT,4/10/2012,90011,,,Missing or Invalid GPS
1,,,,Tadesse Haramo,100685,6742980.983,38370512.35,Active,4/10/2012,90011,6.742981,38.370512,Valid
1,,,910306241,Fekede Yirga,100686,6746252.417,38374881.95,ACTIVE,41-02-012_,90011,6.746252,38.374882,Valid
1,,,,Meskerem Birhanu,100687,6746428.367,38374967.18,Active,4/10/2012,90011,6.746428,38.374967,Valid
1,,,,Alemayehu Alemu,100688,6737156.3,38368528.8,Active,4/10/2012,90011,6.737156,38.368529,Valid
1,,,,Abraham Lamiso,100689,6751584.3,38377007.3,Active,4/10/2012,90011,6.751584,38.377007,Valid
1,,,,Tsegaye Shoda,100690,6731712.117,38369744.87,Active,4/10/2012,90011,6.731712,38.369745,Valid
1,,,,Betso Dumoso,100691,6746647.133,38375175.58,Active,4/10/2012,90011,6.746647,38.375176,Valid
1,,,,Mekonnen W/Aregay,100692,6733118.3,38369920.35,Active,4/10/2012,90011,6.733118,38.36992,Valid
1,,,,Tunsisa Shashamo,100693,6758513.367,38377338.83,Active,4/10/2012,90011,6.758513,38.377339,Valid
1,,,,Talo Fita,100694,6742655.833,38372102.42,Active,4/10/2012,90011,6.742656,38.372102,Valid
1,,,,Solomon Banata,100695,6740830.95,38370407.12,Active,4/10/2012,90011,6.740831,38.370407,Valid
1,,,983651041,Ashenafi Oromo,100696,6736467.033,38371073.9,ACTIVE,41-02-012_,90011,6.736467,38.371074,Valid
1,,,,Belay Aliko,100697,6737331.2,38369213.25,Active,4/10/2012,90011,6.737331,38.369213,Valid
1,,,,Zinash Degu,100698,0.0,0.0,DISCONNECT,4/10/2012,90011,,,Missing or Invalid GPS
1,,,988873410,Dansamo Bukure,100699,6735331.767,38373057.83,ACTIVE,41-02-012_,90011,6.735332,38.373058,Valid
1,,,,Wubetu Tsegaye,100700,6748448.5,38374546.67,Active,4/10/2012,90011,6.748449,38.374547,Valid
1,,,,Bekele Mute,100701,6731845.3,38369792.13,Active,4/10/2012,90011,6.731845,38.369792,Valid
1,,,,Bekele Shelemo,100702,6738223.667,38371610.35,DISCONNECT,4/10/2012,90011,6.738224,38.37161,Valid
1,,,,Bekele Argiso,100703,6741612.55,38371053.85,Active,4/10/2012,90011,6.741613,38.371054,Valid
1,,,,A/M/T/K/S/Church,100704,6741525.867,38372716.17,Active,4/10/2012,90011,6.741526,38.372716,Valid
1,,,,Nebiyu Birhanu,100705,6743809.6,38375516.15,Active,4/10/2012,90011,6.74381,38.375516,Valid
1,,,,Derese Yokamo,100706,6741017.483,38370724.33,Active,4/10/2012,90011,6.741017,38.370724,Valid
1,,,,Tigist Mesele,100707,6746400.133,38376658.15,Active,4/10/2012,90011,6.7464,38.376658,Valid
1,,,,Yonas Lema,100708,6742004.117,38370460.9,ACTIVE,4/10/2012,90011,6.742004,38.370461,Valid
1,,,,Bizuneh Bafena,100709,6747986.9,38374949.02,Active,4/10/2012,90011,6.747987,38.374949,Valid
1,,,,Legede Banata,100710,6743664.167,38372934.17,Active,4/10/2012,90011,6.743664,38.372934,Valid
1,,,,Kebede Baramo,100711,6742220.367,38374133.25,Active,4/10/2012,90011,6.74222,38.374133,Valid
1,,,,Seyid Boe,100712,6743686.383,38372236.85,Active,4/10/2012,90011,6.743686,38.372237,Valid
1,,,,Daniel Tekemo,100713,6742990.933,38370420.23,Active,4/10/2012,90011,6.742991,38.37042,Valid
1,,,,Desalegn Adela,100714,6744806.083,38370467.07,Active,4/10/2012,90011,6.744806,38.370467,Valid
1,,,,Edget Esayas,100715,6743275.75,38370928.72,Active,4/10/2012,90011,6.743276,38.370929,Valid
1,,,,Demeke W/Emanuel,100716,6739989.983,38372075.87,Active,4/10/2012,90011,6.73999,38.372076,Valid
1,,,,Teshale Samuel,100717,6740395.067,38372339.28,Active,4/10/2012,90011,6.740395,38.372339,Valid
1,,,,Roman Mekuria,100718,6748737.3,38376201.4,Active,4/10/2012,90011,6.748737,38.376201,Valid
1,,,,Beza Arusi,100719,6741753.483,38374082.77,Active,4/10/2012,90011,6.741753,38.374083,Valid
1,,,,Farman Fochocha,100720,6743484.583,38376015.98,Active,4/10/2012,90011,6.743485,38.376016,Valid
1,,,,Esayas Getahun,100721,6734200.3,38370629.53,Active,4/10/2012,90011,6.7342,38.37063,Valid
1,,,,Belaynesh Bekele,100722,6745796.183,38377498.18,Active,4/10/2012,90011,6.745796,38.377498,Valid
1,,,916402856,Umer Borode,100723,6743872.533,38370827.85,ACTIVE,41-02-012_,90011,6.743873,38.370828,Valid
1,,,,Adanech Kamiso,100724,6746133.433,38378131.92,Active,4/10/2012,90011,6.746133,38.378132,Valid
1,,,,Kasahun Shibru,100725,6745888.317,38377664.07,Active,4/10/2012,90011,6.745888,38.377664,Valid
1,,,,Kifle Kia,100726,6737972.75,38367233.6,Active,4/10/2012,90011,6.737973,38.367234,Valid
1,,,,Eshetu Elias,100727,6732928.633,38369833.33,Active,4/10/2012,90011,6.732929,38.369833,Valid
1,,,,Melesse Duguna,100728,6738877.55,38368328.65,ACTIVE,4/10/2012,90011,6.738878,38.368329,Valid
1,,,,Delelegn Dansamo,100729,6749113.517,38377040.4,ACTIVE,4/10/2012,90011,6.749114,38.37704,Valid
1,,,,Dinkayhu G/Hawariyat,100730,6736830.017,38372440.78,Active,4/10/2012,90011,6.73683,38.372441,Valid
1,,,,Mulu Bekele,100731,6734262.683,38370389.43,Active,4/10/2012,90011,6.734263,38.370389,Valid
1,,,,Sunbaso Karso,100732,6744177.617,38375457.4,Active,4/10/2012,90011,6.744178,38.375457,Valid
1,,,,Dotora Aklilu,100733,6756678.433,38378267.6,Active,4/10/2012,90011,6.756678,38.378268,Valid
1,,,,Melesse Yuna,100734,0.0,0.0,DISCONNECT,4/10/2012,90011,,,Missing or Invalid GPS
1,,,,Sintayhu Bulbula,100735,6745745.033,38377707.22,Active,4/10/2012,90011,6.745745,38.377707,Valid
1,,,,Michael Abebe,100736,6732921.767,38370139.93,Active,4/10/2012,90011,6.732922,38.37014,Valid
1,,,,Hailu Torba,100737,6743264.55,38370937.22,Active,4/10/2012,90011,6.743265,38.370937,Valid
1,,,,Elfenesh Teka,100738,6740048.633,38372185.55,Active,4/10/2012,90011,6.740049,38.372186,Valid
1,,,,Gesesse Kechara,100739,6739361.583,38370765.53,ACTIVE,4/10/2012,90011,6.739362,38.370766,Valid
1,,,,Dagnachew Hobye,100740,6732078.5,38369464.87,Active,4/10/2012,90011,6.732079,38.369465,Valid
1,,Awada,916070695,South Police College Q. 4,100741,6732353.283,38367870.5,ACTIVE,41-02-012_,90011,6.732353,38.367871,Valid
1,,Awada,916070695,South Police College Q. 5,100742,6734052.583,38367455.23,ACTIVE,41-02-012_,90011,6.734053,38.367455,Valid
1,,,,Derese Lankamo,100743,6744932.733,38374568.42,Active,4/10/2012,90011,6.744933,38.374568,Valid
1,,,,Nigatu Kibret,100744,6738185.217,38370802.93,Active,4/10/2012,90011,6.738185,38.370803,Valid
1,,,,Enanu Alemu,100745,6745051.7,38374954.85,Active,4/10/2012,90011,6.745052,38.374955,Valid
1,,,,Zenebe Fetisa,100746,6745371.883,38375327.0,Active,4/10/2012,90011,6.745372,38.375327,Valid
1,,,,Biruk Esayas,100747,6734219.967,38367884.9,Active,4/10/2012,90011,6.73422,38.367885,Valid
1,,,,Milkyte Mileta,100748,6739625.383,38369884.78,Active,4/10/2012,90011,6.739625,38.369885,Valid
1,,,,Tesfaye Batso,100749,6740558.783,38372793.38,Active,4/10/2012,90011,6.740559,38.372793,Valid
1,,,,Yuma Yunkura,100750,6737490.067,38370782.63,Active,4/10/2012,90011,6.73749,38.370783,Valid
1,,,,Nuredin Amid,100751,0.0,0.0,DISCONNECT,4/10/2012,90011,,,Missing or Invalid GPS
1,,,,Emanuel Argeta,100752,6751413.767,38376988.13,Active,4/10/2012,90011,6.751414,38.376988,Valid
1,,,,Munit Tadesse,100753,6742811.35,38375663.62,Active,4/10/2012,90011,6.742811,38.375664,Valid
1,,,,Bezu Haile,100754,6756661.167,38376876.08,Active,4/10/2012,90011,6.756661,38.376876,Valid
1,,,,Birhalem Demisse,100755,6738586.567,38371735.88,Active,4/10/2012,90011,6.738587,38.371736,Valid
1,,,,D/E/R/Asteyayet Git,100756,6734028.05,38367797.68,Active,4/10/2012,90011,6.734028,38.367798,Valid
1,,,,Yeshiwork Teshome,100757,6741751.317,38374360.55,Active,4/10/2012,90011,6.741751,38.374361,Valid
1,,,,Yokamo Yuma,100758,6758023.683,38376439.08,ACTIVE,4/10/2012,90011,6.758024,38.376439,Valid
1,,,,Kifle Kia,100759,6735637.517,38370327.97,Active,4/10/2012,90011,6.735638,38.370328,Valid
1,,,,Markos Chune,100760,6752044.517,38376603.7,Active,4/10/2012,90011,6.752045,38.376604,Valid
1,,,,Dirba Assefa,100761,6738507.4,38371679.2,Active,4/10/2012,90011,6.738507,38.371679,Valid
1,,,,E.L.C. Construction,100762,0.0,0.0,DISCONNECT,4/10/2012,90011,,,Missing or Invalid GPS
1,,,,Worku Yilma,100763,6748210.217,38374885.37,Active,4/10/2012,90011,6.74821,38.374885,Valid
1,,,,Samuel Argeta,100764,6744052.667,38375607.57,Active,4/10/2012,90011,6.744053,38.375608,Valid
1,,,,Abebe Kapisa,100765,6738469.567,38367388.85,Active,4/10/2012,90011,6.73847,38.367389,Valid
1,,,,Ashenafi Basango,100766,6738632.75,38367560.5,Active,4/10/2012,90011,6.738633,38.367561,Valid
1,,,,Abebe Mengesha,100767,6733207.083,38370235.67,Active,4/10/2012,90011,6.733207,38.370236,Valid
1,,,,Assefa Dassa,100768,6738088.1,38371502.52,Active,4/10/2012,90011,6.738088,38.371503,Valid
1,,,,Yitagesu Aragu,100769,6738311.95,38371578.33,ACTIVE,4/12/2011,90011,6.738312,38.371578,Valid
1,,,,Yenuneh Yetu,100770,6738552.033,38367314.28,Active,4/10/2012,90011,6.738552,38.367314,Valid
1,,,,Melesse Shelo,100771,6744349.9,38374722.08,ACTIVE,4/10/2012,90011,6.74435,38.374722,Valid
1,,,,Etagu Dubiso,100772,6731950.033,38369795.32,Active,4/10/2012,90011,6.73195,38.369795,Valid
1,,,,Solomon Fichamo,100773,6741932.933,38373083.48,Active,4/10/2012,90011,6.741933,38.373083,Valid
1,,,,A/M/T/K/S/Church,100774,6740188.25,38372849.18,Active,4/10/2012,90011,6.740188,38.372849,Valid
1,,,,Regassa Sinkurta,100775,6738980.683,38367893.02,Active,4/10/2012,90011,6.738981,38.367893,Valid
1,,,,Eshetu Lema,100776,6738810.567,38367909.08,DISCONNECT,4/10/2012,90011,6.738811,38.367909,Valid
1,,,,Mesfin Ayele,100777,6746729.683,38376368.45,Active,4/10/2012,90011,6.74673,38.376368,Valid
1,,,903230360,Kumta Yonte,100778,6747214.417,38370803.45,ACTIVE,41-02-012_,90011,6.747214,38.370803,Valid
1,,,,Solomon Pawlos,100779,6739914.467,38370241.7,Active,4/10/2012,90011,6.739914,38.370242,Valid
1,,,,Degu Derese,100780,6733399.733,38370255.72,Active,4/10/2012,90011,6.7334,38.370256,Valid
1,,,,Kuma Dangiso,100781,6738793.833,38368239.12,Active,4/10/2012,90011,6.738794,38.368239,Valid
1,,,,Minja Kapisa,100782,6742990.933,38370420.23,ACTIVE,4/10/2012,90011,6.742991,38.37042,Valid
1,,,,Bizunesh G/Mariam,100783,6746134.433,38371045.22,Active,4/10/2012,90011,6.746134,38.371045,Valid
1,,,,Ashenafi Argeta,100784,6747719.217,38375938.5,Active,4/10/2012,90011,6.747719,38.375938,Valid
1,,,916137056,Didamo Balango,100785,6742307.933,38373844.18,ACTIVE,4/12/2011,90011,6.742308,38.373844,Valid
1,,,,Ameno Kanoro,100786,0.0,0.0,DISCONNECT,4/10/2012,90011,,,Missing or Invalid GPS
1,,,,Girma Kapisa,100787,6742218.5,38371196.35,Active,4/10/2012,90011,6.742218,38.371196,Valid
1,,,,Hailu Asele,100788,6748462.6,38376203.02,Active,4/10/2012,90011,6.748463,38.376203,Valid
1,,,,Mesariya Yohannes,100789,6748028.683,38374945.93,Active,4/10/2012,90011,6.748029,38.374946,Valid
1,,,,Esayas Hatiso,100790,6740849.883,38372270.05,Active,4/10/2012,90011,6.74085,38.37227,Valid
1,,,,Ageze Seyoum,100791,6739777.767,38370304.4,Active,4/10/2012,90011,6.739778,38.370304,Valid
1,,,,Terefe Dika,100792,6738442.283,38369344.78,Active,4/10/2012,90011,6.738442,38.369345,Valid
1,,,,Teklu Kapisa,100793,6740326.683,38370830.27,Active,4/10/2012,90011,6.740327,38.37083,Valid
1,,,,Dawit Dangaro,100794,0.0,0.0,DISCONNECT,4/10/2012,90011,,,Missing or Invalid GPS
1,,,,Sanbaba Garsamo,100795,6734659.567,38370444.03,Active,4/10/2012,90011,6.73466,38.370444,Valid
1,,,,Aposto M/W/Church,100796,6737234.767,38370620.25,Active,4/10/2012,90011,6.737235,38.37062,Valid
1,,,,Jemal Chaka,100797,6744516.5,38376403.97,Active,4/10/2012,90011,6.744516,38.376404,Valid
1,,,,Talo Donka,100798,6740949.367,38370502.57,Active,4/10/2012,90011,6.740949,38.370503,Valid
1,,,,Hatula Hanjaja,100799,6741981.533,38372881.4,Active,4/10/2012,90011,6.741982,38.372881,Valid
1,,,,Habtamu Haro,100800,6737773.983,38366623.77,Active,4/10/2012,90011,6.737774,38.366624,Valid
1,,,,Teshome Beyene,100801,0.0,0.0,DISCONNECT,4/10/2012,90011,,,Missing or Invalid GPS
1,,,,Solomon Tumato,100802,6731198.55,38369631.43,Active,4/10/2012,90011,6.731199,38.369631,Valid
1,,,,Nigussie Nura,100803,6739057.633,38369535.67,Active,4/10/2012,90011,6.739058,38.369536,Valid
1,,,,Bekele Yilma,100804,6747686.117,38371276.95,Active,4/10/2012,90011,6.747686,38.371277,Valid
1,,,,Mingiso Bobe,100805,6740300.4,38370631.17,Active,4/10/2012,90011,6.7403,38.370631,Valid
1,,,,Yonas Mufato,100806,6738726.55,38371721.4,Active,4/10/2012,90011,6.738727,38.371721,Valid
1,,,,Ketema Helso,100807,6736776.8,38368418.27,Active,4/10/2012,90011,6.736777,38.368418,Valid
1,,,,Dinknesh Argaw,100808,6750957.667,38376111.28,ACTIVE,4/10/2012,90011,6.750958,38.376111,Valid
1,,,,Desalegn Yosef,100809,6741967.3,38373964.27,Active,4/10/2012,90011,6.741967,38.373964,Valid
1,,,,Balcha Bankursa,100810,6748734.267,38376196.22,Active,4/10/2012,90011,6.748734,38.376196,Valid
1,,,,Ledamo Simano,100811,6732400.983,38369109.88,Active,4/10/2012,90011,6.732401,38.36911,Valid
1,,,,Gadisa Dafursa,100812,6738233.967,38368683.07,Active,4/10/2012,90011,6.738234,38.368683,Valid
1,,,,Tomas Kebede,100813,6736140.317,38370434.37,Active,4/10/2012,90011,6.73614,38.370434,Valid
1,,,,Moges Dafursa,100814,6737965.45,38371229.67,Active,4/10/2012,90011,6.737965,38.37123,Valid
1,,,,Yakob Yanbo,100815,6736117.133,38370273.58,ACTIVE,41-02-012_,90011,6.736117,38.370274,Valid
1,,,,Alemayehu Habte,100816,6743211.45,38371656.87,Active,4/10/2012,90011,6.743211,38.371657,Valid
1,,,,Gugudo Baramo,100817,6742303.4,38370544.4,Active,4/10/2012,90011,6.742303,38.370544,Valid
1,,,,Abebe Bulbula,100818,6735480.0,38367821.43,Active,4/10/2012,90011,6.73548,38.367821,Valid
1,,,,Tezera Legede,100819,6734856.05,38367746.67,Active,4/10/2012,90011,6.734856,38.367747,Valid
1,,,,Desalegn Keba,100820,6735436.4,38367994.92,Active,4/10/2012,90011,6.735436,38.367995,Valid
1,,,983649154,Ayelech Worku,100821,6746963.567,38377514.3,ACTIVE,4/12/2011,90011,6.746964,38.377514,Valid
1,,,,Sisay Mekonnen,100822,6734886.167,38367722.92,Active,4/10/2012,90011,6.734886,38.367723,Valid
1,,,,Tsadiqu Tsegaye,100823,6738940.383,38367999.88,Active,4/10/2012,90011,6.73894,38.368,Valid
1,,,,Geremu G/Hana,100824,6735385.65,38370023.33,Active,4/10/2012,90011,6.735386,38.370023,Valid
1,,,,Yohannes Kebede,100825,6735543.467,38370102.63,Active,4/10/2012,90011,6.735543,38.370103,Valid
1,,,,Mohammed Lenjisho,100826,6735411.1,38370000.97,Active,4/10/2012,90011,6.735411,38.370001,Valid
1,,,,Desalegn Hatiso,100827,6741743.133,38370411.93,Active,4/10/2012,90011,6.741743,38.370412,Valid
1,,,,Mekoyet Yimer,100828,6737545.433,38371877.75,Active,4/10/2012,90011,6.737545,38.371878,Valid
1,,,,Gizachew Girma,100829,6738849.75,38368766.08,Active,4/10/2012,90011,6.73885,38.368766,Valid
1,,,,Melkamu Hajamo,100830,0.0,0.0,DISCONNECT,4/10/2012,90011,,,Missing or Invalid GPS
1,,,,Ageza Adato,100831,6758153.767,38376832.47,ACTIVE,4/10/2012,90011,6.758154,38.376832,Valid
1,,,,Yodit Mulugeta,100832,6751482.417,38376525.25,Active,4/10/2012,90011,6.751482,38.376525,Valid
1,,,,Yohannes Tsegaye,100833,6738911.883,38368008.77,ACTIVE,4/12/2011,90011,6.738912,38.368009,Valid
1,,,,Zerihun Nadamo,100834,6747285.583,38375496.52,ACTIVE,4/10/2012,90011,6.747286,38.375497,Valid
1,,,992984862,Weto Doba,100835,6742524.917,38371778.88,ACTIVE,41-02-012_,90011,6.742525,38.371779,Valid
1,,,,Murida Shume,100836,6749905.367,38377127.12,Active,4/10/2012,90011,6.749905,38.377127,Valid
1,,,,Tefera Nadamo,100837,6747384.867,38375225.2,ACTIVE,4/12/2011,90011,6.747385,38.375225,Valid
1,,,,Matiwos Kabato,100838,6740585.183,38372226.37,Active,4/10/2012,90011,6.740585,38.372226,Valid
1,,,,Mesfin Ledamo,100839,6757561.167,38376931.57,Active,4/10/2012,90011,6.757561,38.376932,Valid
1,,,,Guabie Egziabhir Church Aposto,100840,6733627.867,38369888.3,Active,4/10/2012,90011,6.733628,38.369888,Valid
1,,,,Mesay Mergia,100841,6735594.15,38367553.52,Active,4/10/2012,90011,6.735594,38.367554,Valid
1,,,,Duresa Liwawi,100842,6742866.817,38370685.77,Active,4/10/2012,90011,6.742867,38.370686,Valid
1,,,,Adunya Buriso,100843,6748895.133,38377345.1,DISCONNECT,4/10/2012,90011,6.748895,38.377345,Valid
1,,,,Birhanu Bochor,100844,6738785.9,38368458.45,Active,4/10/2012,90011,6.738786,38.368458,Valid
1,,,,Nigatu Kaye,100845,6744938.917,38376409.32,Active,4/10/2012,90011,6.744939,38.376409,Valid
1,,,,Fantu Kechara,100846,6729758.35,38369053.88,Active,4/10/2012,90011,6.729758,38.369054,Valid
1,,,,Girma Roda,100847,6729427.733,38368883.13,Active,4/10/2012,90011,6.729428,38.368883,Valid
1,,,,Teshome Nigussie,100848,6729676.567,38368851.6,Active,4/10/2012,90011,6.729677,38.368852,Valid
1,,,,Tefera Dekamo,100849,6729345.6,38368875.45,Active,4/10/2012,90011,6.729346,38.368875,Valid
1,,,,Enkuan Uga,100850,6728642.25,38368743.2,Active,4/10/2012,90011,6.728642,38.368743,Valid
1,,,,Tadesse Bichola,100851,6740395.067,38372339.28,Active,4/10/2012,90011,6.740395,38.372339,Valid
1,,,,Tesema Tufafa,100852,6728227.567,38368513.55,Active,4/10/2012,90011,6.728228,38.368514,Valid
1,,,,Aposto Adventist Church,100853,6740679.4,38375519.12,Active,4/10/2012,90011,6.740679,38.375519,Valid
1,,,,Mohammed Abesha,100854,6750634.15,38375818.07,Active,4/10/2012,90011,6.750634,38.375818,Valid
1,,,,Tadele Muse,100855,6745024.75,38377324.02,Active,4/10/2012,90011,6.745025,38.377324,Valid
1,,,,Workneh T/Haregay,100856,6746653.983,38374208.82,Active,4/10/2012,90011,6.746654,38.374209,Valid
1,,,,Buture Yeta,100857,6746522.933,38374731.33,Active,4/10/2012,90011,6.746523,38.374731,Valid
1,,,,Ashenafi Note,100858,6746445.95,38374412.72,Active,4/10/2012,90011,6.746446,38.374413,Valid
1,,,,Tarikuwa Tesfaye,100859,6729906.683,38369171.67,Active,4/10/2012,90011,6.729907,38.369172,Valid
1,,,,Simion Ledamo,100860,6736135.867,38370288.95,Active,4/10/2012,90011,6.736136,38.370289,Valid
1,,,,Eshetu Lema,100861,6736868.75,38370739.7,DISCONNECT,4/10/2012,90011,6.736869,38.37074,Valid
1,,,,W/S Menderin Kinbicha,100862,6739069.517,38367629.05,Active,4/10/2012,90011,6.73907,38.367629,Valid
1,,,,Girma Dafursa,100863,6747991.733,38375964.97,Active,4/10/2012,90011,6.747992,38.375965,Valid
1,,,,Chale Siiso,100864,6727269.617,38368251.97,Active,4/10/2012,90011,6.72727,38.368252,Valid
1,,,,Ashenafi Zewde,100865,6748582.767,38374887.65,Active,4/10/2012,90011,6.748583,38.374888,Valid
1,,,,Kebo Kareso,100866,6736135.983,38370288.72,Active,4/10/2012,90011,6.736136,38.370289,Valid
1,,,,Amare Assefa,100867,6746985.117,38377717.17,Active,4/10/2012,90011,6.746985,38.377717,Valid
1,,,,Gemechu Gerena,100868,6751188.817,38377070.78,Active,4/10/2012,90011,6.751189,38.377071,Valid
1,,,,Birhanu Ayele,100869,6739800.083,38371077.42,ACTIVE,4/10/2012,90011,6.7398,38.371077,Valid
1,,,,Mamush Mamo,100870,6743332.0,38371045.07,Active,4/10/2012,90011,6.743332,38.371045,Valid
1,,,,Salala Dingeto,100871,6736864.183,38368428.63,Active,4/10/2012,90011,6.736864,38.368429,Valid
1,,,,Abiyot Adama,100872,6724880.433,38364923.1,Active,4/10/2012,90011,6.72488,38.364923,Valid
1,,,,Abera Bulbula,100873,6724883.75,38365131.32,Active,4/10/2012,90011,6.724884,38.365131,Valid
1,,,,Deffe Dinka,100874,6742922.483,38375359.78,Active,4/10/2012,90011,6.742922,38.37536,Valid
1,,,916165847,Azmach Birhanu,100875,6752274.383,38376537.9,ACTIVE,41-02-012_,90011,6.752274,38.376538,Valid
1,,,,Letamo Lalego,100876,6739511.367,38369827.53,Active,4/10/2012,90011,6.739511,38.369828,Valid
1,,,,Amalework Abebe,100877,6744121.1,38375725.78,Active,4/10/2012,90011,6.744121,38.375726,Valid
1,,,,Endashaw Walasa,100878,6740120.283,38370618.87,Active,4/10/2012,90011,6.74012,38.370619,Valid
1,,,,Zenebech Debaro,100879,6748263.55,38374638.75,Active,4/10/2012,90011,6.748264,38.374639,Valid
1,,,,Tamiru Barasa,100880,6741435.55,38370854.13,Active,4/10/2012,90011,6.741436,38.370854,Valid
1,,,,Aposto K/H/B/K,100881,6744110.583,38371542.53,Active,4/10/2012,90011,6.744111,38.371543,Valid
1,,,945179951,Solomon Mergia,100882,6752522.95,38376083.47,ACTIVE,4/12/2011,90011,6.752523,38.376083,Valid
1,,,,Kefiyalew Ledamo ,100883,6751249.433,38377955.02,ACTIVE,41-02-012_,90011,6.751249,38.377955,Valid
1,,,,Markos Kumalo,100884,6756627.417,38376891.28,ACTIVE,4/12/2011,90011,6.756627,38.376891,Valid
1,,,,Tariku Namaro,100885,6738707.967,38370581.27,ACTIVE,4/12/2011,90011,6.738708,38.370581,Valid
1,,,,Wantu Abayneh,100886,0.0,0.0,DISCONNECT,4/10/2012,90011,,,Missing or Invalid GPS
1,,,,Yonas Lema,100887,6747693.95,38375963.25,ACTIVE,4/10/2012,90011,6.747694,38.375963,Valid
1,,,,Defar Yohannes,100888,6736616.617,38368997.13,Active,4/10/2012,90011,6.736617,38.368997,Valid
1,,,,Adisalem Getachew,100889,6741062.033,38374084.88,Active,4/10/2012,90011,6.741062,38.374085,Valid
1,,,,Asfaw Shalo,100890,6743878.0,38375172.32,Active,4/10/2012,90011,6.743878,38.375172,Valid
1,,,,Siraj Sermolo,100891,6751436.1,38377482.65,Active,4/10/2012,90011,6.751436,38.377483,Valid
1,,,,Fikadu Kassa,100892,6745674.967,38375484.57,ACTIVE,4/10/2012,90011,6.745675,38.375485,Valid
1,,,,Adisu Gebre,100893,6756883.983,38377061.92,Active,4/10/2012,90011,6.756884,38.377062,Valid
1,,,,Bethlehem Hailu,100894,6738175.75,38370848.5,Active,4/10/2012,90011,6.738176,38.370849,Valid
1,,,,Tomas Yambo,100895,6737989.4,38370346.3,Active,4/10/2012,90011,6.737989,38.370346,Valid
1,,,,Tafesse Ergo,100896,6741554.133,38369997.75,Active,4/10/2012,90011,6.741554,38.369998,Valid
1,,,,Esayas Tomas,100897,6750205.783,38376806.92,Active,4/10/2012,90011,6.750206,38.376807,Valid
1,,,916039047,Fikru Zerfu,100898,6737673.317,38371737.92,ACTIVE,4/12/2011,90011,6.737673,38.371738,Valid
1,,,,Ameno Kairo,100899,6740938.633,38370027.42,Active,4/10/2012,90011,6.740939,38.370027,Valid
1,,,,Samuel Dekamo,100900,6745508.383,38376609.08,Active,4/10/2012,90011,6.745508,38.376609,Valid
1,,,,Seyid Taye,100901,6745356.783,38377390.2,Active,4/10/2012,90011,6.745357,38.37739,Valid
1,,,982055581,Gezahign Gabiso,100902,6738401.883,38369874.47,DISCONNECT,4/12/2011,90011,6.738402,38.369874,Valid
1,,,,Misale W/Silas,100903,6741187.533,38374087.55,Active,4/10/2012,90011,6.741188,38.374088,Valid
1,,,,Mihiret Yesuf,100904,6744489.233,38370697.02,Active,4/10/2012,90011,6.744489,38.370697,Valid
1,,,,Basa Baramo,100905,6738962.433,38369512.1,Active,4/10/2012,90011,6.738962,38.369512,Valid
1,,,,Birhanu Bichera,100906,6738799.767,38368486.6,Active,4/10/2012,90011,6.7388,38.368487,Valid
1,,,,Belay Yirgu,100907,0.0,0.0,DISCONNECT,4/10/2012,90011,,,Missing or Invalid GPS
1,,,,Tamrat Tesema,100908,6743093.5,38371826.77,Active,4/10/2012,90011,6.743093,38.371827,Valid
1,,,,Gudeye Belete,100909,6743626.783,38373721.25,Active,4/10/2012,90011,6.743627,38.373721,Valid
1,,,,Ermias Simon,100910,6757305.9,38377045.05,ACTIVE,4/10/2012,90011,6.757306,38.377045,Valid
1,,,927079083,Petros Guro,100911,0.0,0.0,ACTIVE,41-02-012_,90011,,,Missing or Invalid GPS
1,,,,Elias Bada,100912,6741966.9,38370403.3,ACTIVE,4/10/2012,90011,6.741967,38.370403,Valid
1,,,,Teshome Bekele,100913,6733629.167,38370499.97,Active,4/10/2012,90011,6.733629,38.3705,Valid
1,,,,Derese Gabicha,100914,6743885.983,38370808.58,Active,4/10/2012,90011,6.743886,38.370809,Valid
1,,,,Teshake Gurbayo,100915,6743702.417,38370716.38,Active,4/10/2012,90011,6.743702,38.370716,Valid
1,,,,Abel Ketema ,100916,6736119.1,38367767.97,ACTIVE,41-02-012_,90011,6.736119,38.367768,Valid
1,,,,Tilahun Lisanework,100917,6743342.0,38371315.27,Active,4/10/2012,90011,6.743342,38.371315,Valid
1,,,,Bizunesh Tegegn,100918,6757660.35,38377021.27,Active,4/10/2012,90011,6.75766,38.377021,Valid
1,,,,Wendmagegn Hailu,100919,6747585.75,38375649.88,Active,4/10/2012,90011,6.747586,38.37565,Valid
1,,,,Buzaayhu Degu,100920,6745139.45,38375131.52,Active,4/10/2012,90011,6.745139,38.375132,Valid
1,,,,Mulugeta Kenchela,100921,6734162.7,38369658.33,Active,4/10/2012,90011,6.734163,38.369658,Valid
1,,,,Shimeles Buchacha,100922,6758362.717,38377086.63,Active,4/10/2012,90011,6.758363,38.377087,Valid
1,,,,Batuel Beyene,100923,6742801.483,38371986.08,Active,4/10/2012,90011,6.742801,38.371986,Valid
1,,,,Lankamo Lako,100924,6740916.5,38370456.82,Active,4/10/2012,90011,6.740916,38.370457,Valid
1,,,,Bogale Boe,100925,6724703.083,38367247.1,Active,4/10/2012,90011,6.724703,38.367247,Valid
1,,,,Debebe Kenbera,100926,6733002.5,38369877.65,Active,4/10/2012,90011,6.733002,38.369878,Valid
1,,,964630830,Melaku Kassa,100927,6745355.483,38375395.0,ACTIVE,41-02-012_,90011,6.745355,38.375395,Valid
1,,,,Dereje Dangiso,100928,6758431.483,38377112.8,Active,4/10/2012,90011,6.758431,38.377113,Valid
1,,,,Adunya Shikure,100929,6756495.033,38376331.27,Active,4/10/2012,90011,6.756495,38.376331,Valid
1,,,,Alemayehu Ayele,100930,6742772.133,38370892.93,Active,4/10/2012,90011,6.742772,38.370893,Valid
1,,,,Derbe Nadamo,100931,6747483.4,38375203.17,Active,4/10/2012,90011,6.747483,38.375203,Valid
1,,,,Abayneh Adem,100932,6735822.867,38367866.92,Active,4/10/2012,90011,6.735823,38.367867,Valid
1,,,,Tesema Tefera,100933,6757561.9,38376819.3,Active,4/10/2012,90011,6.757562,38.376819,Valid
1,,,,Hida Kalit School,100935,0.0,0.0,DISCONNECT,4/10/2012,90011,,,Missing or Invalid GPS
1,,,,Eyob Kororo,100936,6744556.2,38376026.28,Active,4/10/2012,90011,6.744556,38.376026,Valid
1,,,,Birhanu Duguna,100937,6751044.183,38376253.55,DISCONNECT,4/10/2012,90011,6.751044,38.376254,Valid
1,,,,Fatuma Abubakar,100938,6746872.2,38377439.63,Active,4/10/2012,90011,6.746872,38.37744,Valid
1,,,,Hakamo Tumato,100939,6756199.367,38376811.33,Active,4/10/2012,90011,6.756199,38.376811,Valid
1,,,,Edla Belamo,100940,6737524.067,38368509.37,Active,4/10/2012,90011,6.737524,38.368509,Valid
1,,,,Sisay Garje,100942,6741588.1,38369803.82,Active,4/10/2012,90011,6.741588,38.369804,Valid
1,,,,Amare Asrat,100943,6756484.083,38376857.85,ACTIVE,4/12/2011,90011,6.756484,38.376858,Valid
1,,,,Mihiret Mengesha,100944,6755054.667,38376020.0,Active,4/10/2012,90011,6.755055,38.37602,Valid
1,,,,Aregash Feleke,100945,6745492.75,38376607.18,Active,4/10/2012,90011,6.745493,38.376607,Valid
1,,,911971541,Sisay Bogale,100946,6751123.333,38375542.03,ACTIVE,4/12/2011,90011,6.751123,38.375542,Valid
1,,,,Mesfin Mengesha,100947,6751471.333,38377998.22,Active,4/10/2012,90011,6.751471,38.377998,Valid
1,,,,Abera Amelo,100948,6737771.233,38370772.58,Active,4/10/2012,90011,6.737771,38.370773,Valid
2,786.0,Awada,916057324,Ayelech Tsegaye,200001,6755843.2,38389791.42,ACTIVE,41-02-012_,90011,6.755843,38.389791,Valid
2,784.0,Awada,945881844,Zerihun Mamo,200002,6755752.167,38389826.57,ACTIVE,4/12/2011,90011,6.755752,38.389827,Valid
2,487.0,Awada,988236902,Almaz Gebeyew ,200003,6755914.8,38390113.77,ACTIVE,4/12/2011,90011,6.755915,38.390114,Valid
2,789.0,Awada,911015766,Birhanu Gizaw,200004,6755821.017,38390098.38,ACTIVE,4/12/2011,90011,6.755821,38.390098,Valid
2,790.0,Awada,911015766,Nigatu Gizaw,200005,6755947.817,38390212.27,ACTIVE,4/12/2011,90011,6.755948,38.390212,Valid
2,145.0,Awada,911015766,Amsale Gizaw,200006,6755715.9,38390137.38,ACTIVE,4/12/2011,90011,6.755716,38.390137,Valid
2,0.0,Awada,916517200,Tegegn Gesesse,200007,6755728.917,38390162.55,ACTIVE,41-22-011_,90011,6.755729,38.390163,Valid
2,0.0,Awada,916517070,Beyene Gidamo,200008,6755704.883,38390238.02,ACTIVE,4/12/2011,90011,6.755705,38.390238,Valid
2,461.0,Awada,925342684,Zewudinesh Belihu,200009,6755655.483,38390260.23,ACTIVE,41/02/012_,90011,6.755655,38.39026,Valid
2,475.0,Awada,925342684,Gosaye Abayneh,200010,6755551.683,38390383.0,ACTIVE,41-02-012_,90011,6.755552,38.390383,Valid
2,0.0,Awada,913483315,Wolde Boreta,200011,6755534.1,38390304.6,ACTIVE,4/12/2011,90011,6.755534,38.390305,Valid
2,777.0,Awada,913483315,Assefa Shimeles,200012,6755455.267,38390382.9,ACTIVE,4/12/2011,90011,6.755455,38.390383,Valid
2,161.0,Awada,938622062,Borsamo Bote,200013,6755470.767,38390471.63,ACTIVE,41-22-011_,90011,6.755471,38.390472,Valid
2,0.0,Awada,934601705,Esral falamo,200014,6755339.517,38390510.7,ACTIVE,41-22-011_,90011,6.75534,38.390511,Valid
2,0.0,Awada,934013246,Tirunesh Tona,200015,6755151.017,38390770.92,ACTIVE,41-02-012_,90011,6.755151,38.390771,Valid
2,0.0,Awada,916165258,Mengesha Hebiso,200016,6755205.7,38390627.8,ACTIVE,4/12/2011,90011,6.755206,38.390628,Valid
2,801.0,Awada,926206484,Genet Mengistu,200017,6755233.15,38390650.7,ACTIVE,41-02-012_,90011,6.755233,38.390651,Valid
2,0.0,Awada,916164583,Kayeso Meta,200018,6755107.367,38390602.55,ACTIVE,41-02-012_,90011,6.755107,38.390603,Valid
2,803.0,Awada,911912037,Mintwab Haile,200019,6754746.867,38390665.8,ACTIVE,4/12/2011,90011,6.754747,38.390666,Valid
2,601.0,Awada,,Arega Tesfaye,200020,6757473.183,38390364.42,ACTIVE,4/12/2011,90011,6.757473,38.390364,Valid
2,772.0,Awada,968645310,Adane W/Agenehu,200021,6754982.983,38390530.23,ACTIVE,41-02-012_,90011,6.754983,38.39053,Valid
2,487.0,Awada,916164091,Moges Daniel,200022,6754962.167,38390590.98,ACTIVE,41-02-012_,90011,6.754962,38.390591,Valid
2,0.0,Awada,,Kusa Wachemo,200023,6754650.1,38390621.65,Active,4/10/2012,90011,6.75465,38.390622,Valid
2,0.0,Awada,916435249,Tadesse Kebede,200024,6754472.1,38390532.72,ACTIVE,4/12/2011,90011,6.754472,38.390533,Valid
2,766.0,Awada,,Tomas Tona,200025,6754441.283,38390534.8,Active,4/10/2012,90011,6.754441,38.390535,Valid
2,765.0,Awada,913150868,Teshome Dana,200026,6754364.0,38390684.02,ACTIVE,41-02-012_,90011,6.754364,38.390684,Valid
2,764.0,Awada,,Alemu Ademu,200027,6754317.783,38390650.03,Active,4/10/2012,90011,6.754318,38.39065,Valid
2,167.0,Awada,964803381,Shage Shalamo ,200028,6754597.95,38390699.53,ACTIVE,4/12/2011,90011,6.754598,38.3907,Valid
2,0.0,Awada,910096265,Tamrat Tesfaye,200029,6754267.317,38390737.78,ACTIVE,4/12/2011,90011,6.754267,38.390738,Valid
2,763.0,Awada,912036643,Mohammed Kedir,200030,6753901.55,38390675.3,ACTIVE,41-22-011_,90011,6.753902,38.390675,Valid
2,492.0,Awada,926317635,Kabato Beriso,200031,6754001.017,38390748.08,ACTIVE,4/12/2011,90011,6.754001,38.390748,Valid
2,810.0,Awada,925122733,Kasahun Kumlatchew,200032,6753973.583,38390788.27,ACTIVE,41-02-012_,90011,6.753974,38.390788,Valid
2,508.0,Awada,945830662,Shirko Megso,200033,6753275.083,38393035.65,ACTIVE,4/12/2011,90011,6.753275,38.393036,Valid
2,0.0,Awada,916164477,Mengestu Kuma,200034,6753631.567,38390868.75,ACTIVE,41-02-012_,90011,6.753632,38.390869,Valid
2,812.0,Awada,916038116,Takele Kusa ,200035,6753574.383,38390962.55,ACTIVE,4/12/2011,90011,6.753574,38.390963,Valid
2,494.0,Awada,937283052,Nigussie Tadesse,200036,6753653.433,38390639.45,ACTIVE,41-02-012_,90011,6.753653,38.390639,Valid
2,603.0,Awada,913665580,Azanech Tarekegn,200037,6753301.683,38390924.38,ACTIVE,4/12/2011,90011,6.753302,38.390924,Valid
2,758.0,Awada,994171909,Nuriya Kedir,200038,6753096.1,38390752.32,ACTIVE,41-02-012_,90011,6.753096,38.390752,Valid
2,757.0,Awada,,Almaz Kebede,200039,6753082.2,38390815.8,ACTIVE,4/10/2012,90011,6.753082,38.390816,Valid
2,602.0,Awada,916435421,Tefera G/Michael,200040,6751477.9,38389307.0,ACTIVE,41-02-012_,90011,6.751478,38.389307,Valid
2,0.0,Awada,916811232,Abate Argaw,200041,6753076.75,38390969.88,ACTIVE,4/12/2011,90011,6.753077,38.39097,Valid
2,828.0,Awada,,Abraham Wabero,200042,6752447.45,38391125.53,Active,4/10/2012,90011,6.752447,38.391126,Valid
2,0.0,Awada,961693035,Alganesh G/Michael,200043,6752473.55,38391051.45,ACTIVE,4/12/2011,90011,6.752474,38.391051,Valid
2,830.0,Awada,953376790,Lidetu Bekele,200044,6752400.967,38391339.05,ACTIVE,41-02-012_,90011,6.752401,38.391339,Valid
2,831.0,Awada,916168440,Kia Kunkuma,200045,6752286.067,38391277.03,ACTIVE,41-02-012_,90011,6.752286,38.391277,Valid
2,0.0,Awada,928721500,Tefera Gwanggul,200046,6751623.817,38391754.35,ACTIVE,41-02-012_,90011,6.751624,38.391754,Valid
2,833.0,Awada,,Bogale Mekuria,200047,6752007.733,38391487.9,DISCONNECT,4/10/2012,90011,6.752008,38.391488,Valid
2,834.0,Awada,,Solomon Chamiso,200048,6751918.083,38391414.75,Active,4/10/2012,90011,6.751918,38.391415,Valid
2,835.0,Awada,,Elfenesh Mengesha,200049,6751912.783,38391533.85,Active,4/10/2012,90011,6.751913,38.391534,Valid
2,178.0,Awada,913906518,Sankura Sasamo,200050,6751743.65,38391442.55,ACTIVE,4/12/2011,90011,6.751744,38.391443,Valid
2,838.0,Awada,911970569,Muse Roda,200051,6751653.883,38391568.45,ACTIVE,4/12/2011,90011,6.751654,38.391568,Valid
2,0.0,Awada,916053109,S.K.H. Hospital Q .1,200052,6752112.467,38391178.02,ACTIVE,41/02/012_,90011,6.752112,38.391178,Valid
2,0.0,Awada,916053109,S.K.H. Hospital Q. 2,200053,6752243.25,38391120.3,ACTIVE,41/02/012_,90011,6.752243,38.39112,Valid
2,0.0,Awada,916053109,S.K.H. Hospital Q. 3,200054,6752338.4,38391092.65,ACTIVE,41/02/012_,90011,6.752338,38.391093,Valid
2,0.0,Awada,916053109,C.K.H. Hospital Q. 4,200055,6752382.7,38391085.53,ACTIVE,41/02/012_,90011,6.752383,38.391086,Valid
2,0.0,Awada,916053109,C.K.H. Hospital Q. 5,200056,6752560.583,38390945.43,ACTIVE,41/02/012_,90011,6.752561,38.390945,Valid
2,0.0,Awada,916053109,C.K.H. Hospital Q. 6,200057,6752737.05,38390527.32,ACTIVE,41/02/012_,90011,6.752737,38.390527,Valid
2,253.0,Awada,996507363,Teshale Lenjisho,200058,6752571.633,38389295.87,ACTIVE,41-02-012_,90011,6.752572,38.389296,Valid
2,865.0,Awada,909736117,Bekele T/Michael,200059,6752693.067,38390136.78,ACTIVE,41-02-012_,90011,6.752693,38.390137,Valid
2,0.0,Awada,913085333,Teacher Admasse Menberu,200060,6752819.633,38389836.68,ACTIVE,41-02-012_,90011,6.75282,38.389837,Valid
2,424.0,Awada,949216072,Kiyamo Nigatu,200061,6752828.85,38389983.18,ACTIVE,41-02-012_,90011,6.752829,38.389983,Valid
2,761.0,Awada,913483315,Abera Kebede,200062,6753661.4,38390915.8,ACTIVE,41-02-012_,90011,6.753661,38.390916,Valid
2,425.0,Awada,994215557,Kuma Hemecho,200063,6753663.183,38390900.87,ACTIVE,41-02-012_,90011,6.753663,38.390901,Valid
2,0.0,Awada,926167725,Emanuel No. 2,200064,6752952.583,38389641.45,ACTIVE,41-02-012_,90011,6.752953,38.389641,Valid
2,0.0,Awada,948086564,Tsege Game,200065,6751631.533,38389743.43,ACTIVE,41-02-012_,90011,6.751632,38.389743,Valid
2,421.0,Awada,,Almaz Asha,200066,6752252.933,38389090.25,Active,4/10/2012,90011,6.752253,38.38909,Valid
2,0.0,Awada,,Mekonnen Teferi,200067,6751804.767,38388900.33,Active,4/10/2012,90011,6.751805,38.3889,Valid
2,756.0,Awada,916108532,Temesgen Yirsaw,200068,6753663.183,38390900.87,ACTIVE,41-02-012_,90011,6.753663,38.390901,Valid
2,0.0,Awada,953376790,Ayelech Belay,200069,6752749.917,38390531.62,ACTIVE,41-02-012_,90011,6.75275,38.390532,Valid
2,753.0,Awada,988104978,Lema K/Mariam,200070,6752568.133,38389467.67,ACTIVE,41-02-012_,90011,6.752568,38.389468,Valid
2,752.0,Awada,924329313,Hariso Godana,200071,0.0,0.0,ACTIVE,41-02-012_,90011,,,Missing or Invalid GPS
2,0.0,Awada,972862497,Dimura Godana,200072,6751911.233,38391213.72,ACTIVE,41-02-012_,90011,6.751911,38.391214,Valid
2,623.0,Awada,949228096,Abote Abate,200073,6752006.967,38391019.12,ACTIVE,41-02-012_,90011,6.752007,38.391019,Valid
2,749.0,Awada,949228096,Chala Godana,200074,6751631.867,38391372.12,ACTIVE,41-02-012_,90011,6.751632,38.391372,Valid
2,0.0,Awada,,Nega Bekele,200075,6751661.617,38391670.1,ACTIVE,4/10/2012,90011,6.751662,38.39167,Valid
2,747.0,Awada,986198484,Bekele Abegaz,200076,6751744.45,38391569.87,ACTIVE,41-22-011_,90011,6.751744,38.39157,Valid
2,0.0,Awada,,Matebe Arusa,200077,6751350.917,38391920.88,Active,4/10/2012,90011,6.751351,38.391921,Valid
2,370.0,Awada,916811030,Abera Negash,200078,6751430.3,38391855.68,ACTIVE,41-02-012_,90011,6.75143,38.391856,Valid
2,841.0,Awada,911631291,Ejigayehu Mosa,200079,6751021.317,38392132.45,ACTIVE,41-02-012_,90011,6.751021,38.392132,Valid
2,0.0,Awada,977862497,Dimura Godana,200080,6751243.717,38391525.28,ACTIVE,4/12/2011,90011,6.751244,38.391525,Valid
2,842.0,Awada,913599964,Yitayew Bekalu,200081,6751225.6,38392129.98,ACTIVE,41-02-012_,90011,6.751226,38.39213,Valid
2,843.0,Awada,,Abebe Mue,200082,0.0,0.0,DISCONNECT,4/10/2012,90011,,,Missing or Invalid GPS
2,407.0,Awada,,Garamo Godana,200083,6751021.317,38392132.45,Active,4/10/2012,90011,6.751021,38.392132,Valid
2,406.0,Awada,911739354,Tamrat Tefera,200084,6750934.4,38392248.1,ACTIVE,4/12/2011,90011,6.750934,38.392248,Valid
2,185.0,Awada,912750686,Mahilet Tadese ,200085,6750891.75,38392231.42,ACTIVE,4/12/2011,90011,6.750892,38.392231,Valid
2,845.0,Awada,954783448,Kebede Oke,200086,6751059.683,38392362.68,ACTIVE,41-02-012_,90011,6.75106,38.392363,Valid
2,0.0,Awada,925342547,Murasa Mamo,200087,6751128.0,38392522.95,ACTIVE,41-02-012_,90011,6.751128,38.392523,Valid
2,847.0,Awada,916040193,Zekariyas Mekonnen,200088,6751120.85,38392741.4,ACTIVE,4/12/2011,90011,6.751121,38.392741,Valid
2,0.0,Awada,,Worknesh Lota,200089,6751376.283,38392871.72,ACTIVE,4/10/2012,90011,6.751376,38.392872,Valid
2,0.0,Awada,916164541,Madesha Tefera,200090,6751441.567,38393080.78,ACTIVE,4/12/2011,90011,6.751442,38.393081,Valid
2,850.0,Awada,937216220,Nigatu Wendimagegn,200091,6751574.75,38393532.47,ACTIVE,4/12/2011,90011,6.751575,38.393532,Valid
2,0.0,Awada,926317635,Eka Ena,200092,6751548.367,38393453.22,ACTIVE,4/12/2011,90011,6.751548,38.393453,Valid
2,741.0,Awada,924329313,Hariso Godana,200093,6751021.317,38392132.45,ACTIVE,41-02-012_,90011,6.751021,38.392132,Valid
2,727.0,Awada,916165856,Banchiamlak Balcha,200094,6751021.317,38392132.45,ACTIVE,4/12/2011,90011,6.751021,38.392132,Valid
2,0.0,Awada,926051821,W/Ab Doyamo,200095,6750567.617,38392042.28,ACTIVE,41-02-012_,90011,6.750568,38.392042,Valid
2,0.0,Awada,901550455,Argeta Sraro,200096,6750404.467,38391977.65,ACTIVE,4/12/2011,90011,6.750404,38.391978,Valid
2,731.0,Awada,910876968,Beletech Hameya,200097,6750295.383,38391786.42,ACTIVE,4/12/2011,90011,6.750295,38.391786,Valid
2,733.0,Awada,910070386,Tilahun Wakjira,200098,6750096.583,38391598.97,ACTIVE,41-02-012_,90011,6.750097,38.391599,Valid
2,735.0,Awada,926051821,Tefera Gone,200099,6749991.467,38391639.42,ACTIVE,41-22-011_,90011,6.749991,38.391639,Valid
2,339.0,Awada,916433970,Tesfaye Aware,200100,6749920.783,38391535.7,ACTIVE,41-22-011_,90011,6.749921,38.391536,Valid
2,722.0,Awada,,Meselech Endeshaw,200101,6748816.55,38388323.92,ACTIVE,4/12/2011,90011,6.748817,38.388324,Valid
2,0.0,Awada,926923400,Birhanu Biru,200102,6749685.167,38391828.58,ACTIVE,41-22-011_,90011,6.749685,38.391829,Valid
2,708.0,Awada,913904249,Aberash Wendimu,200103,6749573.583,38392116.58,ACTIVE,4/12/2011,90011,6.749574,38.392117,Valid
2,0.0,Awada,911006343,Elsabet Lema ,200104,6749972.733,38391723.23,ACTIVE,4/12/2011,90011,6.749973,38.391723,Valid
2,705.0,Awada,911158764,Fikire Welde ,200105,6750142.15,38391847.88,ACTIVE,4/12/2011,90011,6.750142,38.391848,Valid
2,382.0,Awada,926134391,Getenesh Zewde,200106,6750197.933,38391910.62,ACTIVE,41-02-012_,90011,6.750198,38.391911,Valid
2,381.0,Awada,926614665,Girma Negash,200107,6730492.583,38418106.23,ACTIVE,41-02-012_,90011,6.730493,38.418106,Valid
2,380.0,Awada,916830077,Asfaw Gujjo,200108,6748910.833,38392906.2,ACTIVE,41-22-011_,90011,6.748911,38.392906,Valid
2,0.0,Awada,916168163,Duresa Sida,200109,6750358.95,38392012.42,ACTIVE,4/12/2011,90011,6.750359,38.392012,Valid
2,700.0,Awada,,Desalegn Mengesha,200110,6750484.033,38392086.17,Active,4/10/2012,90011,6.750484,38.392086,Valid
2,325.0,Awada,,Ketema W/Tsadiq,200111,6750768.433,38392374.8,ACTIVE,4/10/2012,90011,6.750768,38.392375,Valid
2,0.0,Awada,916164541,Tesfaye Eshete,200112,6750567.0,38392552.3,ACTIVE,4/12/2011,90011,6.750567,38.392552,Valid
2,696.0,Awada,926307165,Estifanos Yimer,200113,6750434.633,38392599.17,ACTIVE,41-02-012_,90011,6.750435,38.392599,Valid
2,0.0,Awada,,Tsege Mekonnen,200114,6750373.167,38392720.77,Active,4/10/2012,90011,6.750373,38.392721,Valid
2,373.0,Awada,,Etagenehu Ketema,200115,6746480.417,38391783.17,Active,4/10/2012,90011,6.74648,38.391783,Valid
2,0.0,Awada,911024903,Mestawet Gemeda,200116,6749901.133,38392885.97,ACTIVE,4/12/2011,90011,6.749901,38.392886,Valid
2,0.0,Awada,916830221,Berasa Babiso,200117,6749684.167,38392623.5,ACTIVE,4/12/2011,90011,6.749684,38.392623,Valid
2,0.0,Awada,911902488,Melesse Sedamo,200118,6749702.733,38393204.32,ACTIVE,4/12/2011,90011,6.749703,38.393204,Valid
2,0.0,Awada,977505547,Senait Tesema,200119,6749724.217,38392621.52,ACTIVE,4/12/2011,90011,6.749724,38.392622,Valid
2,1578.0,Awada,911064686,Yonas Shenkoru,200120,6749711.767,38393120.85,ACTIVE,41-22-011_,90011,6.749712,38.393121,Valid
2,689.0,Awada,949316252,Altaseb Eshete,200121,6749653.667,38393045.13,ACTIVE,4/12/2011,90011,6.749654,38.393045,Valid
2,584.0,Awada,,Tsegaye Belachew,200122,6749762.6,38393007.48,ACTIVE,4/12/2011,90011,6.749763,38.393007,Valid
2,316.0,Awada,,Tadesse Wube,200123,0.0,0.0,DISCONNECT,4/10/2012,90011,,,Missing or Invalid GPS
2,0.0,Awada,916053109,Y/A/H/Medicine S. College Q. 1,200124,6749384.083,38395172.17,ACTIVE,41/02/012_,90011,6.749384,38.395172,Valid
2,0.0,Awada,916053109,Y/A/H/Medicine S. College Q. 2,200125,6746974.4,38393756.08,ACTIVE,41/02/012_,90011,6.746974,38.393756,Valid
2,0.0,Awada,916053109,Y/A/ Hospital Main Campus Q. 1,200126,6750321.883,38393187.15,ACTIVE,41/02/012_,90011,6.750322,38.393187,Valid
2,0.0,Awada,916053109,Y/A/ Hospital Main Campus Q. 2,200127,6750671.533,38394248.63,ACTIVE,41/02/012_,90011,6.750672,38.394249,Valid
2,0.0,Awada,910476244,Hamlin Fistula,200128,6751039.95,38392985.43,ACTIVE,41-02-012_,90011,6.75104,38.392985,Valid
2,574.0,Awada,,Teferi Rikiya,200129,6749048.25,38393926.5,ACTIVE,4/12/2011,90011,6.749048,38.393926,Valid
2,0.0,Awada,,Yewubdar Wube,200130,6749013.333,38393778.88,Active,4/10/2012,90011,6.749013,38.393779,Valid
2,676.0,Awada,,Sofia Mohammed,200131,6748923.017,38393629.22,ACTIVE,4/12/2011,90011,6.748923,38.393629,Valid
2,0.0,Awada,911912037,Telele Haile,200132,6748944.483,38393606.83,ACTIVE,4/12/2011,90011,6.748944,38.393607,Valid
2,678.0,Awada,912769105,Masresha Alemu,200133,6748986.917,38393495.23,ACTIVE,4/12/2011,90011,6.748987,38.393495,Valid
2,0.0,Awada,,Mulunesh Wube,200134,0.0,0.0,ACTIVE,4/10/2012,90011,,,Missing or Invalid GPS
2,680.0,Awada,,Tesfaye Aware,200135,6748976.967,38393332.02,Active,4/10/2012,90011,6.748977,38.393332,Valid
2,681.0,Awada,928799151,Getachew Gardew,200136,6748924.35,38393158.85,ACTIVE,4/12/2011,90011,6.748924,38.393159,Valid
2,0.0,Awada,,Tadege Ejamo,200137,6748947.583,38393221.22,Active,4/10/2012,90011,6.748948,38.393221,Valid
2,683.0,Awada,,Zemzem Lalo,200138,6748850.6,38393115.98,Active,4/10/2012,90011,6.748851,38.393116,Valid
2,479.0,Awada,,Abebe Gujo,200139,6748805.967,38392871.42,DISCONNECT,4/10/2012,90011,6.748806,38.392871,Valid
2,685.0,Awada,921061059,Abebe Ugemo,200140,6748912.25,38392900.18,ACTIVE,4/12/2011,90011,6.748912,38.3929,Valid
2,0.0,Awada,911971541,Bogale Gemeda,200141,6748817.683,38393097.5,ACTIVE,41-02-012_,90011,6.748818,38.393098,Valid
2,390.0,Awada,941839903,Amarech H/Gebriel,200142,6748311.867,38392824.48,ACTIVE,4/12/2011,90011,6.748312,38.392824,Valid
2,352.0,Awada,936534314,Tsehay Wana,200143,6748388.033,38393011.47,ACTIVE,41-02-012_,90011,6.748388,38.393011,Valid
2,480.0,Awada,,Thomas Tona,200144,6748261.983,38393262.8,ACTIVE,4/10/2012,90011,6.748262,38.393263,Valid
2,0.0,Awada,916053109,Y/A/H/Medicine S. College Q. 3,200145,6749484.683,38394572.07,ACTIVE,41/02/012_,90011,6.749485,38.394572,Valid
2,710.0,Awada,967219755,Wansara Kia,200146,6748841.55,38392449.13,ACTIVE,41-22-011_,90011,6.748842,38.392449,Valid
2,360.0,Awada,,Dane Gesese,200147,6749275.333,38392040.75,Active,4/10/2012,90011,6.749275,38.392041,Valid
2,0.0,Awada,964039695,Mustafa Bahiru,200148,6749157.25,38392013.27,ACTIVE,41-02-012_,90011,6.749157,38.392013,Valid
2,0.0,Awada,989151941,Dirirsa Muleta,200149,6749165.467,38391978.43,ACTIVE,4/12/2011,90011,6.749165,38.391978,Valid
2,548.0,Awada,911373395,Aschalew Mechal,200150,6749178.367,38391510.98,ACTIVE,4/12/2011,90011,6.749178,38.391511,Valid
2,0.0,Awada,916503652,Demeckech Meja,200151,6749229.767,38391438.12,ACTIVE,41-02-012_,90011,6.74923,38.391438,Valid
2,0.0,Awada,916833901,Matiwos Wentito,200152,6748433.433,38390521.95,ACTIVE,41-02-012_,90011,6.748433,38.390522,Valid
2,0.0,Awada,911569807,Awada M/I/Church,200153,6749279.933,38389861.15,ACTIVE,4/12/2011,90011,6.74928,38.389861,Valid
2,0.0,Awada,,Electric Power Substation,200154,6749288.767,38389775.48,ACTIVE,4/12/2011,90011,6.749289,38.389775,Valid
2,0.0,Awada,,Hawassa University Awada Campus No. 1,200155,0.0,0.0,DISCONNECT,4/10/2012,90011,,,Missing or Invalid GPS
2,0.0,Awada,,Hawassa University Awada Campus No. 3,200156,6745633.017,38387991.68,ACTIVE,4/12/2011,90011,6.745633,38.387992,Valid
2,0.0,Awada,,Tekle Birhan Ambaye,200157,0.0,0.0,DISCONNECT,4/10/2012,90011,,,Missing or Invalid GPS
2,855.0,Awada,910219161,E. Legesse Lankamo,200158,6748747.5,38388328.37,ACTIVE,41-22-011_,90011,6.748748,38.388328,Valid
2,0.0,Awada,,Ageze Mute,200159,6747898.2,38388636.02,ACTIVE,4/12/2011,90011,6.747898,38.388636,Valid
2,0.0,Awada,,Yishak Legese,200160,6748110.983,38388109.68,ACTIVE,4/10/2012,90011,6.748111,38.38811,Valid
2,0.0,Awada,916164292,Mebratu Zeleke,200161,6748813.133,38388391.53,ACTIVE,41-02-012_,90011,6.748813,38.388392,Valid
2,0.0,Awada,,Tamre Smeye,200162,6746534.1,38388242.05,Active,4/10/2012,90011,6.746534,38.388242,Valid
2,0.0,Awada,,Teshoma Dengamo,200163,6746168.55,38387752.12,Active,4/10/2012,90011,6.746169,38.387752,Valid
2,0.0,Awada,,Bekena Rekso,200164,6749225.617,38389811.77,Active,4/10/2012,90011,6.749226,38.389812,Valid
2,857.0,Awada,,Getachew Lankamo,200165,6745309.283,38387495.23,Active,4/10/2012,90011,6.745309,38.387495,Valid
2,0.0,Awada,,Samuel Bogale,200166,0.0,0.0,TERMINATE,4/10/2012,90011,,,Missing or Invalid GPS
2,0.0,Awada,934657281,Hariso Godana,200167,6744673.45,38387263.77,ACTIVE,4/12/2011,90011,6.744673,38.387264,Valid
2,863.0,Awada,910219161,Tilahun Lankamo,200168,6744358.633,38387159.25,ACTIVE,41-02-012_,90011,6.744359,38.387159,Valid
2,0.0,Awada,,Daniel Zekarias,200169,6748128.183,38385987.3,Active,4/10/2012,90011,6.748128,38.385987,Valid
2,0.0,Awada,,Sisay Tareken,200170,6744704.6,38386727.35,Active,4/10/2012,90011,6.744705,38.386727,Valid
2,0.0,Awada,,Ermiyas Thomas,200171,6745121.25,38386834.77,Active,4/10/2012,90011,6.745121,38.386835,Valid
2,0.0,Awada,,Yishak Legese,200172,0.0,0.0,DISCONNECT,4/10/2012,90011,,,Missing or Invalid GPS
2,0.0,Awada,916942301,Shao Duguna,200173,6745511.0,38386352.58,ACTIVE,4/12/2011,90011,6.745511,38.386353,Valid
2,0.0,Awada,911569807,Biruk Bekele,200174,6745722.633,38386445.78,ACTIVE,41-02-012_,90011,6.745723,38.386446,Valid
2,0.0,Awada,,Shenkoru Shege,200175,6744803.3,38386235.17,Active,4/10/2012,90011,6.744803,38.386235,Valid
2,0.0,Awada,913590423,Getachew Yaye,200176,6744776.8,38386227.42,ACTIVE,4/12/2011,90011,6.744777,38.386227,Valid
2,0.0,Awada,,Zenebe W/Mariam,200177,6743657.3,38386950.67,Active,4/10/2012,90011,6.743657,38.386951,Valid
2,0.0,Awada,913252629,Techan Kia,200178,6743503.333,38386918.77,ACTIVE,41-02-012_,90011,6.743503,38.386919,Valid
2,0.0,Awada,,Beyene Rikiya,200179,6743233.35,38386757.68,Active,4/10/2012,90011,6.743233,38.386758,Valid
2,0.0,Awada,,Zelalem Eshete,200180,0.0,0.0,DISCONNECT,4/10/2012,90011,,,Missing or Invalid GPS
2,0.0,Awada,,Jabir Buser,200181,0.0,0.0,DISCONNECT,4/10/2012,90011,,,Missing or Invalid GPS
2,0.0,Awada,,Nuri Surur,200182,6736682.167,38386371.08,ACTIVE,4/10/2012,90011,6.736682,38.386371,Valid
2,864.0,Awada,911064686,Yonas Shenkoru,200183,6746331.067,38382122.55,ACTIVE,41-22-011_,90011,6.746331,38.382123,Valid
2,0.0,Awada,916516125,Awada Agricultural Research Mini Center No. 1,200184,6749118.65,38387462.02,ACTIVE,4/12/2011,90011,6.749119,38.387462,Valid
2,0.0,Awada,916516125,Awada Agricultural Research Mini Center,200185,6748729.45,38387163.6,ACTIVE,4/12/2011,90011,6.748729,38.387164,Valid
2,0.0,Awada,916516125,Awada Agricultural Research Mini Center Residence,200186,6748727.8,38385143.18,ACTIVE,4/12/2011,90011,6.748728,38.385143,Valid
2,0.0,Awada,916809316,Sisay Kabato,200187,6748517.15,38387458.78,ACTIVE,41-02-012_,90011,6.748517,38.387459,Valid
2,0.0,Awada,916309899,Samuel Etiso,200188,6748739.65,38386962.1,ACTIVE,41-02-012_,90011,6.74874,38.386962,Valid
2,0.0,Awada,921924503,Argeta Sraro,200189,6748853.217,38385685.55,ACTIVE,4/12/2011,90011,6.748853,38.385686,Valid
2,0.0,Awada,916164763,Melkamu Hajamo,200190,6748834.1,38385430.17,ACTIVE,41-02-012_,90011,6.748834,38.38543,Valid
2,0.0,Awada,916165480,Agzew Adela,200191,6748661.6,38384847.32,ACTIVE,41-02-012_,90011,6.748662,38.384847,Valid
2,0.0,Awada,,Hawassa University Awada Campus No. 2,200192,6748840.367,38382803.75,DISCONNECT,4/10/2012,90011,6.74884,38.382804,Valid
2,0.0,Awada,949204117,Girma Gidelo,200193,6751183.667,38380224.85,ACTIVE,4/12/2011,90011,6.751184,38.380225,Valid
2,0.0,Stadium,,Abebech Egedo,200195,6744971.967,38400915.7,Active,4/10/2012,90007,6.744972,38.400916,Valid
2,0.0,Stadium,,Abinet Hailu,200196,6745459.783,38400851.77,Active,4/10/2012,90007,6.74546,38.400852,Valid
2,0.0,Stadium,,Yared Yamare Hotel,200197,6745160.767,38401442.38,DISCONNECT,4/12/2011,90007,6.745161,38.401442,Valid
2,462.0,Stadium,,Tsehay Molla,200198,6745546.417,38401593.62,Active,4/10/2012,90007,6.745546,38.401594,Valid
2,0.0,Stadium,,Tamrat Maru,200199,6745392.683,38401611.58,Active,4/10/2012,90007,6.745393,38.401612,Valid
2,0.0,Stadium,,Zena Nigussie,200200,6745447.167,38401757.6,Active,4/10/2012,90007,6.745447,38.401758,Valid
2,0.0,Stadium,,W/Silasse Jeware,200201,6745699.3,38401698.02,Active,4/10/2012,90007,6.745699,38.401698,Valid
2,0.0,Stadium,926528410,Samuel Alemu,200202,6745772.6,38401720.92,ACTIVE,4/12/2011,90007,6.745773,38.401721,Valid
2,0.0,Stadium,,Firde Bagot,200203,6745878.717,38402038.93,DISCONNECT,4/10/2012,90007,6.745879,38.402039,Valid
2,0.0,Stadium,,Almaz Shibru,200204,6745672.217,38402273.28,ACTIVE,4/10/2012,90007,6.745672,38.402273,Valid
2,218.0,Stadium,986479064,Simegn W/Tsadiq,200205,6745514.0,38402520.0,ACTIVE,41-02-012_,90007,6.745514,38.40252,Valid
2,0.0,Stadium,911851764,Getu Tabota ,200206,0.0,0.0,ACTIVE,41-22-011_,90007,,,Missing or Invalid GPS
2,0.0,Stadium,,Mulugeta Workneh,200207,6746056.483,38403042.38,Active,4/10/2012,90007,6.746056,38.403042,Valid
2,0.0,Stadium,,Beyene Filate,200208,0.0,0.0,DISCONNECT,4/10/2012,90007,,,Missing or Invalid GPS
2,0.0,Stadium,,Kifle Mamo,200209,0.0,0.0,DISCONNECT,4/10/2012,90007,,,Missing or Invalid GPS
2,0.0,Stadium,916435417,Degefa Sime ,200210,6745979.1,38405129.65,ACTIVE,4/12/2011,90007,6.745979,38.40513,Valid
2,0.0,Stadium,,Wubsheta Kurabachew,200211,6745971.35,38404894.3,Active,4/10/2012,90007,6.745971,38.404894,Valid
2,0.0,Stadium,,A/Silasse G/Medhin,200212,6746209.717,38404970.6,Active,4/10/2012,90007,6.74621,38.404971,Valid
2,0.0,Stadium,937267263,Hana Anja,200213,6745972.683,38404640.28,ACTIVE,4/12/2011,90007,6.745973,38.40464,Valid
2,0.0,Stadium,,Commercial Bank Manager,200214,6745694.583,38404013.1,Active,4/10/2012,90007,6.745695,38.404013,Valid
2,0.0,Stadium,,Commercial Bank Account Manager,200215,6746170.167,38404127.8,Active,4/10/2012,90007,6.74617,38.404128,Valid
2,0.0,Stadium,,Kedir Ahmed Tira,200216,6745694.583,38404013.1,ACTIVE,4/12/2011,90007,6.745695,38.404013,Valid
2,0.0,Stadium,,Nur Sheh Ahmed,200217,6745542.767,38403911.4,ACTIVE,4/10/2012,90007,6.745543,38.403911,Valid
2,0.0,Stadium,,Dejene Solomon,200218,6745805.0,38403579.47,Active,4/10/2012,90007,6.745805,38.403579,Valid
2,208.0,Stadium,,Abera Adela,200219,6745638.667,38403254.42,Active,4/10/2012,90007,6.745639,38.403254,Valid
2,75.0,Stadium,,Sh/B/Mekuriya Asfaw,200220,6745785.667,38403183.02,Active,4/10/2012,90007,6.745786,38.403183,Valid
2,210.0,Stadium,920297344,Tiruwork Tefera ,200221,6745438.033,38403106.73,ACTIVE,4/12/2011,90007,6.745438,38.403107,Valid
2,560.0,Stadium,,Getahun Abebe,200222,6745250.0,38402981.48,Active,4/10/2012,90007,6.74525,38.402981,Valid
2,0.0,Stadium,,Mulugeta Seyid,200223,6745324.167,38402758.77,Active,4/10/2012,90007,6.745324,38.402759,Valid
2,13.0,Stadium,,X Tilahun Ali,200224,6745562.517,38402765.4,Active,4/10/2012,90007,6.745563,38.402765,Valid
2,0.0,Stadium,,Getahun Mulugeta,200225,6745535.3,38402654.62,Active,4/10/2012,90007,6.745535,38.402655,Valid
2,228.0,Stadium,,Nigussie Birhane,200226,6745490.233,38402439.32,Active,4/10/2012,90007,6.74549,38.402439,Valid
2,0.0,Stadium,,Teshoma Alemayehu,200227,6745266.733,38402153.9,Active,4/10/2012,90007,6.745267,38.402154,Valid
2,0.0,Stadium,947586744,Tsinat Daniel,200228,6745365.867,38402180.53,ACTIVE,4/12/2011,90007,6.745366,38.402181,Valid
2,0.0,Stadium,,Sintayehu Tesfu,200229,6745310.65,38401908.3,Active,4/10/2012,90007,6.745311,38.401908,Valid
2,237.0,Stadium,983808782,Gizachew Desalegn,200230,6745236.133,38401924.6,ACTIVE,4/12/2011,90007,6.745236,38.401925,Valid
2,239.0,Stadium,,Debrity Ledemo,200231,6745118.95,38401793.5,Active,4/10/2012,90007,6.745119,38.401793,Valid
2,0.0,Stadium,,Kebabuah Tegegn,200232,0.0,0.0,DISCONNECT,4/10/2012,90007,,,Missing or Invalid GPS
2,0.0,Stadium,,Zewde Doba,200233,6745065.45,38401104.13,Active,4/10/2012,90007,6.745065,38.401104,Valid
2,0.0,Stadium,934736068,Tilahun Negash,200234,6744536.433,38401032.05,ACTIVE,4/12/2011,90007,6.744536,38.401032,Valid
2,0.0,Stadium,,Kiflu Alemu,200235,6743642.55,38400666.33,ACTIVE,4/12/2011,90007,6.743643,38.400666,Valid
2,0.0,Stadium,,Mesfin Kitesa,200236,6744528.15,38401507.22,Active,4/10/2012,90007,6.744528,38.401507,Valid
2,0.0,Stadium,,Tsehay Shitaye,200237,6744587.467,38401581.77,Active,4/10/2012,90007,6.744587,38.401582,Valid
2,0.0,Stadium,,Desta Abela,200238,6744260.267,38401739.93,Active,4/10/2012,90007,6.74426,38.40174,Valid
2,0.0,Stadium,988109783,Yared Amare,200239,6744050.0,38402046.22,ACTIVE,4/12/2011,90007,6.74405,38.402046,Valid
2,0.0,Stadium,909794558,Yeshi Damtew,200240,6744009.483,38401999.32,ACTIVE,4/12/2011,90007,6.744009,38.401999,Valid
2,0.0,Stadium,967235797,Berasa Deshera,200241,6743672.367,38401450.3,ACTIVE,4/12/2011,90007,6.743672,38.40145,Valid
2,0.0,Stadium,916164305,Abayneh Mekuriya ,200242,6743880.567,38401881.97,ACTIVE,4/12/2011,90007,6.743881,38.401882,Valid
2,0.0,Stadium,,Tsege H/Michael,200243,6743765.05,38401702.48,Active,4/10/2012,90007,6.743765,38.401702,Valid
2,0.0,Stadium,,Defar Mosa,200244,6743939.067,38402095.07,Active,4/10/2012,90007,6.743939,38.402095,Valid
2,0.0,Stadium,,Asefa Alemu,200245,6744788.65,38402074.97,Active,4/10/2012,90007,6.744789,38.402075,Valid
2,0.0,Stadium,,Toshe Workicho,200246,6744752.383,38402325.6,Active,4/10/2012,90007,6.744752,38.402326,Valid
2,243.0,Stadium,,Simegn Bekele,200247,6744795.433,38402387.55,Active,4/10/2012,90007,6.744795,38.402388,Valid
2,0.0,Stadium,,Asefa Oda,200248,6745042.583,38402721.73,Active,4/10/2012,90007,6.745043,38.402722,Valid
2,0.0,Stadium,928741909,Zeleke Kue,200249,6744884.867,38402656.72,ACTIVE,4/12/2011,90007,6.744885,38.402657,Valid
2,0.0,Stadium,924444853,Nigussie Kebede,200250,6745081.367,38403025.67,ACTIVE,4/12/2011,90007,6.745081,38.403026,Valid
2,0.0,Stadium,916809522,Sara G/Medhin,200251,6745141.783,38403283.67,ACTIVE,4/12/2011,90007,6.745142,38.403284,Valid
2,0.0,Stadium,,Debebe Firew,200252,6745119.2,38403412.85,Active,4/10/2012,90007,6.745119,38.403413,Valid
2,0.0,Stadium,931761646,Tamirat Zerfu ,200253,6745177.85,38403656.15,ACTIVE,41/22/011_,90007,6.745178,38.403656,Valid
2,0.0,Stadium,,Mekonnen Kebede,200254,6745209.817,38403832.53,Active,4/10/2012,90007,6.74521,38.403833,Valid
2,0.0,Stadium,,Mesfin Kitesa Residence,200255,6745063.15,38403832.3,ACTIVE,4/12/2011,90007,6.745063,38.403832,Valid
2,0.0,Stadium,,Degaga Asfaw,200256,6745129.133,38404070.97,Active,4/10/2012,90007,6.745129,38.404071,Valid
2,0.0,Stadium,,Tsegaye Fekisa,200257,6745280.483,38404302.1,Active,4/10/2012,90007,6.74528,38.404302,Valid
2,0.0,Stadium,911709121,Misikir Abebe,200258,6745020.567,38404386.85,ACTIVE,4/12/2011,90007,6.745021,38.404387,Valid
2,93.0,Stadium,,Asfa Anebo,200259,6744753.333,38404317.45,ACTIVE,4/12/2011,90007,6.744753,38.404317,Valid
2,0.0,Stadium,968777048,Ayele Kamiso,200260,6745561.867,38404824.5,ACTIVE,4/12/2011,90007,6.745562,38.404824,Valid
2,0.0,Stadium,,Debebe Dima,200261,6745394.467,38405227.55,Active,4/10/2012,90007,6.745394,38.405228,Valid
2,0.0,Stadium,978799933,Abdelahid Abdela,200262,6745145.333,38405368.97,ACTIVE,4/12/2011,90007,6.745145,38.405369,Valid
2,0.0,Stadium,,Mengistu W/Michael,200263,6744855.9,38405571.48,Active,4/10/2012,90007,6.744856,38.405571,Valid
2,0.0,Stadium,916164591,Nigussie Tadesse,200264,6744832.117,38405491.48,ACTIVE,41-02-012_,90007,6.744832,38.405491,Valid
2,0.0,Stadium,912165599,Ageze Yuna,200265,6744306.183,38405296.43,ACTIVE,4/12/2011,90007,6.744306,38.405296,Valid
2,103.0,Stadium,990339053,Eshete Zeleke,200266,6743956.867,38405315.02,ACTIVE,4/12/2011,90007,6.743957,38.405315,Valid
2,1186.0,Stadium,,Asha Asele,200267,6743951.717,38405622.83,Active,4/10/2012,90007,6.743952,38.405623,Valid
2,0.0,Stadium,916811136,Bogalech Qenea ,200268,6744767.467,38405186.13,ACTIVE,4/12/2011,90007,6.744767,38.405186,Valid
2,0.0,Stadium,,Almaz Ali,200269,6744794.0,38404434.02,Active,4/10/2012,90007,6.744794,38.404434,Valid
2,0.0,Stadium,974784513,Bekele Denbelo,200270,6744468.917,38404022.62,ACTIVE,4/12/2011,90007,6.744469,38.404023,Valid
2,0.0,Stadium,903400414,Girma Asefa,200271,6744501.583,38404545.47,ACTIVE,4/12/2011,90007,6.744502,38.404545,Valid
2,0.0,Stadium,926428850,Mekonnen Girma,200272,6744295.183,38404539.07,ACTIVE,4/12/2011,90007,6.744295,38.404539,Valid
2,0.0,Stadium,910013532,Zerihun Adere,200273,6744189.85,38404295.75,ACTIVE,4/12/2011,90007,6.74419,38.404296,Valid
2,1176.0,Stadium,916503758,Worku W/Giorgis,200274,6743295.417,38404391.6,ACTIVE,4/12/2011,90007,6.743295,38.404392,Valid
2,0.0,Stadium,,Mesfin Hailu,200275,0.0,0.0,DISCONNECT,4/10/2012,90007,,,Missing or Invalid GPS
2,0.0,Stadium,,Roman Tesema,200276,6743727.533,38407891.15,Active,4/10/2012,90007,6.743728,38.407891,Valid
2,0.0,Stadium,,Abebe Tadesse,200277,6743733.583,38404468.55,Active,4/10/2012,90007,6.743734,38.404469,Valid
2,0.0,Stadium,,Mulye Buta,200278,6743659.117,38404500.85,Active,4/10/2012,90007,6.743659,38.404501,Valid
2,0.0,Stadium,,Teshoma Lamiso,200279,6743745.667,38404711.02,Active,4/10/2012,90007,6.743746,38.404711,Valid
2,0.0,Stadium,,Shimelis Hussein,200280,6743484.65,38404624.15,Active,4/10/2012,90007,6.743485,38.404624,Valid
2,0.0,Stadium,,Tiruneh Tamrat,200281,6743960.75,38404146.0,Active,4/10/2012,90007,6.743961,38.404146,Valid
2,115.0,Stadium,,Zenebework Alemu,200282,6743848.433,38404233.48,Active,4/10/2012,90007,6.743848,38.404233,Valid
2,0.0,Stadium,916164277,Qeleme Werku ,200283,6743828.933,38403981.97,ACTIVE,4/12/2011,90007,6.743829,38.403982,Valid
2,0.0,Stadium,,Tesfaye Hanka,200284,6744078.283,38404532.7,ACTIVE,4/10/2012,90007,6.744078,38.404533,Valid
2,0.0,Stadium,,Girma Arega,200285,6743297.85,38403483.42,Active,4/10/2012,90007,6.743298,38.403483,Valid
2,379.0,Stadium,,Wendimu Tesema,200286,6743513.367,38403376.35,Active,4/10/2012,90007,6.743513,38.403376,Valid
2,0.0,Stadium,,Hana Asefa,200287,6743617.767,38403246.53,Active,4/10/2012,90007,6.743618,38.403247,Valid
2,0.0,Stadium,,Matiwos Yaekob,200288,6743611.217,38403089.35,ACTIVE,4/10/2012,90007,6.743611,38.403089,Valid
2,0.0,Stadium,,Bezabih Debebe,200289,6743530.667,38402970.63,Active,4/10/2012,90007,6.743531,38.402971,Valid
2,0.0,Stadium,,Temesgen Meja,200290,6743416.45,38402844.62,Active,4/10/2012,90007,6.743416,38.402845,Valid
2,0.0,Stadium,,Bogalech G/Yohannes,200291,6743376.583,38402480.83,Active,4/10/2012,90007,6.743377,38.402481,Valid
2,319.0,Stadium,916810256,Mengesha Fanta,200292,6743293.133,38402315.5,ACTIVE,4/12/2011,90007,6.743293,38.402316,Valid
2,0.0,Stadium,,Nayizgi Reda,200293,6743277.65,38401645.28,Active,4/10/2012,90007,6.743278,38.401645,Valid
2,0.0,Stadium,,Mesele Admasu,200294,6743142.867,38401649.92,Active,4/10/2012,90007,6.743143,38.40165,Valid
2,0.0,Stadium,916433543,Wolde Wote,200295,6743277.383,38401786.7,ACTIVE,4/12/2011,90007,6.743277,38.401787,Valid
2,520.0,Stadium,,X Birhanu Alemu,200296,6743294.883,38402196.42,DISCONNECT,4/10/2012,90007,6.743295,38.402196,Valid
2,0.0,Stadium,916138991,Mintewab Cherinet,200297,6743135.617,38402457.25,DISCONNECT,4/12/2011,90007,6.743136,38.402457,Valid
2,0.0,Stadium,,Tesema Geda,200298,6742556.417,38402556.67,Active,4/10/2012,90007,6.742556,38.402557,Valid
2,0.0,Stadium,,Mengistu Asfaw,200299,6742761.367,38402745.88,Active,4/10/2012,90007,6.742761,38.402746,Valid
2,0.0,Stadium,,Tefera Debiso,200300,0.0,0.0,DISCONNECT,4/10/2012,90007,,,Missing or Invalid GPS
2,0.0,Stadium,931704049,Beyenech Mamo,200301,6742805.433,38402658.65,ACTIVE,4/12/2011,90007,6.742805,38.402659,Valid
2,0.0,Stadium,,Tesfaye Damtew,200302,0.0,0.0,TERMINATE,4/10/2012,90007,,,Missing or Invalid GPS
2,0.0,Stadium,,Ali Jilalo,200303,6742944.583,38403475.57,Active,4/10/2012,90007,6.742945,38.403476,Valid
2,0.0,Stadium,,Abebaw Shiferaw,200304,0.0,0.0,DISCONNECT,4/10/2012,90007,,,Missing or Invalid GPS
2,0.0,Stadium,916830224,Asefa Haro,200305,6742642.617,38403889.2,ACTIVE,4/12/2011,90007,6.742643,38.403889,Valid
2,0.0,Stadium,,Teshoma Shankoo,200306,6742680.8,38403693.9,Active,4/10/2012,90007,6.742681,38.403694,Valid
2,0.0,Stadium,,Moges G/Mariam,200307,6742954.717,38403980.32,Active,4/10/2012,90007,6.742955,38.40398,Valid
2,0.0,Stadium,916835955,Wolde Terada,200308,6743232.933,38403951.3,ACTIVE,4/12/2011,90007,6.743233,38.403951,Valid
2,0.0,Stadium,937267263,Estifanos Mechal,200309,6743079.567,38404038.77,ACTIVE,4/12/2011,90007,6.74308,38.404039,Valid
2,0.0,Stadium,,Gezahegn Getiso,200310,6743139.9,38404261.32,Active,4/10/2012,90007,6.74314,38.404261,Valid
2,0.0,Stadium,,Solomon Tadesse,200311,0.0,0.0,DISCONNECT,4/10/2012,90007,,,Missing or Invalid GPS
2,0.0,Stadium,,Eyamo Eketa,200312,6743557.217,38404408.95,Active,4/10/2012,90007,6.743557,38.404409,Valid
2,0.0,Stadium,,Tadesse Wube,200313,6743265.817,38404475.9,Active,4/10/2012,90007,6.743266,38.404476,Valid
2,1217.0,Stadium,,Nigussie Gideyale,200314,6742415.8,38404998.92,Active,4/10/2012,90007,6.742416,38.404999,Valid
2,0.0,Stadium,,Haimanot Hanfato,200315,6743437.183,38404839.57,ACTIVE,4/10/2012,90007,6.743437,38.40484,Valid
2,0.0,Stadium,,Misrak Tadesse,200316,6743585.05,38404725.6,Active,4/10/2012,90007,6.743585,38.404726,Valid
2,1202.0,Stadium,911805249,Mengistu Amare,200317,6743389.1,38404949.02,ACTIVE,4/12/2011,90007,6.743389,38.404949,Valid
2,0.0,Stadium,,Mengistu Wache,200318,6743518.233,38405025.75,Active,4/10/2012,90007,6.743518,38.405026,Valid
2,0.0,Stadium,,Daniel Dapaso,200319,6743456.367,38405256.33,DISCONNECT,4/10/2012,90007,6.743456,38.405256,Valid
2,0.0,Stadium,926527340,Girma Dilgicho,200320,6743264.217,38405487.02,ACTIVE,4/12/2011,90007,6.743264,38.405487,Valid
2,0.0,Stadium,,Solomon Mekuriya,200321,6743687.567,38405421.78,Active,4/10/2012,90007,6.743688,38.405422,Valid
2,1192.0,Stadium,,Getachew Geramo,200322,6743667.667,38405528.57,Active,4/10/2012,90007,6.743668,38.405529,Valid
2,0.0,Stadium,,Kedir Nuri,200323,0.0,0.0,DISCONNECT,4/10/2012,90007,,,Missing or Invalid GPS
2,0.0,Stadium,,Beyene Kunkuma,200324,6743375.9,38405792.38,Active,4/10/2012,90007,6.743376,38.405792,Valid
2,0.0,Stadium,,Dinku Aysa,200325,6743077.3,38405711.93,ACTIVE,4/12/2011,90007,6.743077,38.405712,Valid
2,0.0,Stadium,,Abebe Tadesse,200326,0.0,0.0,DISCONNECT,4/10/2012,90007,,,Missing or Invalid GPS
2,0.0,Stadium,,Tedla Belachew,200327,6742269.733,38405998.22,Active,4/10/2012,90007,6.74227,38.405998,Valid
2,0.0,Stadium,,Hailu Zewde,200328,6742822.8,38405489.08,Active,4/10/2012,90007,6.742823,38.405489,Valid
2,0.0,Stadium,,Bezabih Tefera,200329,6742938.417,38405560.8,Active,4/10/2012,90007,6.742938,38.405561,Valid
2,0.0,Stadium,916333226,Marta Tsegaye ,200330,6742839.067,38405453.32,ACTIVE,4/12/2011,90007,6.742839,38.405453,Valid
2,0.0,Stadium,995393662,Akalu W/Amenuel,200331,6742701.433,38405185.78,ACTIVE,4/12/2011,90007,6.742701,38.405186,Valid
2,0.0,Stadium,989940409,Gaema Laeko,200332,6742635.783,38405036.65,ACTIVE,4/12/2011,90007,6.742636,38.405037,Valid
2,0.0,Stadium,,Mulu W/Gebriel,200333,6742614.6,38404593.13,Active,4/10/2012,90007,6.742615,38.404593,Valid
2,0.0,Stadium,912878731,Tigist Solomon ,200334,6742655.1,38404770.17,ACTIVE,4/12/2011,90007,6.742655,38.40477,Valid
2,0.0,Stadium,954785538,Hailu Wedelo,200335,6742199.25,38403789.17,ACTIVE,4/12/2011,90007,6.742199,38.403789,Valid
2,0.0,Stadium,,Demse Dogiso,200336,6741971.767,38403843.0,Active,4/10/2012,90007,6.741972,38.403843,Valid
2,0.0,Stadium,,Ababu Afne,200337,6742738.783,38404913.7,Active,4/10/2012,90007,6.742739,38.404914,Valid
2,0.0,Stadium,,Abraham Negaso,200338,6742550.867,38404163.77,Active,4/10/2012,90007,6.742551,38.404164,Valid
2,0.0,Stadium,954608190,Sete Adis,200339,6742006.25,38404845.7,ACTIVE,41-02-012_,90007,6.742006,38.404846,Valid
2,0.0,Stadium,966471274,Mesfin Mamo,200340,6742051.167,38405073.25,ACTIVE,4/12/2011,90007,6.742051,38.405073,Valid
2,0.0,Stadium,916374943,Nigussie Gidelew,200341,6743457.117,38404754.38,ACTIVE,4/12/2011,90007,6.743457,38.404754,Valid
2,0.0,Stadium,,X A. G/Silasse Dassa,200342,6742028.983,38405427.38,Active,4/10/2012,90007,6.742029,38.405427,Valid
2,0.0,Stadium,,Kebede Lako,200343,6742295.6,38405380.67,Active,4/10/2012,90007,6.742296,38.405381,Valid
2,0.0,Stadium,938847926,Geresu Gensa,200344,6742221.383,38405616.55,ACTIVE,4/12/2011,90007,6.742221,38.405617,Valid
2,0.0,Stadium,916504830,Tamene Getahun ,200345,6741638.0,38405180.0,ACTIVE,41-22-011_,90007,6.741638,38.40518,Valid
2,0.0,Stadium,,Meseret Yehaleshet,200346,6741425.2,38405777.6,ACTIVE,4/10/2012,90007,6.741425,38.405778,Valid
2,0.0,Stadium,,Negash Arega,200347,6741418.783,38405548.53,ACTIVE,4/10/2012,90007,6.741419,38.405549,Valid
2,0.0,Stadium,,Fitsum Getahun,200348,6740421.283,38405327.7,Active,4/10/2012,90007,6.740421,38.405328,Valid
2,0.0,Stadium,,Wogene Atnafu,200349,6741484.967,38405216.62,ACTIVE,4/10/2012,90007,6.741485,38.405217,Valid
2,0.0,Stadium,911335747,Tsegaye Sirwana,200350,6741662.633,38404970.88,ACTIVE,4/12/2011,90007,6.741663,38.404971,Valid
2,0.0,Stadium,913093508,Yohannes Markos,200351,6741293.55,38404725.67,ACTIVE,41-02-012_,90007,6.741294,38.404726,Valid
2,0.0,Stadium,,Lukas Kutofo,200352,6741275.133,38404480.35,Active,4/10/2012,90007,6.741275,38.40448,Valid
2,0.0,Stadium,,Tola Bekele,200353,6744206.783,38401400.33,Active,4/10/2012,90007,6.744207,38.4014,Valid
2,0.0,Stadium,916164823,Sintaro Sida,200354,6742817.867,38400617.7,ACTIVE,4/12/2011,90007,6.742818,38.400618,Valid
2,0.0,Stadium,916785287,W/R Bezabih Bekele,200355,6742742.55,38400269.23,ACTIVE,4/12/2011,90007,6.742743,38.400269,Valid
2,0.0,Stadium,916434338,Bogale Botoche,200356,6742654.75,38400146.52,ACTIVE,4/12/2011,90007,6.742655,38.400147,Valid
2,0.0,Stadium,,Abayneh Kalecha,200357,6743141.433,38399333.05,Active,4/10/2012,90007,6.743141,38.399333,Valid
2,0.0,Stadium,,Kassa Kabiso,200358,6742638.717,38400029.27,Active,4/10/2012,90007,6.742639,38.400029,Valid
2,0.0,Stadium,,Shito Mamo,200359,6744642.7,38404129.08,ACTIVE,4/10/2012,90007,6.744643,38.404129,Valid
2,0.0,Stadium,,Abera Awano,200360,0.0,0.0,DISCONNECT,4/10/2012,90007,,,Missing or Invalid GPS
2,0.0,Stadium,,Tadesse Tashte,200361,6744337.5,38405138.08,Active,4/10/2012,90007,6.744338,38.405138,Valid
2,0.0,Stadium,,Yilma Yilo,200362,6742950.95,38405456.08,Active,4/10/2012,90007,6.742951,38.405456,Valid
2,0.0,Stadium,993972683,Tesfaye Wendimu,200363,6743146.283,38399716.2,ACTIVE,4/12/2011,90007,6.743146,38.399716,Valid
2,0.0,Stadium,,Mengistu Kare,200364,6743936.533,38397403.58,Active,4/10/2012,90007,6.743937,38.397404,Valid
2,0.0,Stadium,,Tadiwos Filpos,200365,6744626.85,38401756.53,Active,4/10/2012,90007,6.744627,38.401757,Valid
2,0.0,Stadium,,Teklu Yilma,200366,6743323.667,38401884.28,Active,4/10/2012,90007,6.743324,38.401884,Valid
2,0.0,Stadium,934233388,Worknesh W/Tinsae,200367,6743816.117,38401893.42,ACTIVE,4/12/2011,90007,6.743816,38.401893,Valid
2,0.0,Stadium,,Zenebech G/Medhin,200368,0.0,0.0,DISCONNECT,4/10/2012,90007,,,Missing or Invalid GPS
2,0.0,Stadium,938612121,Bekele Hameso,200369,6744003.233,38401834.95,ACTIVE,4/12/2011,90007,6.744003,38.401835,Valid
2,0.0,Stadium,,Pawlos Markos,200370,6745308.017,38401577.67,Active,4/10/2012,90007,6.745308,38.401578,Valid
2,0.0,Stadium,,Belete Dejene,200371,6743830.967,38401417.8,Active,4/10/2012,90007,6.743831,38.401418,Valid
2,0.0,Stadium,,Loite Loka,200372,6743892.067,38401245.5,Active,4/10/2012,90007,6.743892,38.401246,Valid
2,0.0,Stadium,,Teshoma Shibru,200373,6743989.35,38404647.63,Active,4/10/2012,90007,6.743989,38.404648,Valid
2,0.0,Stadium,,Mebrat Birhanu,200374,6744562.25,38405447.47,Active,4/10/2012,90007,6.744562,38.405447,Valid
2,0.0,Stadium,,Kebele 02 Office,200375,0.0,0.0,DISCONNECT,4/10/2012,90007,,,Missing or Invalid GPS
2,0.0,Stadium,913352581,Witnesses of the Sky,200376,6741110.35,38404303.4,ACTIVE,4/12/2011,90007,6.74111,38.404303,Valid
2,0.0,Stadium,932602403,Fikadu Fiseha,200377,6741278.833,38404451.83,ACTIVE,4/12/2011,90007,6.741279,38.404452,Valid
2,0.0,Stadium,,Gizachew Belay,200378,6741379.05,38404250.92,ACTIVE,4/10/2012,90007,6.741379,38.404251,Valid
2,0.0,Stadium,935919482,Ketela Kerfafa,200379,6741360.15,38404177.37,ACTIVE,4/12/2011,90007,6.74136,38.404177,Valid
2,0.0,Stadium,,Degefa Smeye,200380,6740841.8,38403560.32,Active,4/10/2012,90007,6.740842,38.40356,Valid
2,0.0,Stadium,926239350,Askale Dadi,200381,6740762.133,38403195.9,ACTIVE,4/12/2011,90007,6.740762,38.403196,Valid
2,0.0,Stadium,,Zerihun Kebede,200382,6741708.033,38403578.75,ACTIVE,4/10/2012,90007,6.741708,38.403579,Valid
2,0.0,Stadium,,Yirgalem Kale Hiwot Church,200383,6741538.167,38405223.17,ACTIVE,4/12/2011,90007,6.741538,38.405223,Valid
2,0.0,Stadium,,Alemayehu Mulugeta,200384,6740642.917,38406269.02,ACTIVE,4/12/2011,90007,6.740643,38.406269,Valid
2,0.0,Stadium,,Beyene Kayeso,200385,0.0,0.0,DISCONNECT,4/10/2012,90007,,,Missing or Invalid GPS
2,0.0,Stadium,,Belay Bedilu,200386,6743323.933,38402001.27,Active,4/10/2012,90007,6.743324,38.402001,Valid
2,0.0,Stadium,949508082,Elfenesh W/Yes,200387,6741060.9,38403723.13,ACTIVE,4/12/2011,90007,6.741061,38.403723,Valid
2,0.0,Stadium,,Demecke Chinesho,200388,6745109.6,38400865.8,Active,4/10/2012,90007,6.74511,38.400866,Valid
2,0.0,Stadium,,Kebede Hariso,200389,0.0,0.0,DISCONNECT,4/10/2012,90007,,,Missing or Invalid GPS
2,0.0,Stadium,916626077,Abebech Yaekob,200390,6741525.683,38404742.5,ACTIVE,4/12/2011,90007,6.741526,38.404742,Valid
2,0.0,Stadium,916158168,Melaku Kassa,200391,6740883.117,38403127.9,ACTIVE,4/12/2011,90007,6.740883,38.403128,Valid
2,0.0,Stadium,,Kifle Haile,200392,6743013.517,38404107.25,Active,4/10/2012,90007,6.743014,38.404107,Valid
2,0.0,Stadium,,Abebe Tadesse,200393,6741853.85,38404322.55,ACTIVE,4/10/2012,90007,6.741854,38.404323,Valid
2,0.0,Stadium,,Samuel Gaema,200394,6742474.783,38403953.73,Active,4/10/2012,90007,6.742475,38.403954,Valid
2,0.0,Stadium,916152064,Demse Debiso,200395,6743045.267,38403328.43,ACTIVE,4/12/2011,90007,6.743045,38.403328,Valid
2,0.0,Stadium,,Fikadu Semu,200396,6743611.267,38402277.57,ACTIVE,4/10/2012,90007,6.743611,38.402278,Valid
2,0.0,Stadium,,Yohannes Bochera,200397,6743794.983,38401526.98,Active,4/10/2012,90007,6.743795,38.401527,Valid
2,0.0,Stadium,,Zelalem Awgachew,200398,6745779.317,38403360.48,ACTIVE,4/12/2011,90007,6.745779,38.40336,Valid
2,0.0,Stadium,935919005,Nigatu H/Mariam,200399,6743985.683,38405208.05,ACTIVE,4/12/2011,90007,6.743986,38.405208,Valid
2,0.0,Stadium,916642034,Fantaye Achilo,200400,6743824.517,38402293.28,ACTIVE,4/12/2011,90007,6.743825,38.402293,Valid
2,0.0,Stadium,926989199,Dawit Fetera,200401,6743115.067,38399903.83,ACTIVE,41-02-012_,90007,6.743115,38.399904,Valid
2,0.0,Stadium,,Teacher Admasse Menberu,200402,0.0,0.0,DISCONNECT,4/10/2012,90007,,,Missing or Invalid GPS
2,0.0,Stadium,916641770,Atkiyelesh Tadesse,200403,6743460.333,38405168.62,ACTIVE,4/12/2011,90007,6.74346,38.405169,Valid
2,0.0,Stadium,911008137,Helen Tadesse,200404,6742815.95,38403194.48,ACTIVE,4/12/2011,90007,6.742816,38.403194,Valid
2,0.0,Stadium,916164034,Sisay T/Mariam,200405,6743158.317,38399842.87,ACTIVE,4/12/2011,90007,6.743158,38.399843,Valid
2,0.0,Stadium,988322794,Mulatu Wachemo,200406,6743061.05,38399447.88,ACTIVE,4/12/2011,90007,6.743061,38.399448,Valid
2,0.0,Stadium,,Tafese Mute,200407,6743202.933,38400021.2,Active,4/10/2012,90007,6.743203,38.400021,Valid
2,0.0,Stadium,,Mulunesh Tesfaye,200408,6744435.6,38404344.7,Active,4/10/2012,90007,6.744436,38.404345,Valid
2,0.0,Stadium,916169035,Siyota Bekele,200409,6745857.033,38402464.22,DISCONNECT,4/12/2011,90007,6.745857,38.402464,Valid
2,0.0,Stadium,,Yebarge Gosago,200410,6745594.25,38402820.07,Active,4/10/2012,90007,6.745594,38.40282,Valid
2,0.0,Stadium,,Zubeyda Redi,200411,6744720.7,38404790.7,Active,4/10/2012,90007,6.744721,38.404791,Valid
2,0.0,Stadium,916934474,Dengiso Naramo,200412,6742941.517,38404705.53,ACTIVE,4/12/2011,90007,6.742942,38.404706,Valid
2,0.0,Stadium,,Abate Argaw,200413,0.0,0.0,DISCONNECT,4/10/2012,90007,,,Missing or Invalid GPS
2,0.0,Stadium,911008137,Abebe Tadesse,200414,6745599.5,38403157.73,ACTIVE,4/12/2011,90007,6.745599,38.403158,Valid
2,0.0,Stadium,,Wubalem Demu,200415,6744652.517,38405453.48,Active,4/10/2012,90007,6.744653,38.405453,Valid
2,0.0,Stadium,904818282,Nabil Kedir,200416,6744680.883,38404890.45,ACTIVE,41-02-012_,90007,6.744681,38.40489,Valid
2,0.0,Stadium,,Fikadu Alemu,200417,6745830.483,38403304.67,ACTIVE,4/12/2011,90007,6.74583,38.403305,Valid
2,0.0,Stadium,911138013,Kassa Lema,200418,6743325.567,38404437.78,ACTIVE,4/12/2011,90007,6.743326,38.404438,Valid
2,0.0,Stadium,916648919,Ayele Gebre ,200419,6743862.617,38405601.57,ACTIVE,4/12/2011,90007,6.743863,38.405602,Valid
2,0.0,Stadium,916503814,Birhanu Amelo ,200420,6740717.667,38405466.42,ACTIVE,41-02-012_,90007,6.740718,38.405466,Valid
2,0.0,Stadium,997060816,H/Mariam Hanfato,200421,6743235.5,38400807.17,ACTIVE,4/12/2011,90007,6.743235,38.400807,Valid
2,0.0,Stadium,926286459,Asefa Boe,200422,6743391.317,38401282.37,ACTIVE,4/12/2011,90007,6.743391,38.401282,Valid
2,0.0,Stadium,903510109,Tefera H/Mariam,200423,6743582.317,38401286.17,ACTIVE,4/12/2011,90007,6.743582,38.401286,Valid
2,0.0,Stadium,,Mindaye Desalegn,200424,6743825.35,38401885.67,ACTIVE,4/12/2011,90007,6.743825,38.401886,Valid
2,0.0,Stadium,,Duresa Rikiya,200425,0.0,0.0,TERMINATE,4/10/2012,90007,,,Missing or Invalid GPS
2,0.0,Stadium,,Elfenesh Zewde,200426,6743099.967,38401808.03,Active,4/10/2012,90007,6.7431,38.401808,Valid
2,0.0,Stadium,911739308,Solomon Tesfu,200427,6743609.183,38403513.02,ACTIVE,4/12/2011,90007,6.743609,38.403513,Valid
2,0.0,Stadium,916942731,Desta Demse,200428,6743517.817,38405091.57,ACTIVE,4/12/2011,90007,6.743518,38.405092,Valid
2,0.0,Stadium,,Tsegaye Getiso,200429,6742926.6,38404568.47,Active,4/10/2012,90007,6.742927,38.404568,Valid
2,0.0,Stadium,934736106,Weyinshet Woltamo,200430,6742703.583,38400261.32,ACTIVE,4/12/2011,90007,6.742704,38.400261,Valid
2,0.0,Stadium,,Tesfaye Ugamo,200431,6744224.033,38401645.63,Active,4/10/2012,90007,6.744224,38.401646,Valid
2,0.0,Stadium,,Asefa Ashango,200432,6743208.6,38400646.52,Active,4/10/2012,90007,6.743209,38.400647,Valid
2,0.0,Stadium,,Tsegaye Debiso,200433,6742377.483,38403600.72,Active,4/10/2012,90007,6.742377,38.403601,Valid
2,0.0,Stadium,,Kinfe Getaneh,200434,6744744.567,38402127.0,Active,4/10/2012,90007,6.744745,38.402127,Valid
2,0.0,Stadium,,Arega Mamo,200435,0.0,0.0,DISCONNECT,4/10/2012,90007,,,Missing or Invalid GPS
2,0.0,Stadium,913101211,Alemneh Teklu,200436,6742056.85,38404289.77,ACTIVE,4/12/2011,90007,6.742057,38.40429,Valid
2,0.0,Stadium,928756933,Worknesh Alenbo,200437,6744157.883,38401486.15,ACTIVE,4/12/2011,90007,6.744158,38.401486,Valid
2,0.0,Stadium,931706078,Tariku Solomon,200438,6744028.05,38405266.38,ACTIVE,4/12/2011,90007,6.744028,38.405266,Valid
2,0.0,Stadium,,Zeritu Mulugeta,200439,6742292.05,38403478.43,Active,4/10/2012,90007,6.742292,38.403478,Valid
2,0.0,Stadium,949529319,Getu Nua,200440,6742727.183,38404279.27,ACTIVE,4/12/2011,90007,6.742727,38.404279,Valid
2,0.0,Stadium,,Adunya Roma,200441,6743454.783,38402724.88,ACTIVE,4/10/2012,90007,6.743455,38.402725,Valid
2,0.0,Stadium,,Genet Asefa,200442,6742229.3,38403919.62,Active,4/10/2012,90007,6.742229,38.40392,Valid
2,0.0,Stadium,916030230,Demse Degu,200443,6742802.883,38397779.58,ACTIVE,4/12/2011,90007,6.742803,38.39778,Valid
2,0.0,Stadium,,Sisay Gosaye,200444,6742321.9,38398265.02,Active,4/10/2012,90007,6.742322,38.398265,Valid
2,0.0,Stadium,916504853,Tsege Tingamo,200445,6743016.8,38397976.77,ACTIVE,41-02-012_,90007,6.743017,38.397977,Valid
2,0.0,Stadium,916402829,Adanech Mamo ,200446,6742842.467,38403156.67,ACTIVE,4/12/2011,90007,6.742842,38.403157,Valid
2,0.0,Stadium,992732133,Aster Zula,200447,6742509.9,38403740.73,ACTIVE,4/12/2011,90007,6.74251,38.403741,Valid
2,0.0,Stadium,,Kedir Jemal,200448,6740951.5,38403481.43,Active,4/10/2012,90007,6.740952,38.403481,Valid
2,0.0,Stadium,,Belay Funta,200449,6741722.983,38403571.9,ACTIVE,4/10/2012,90007,6.741723,38.403572,Valid
2,0.0,Stadium,,K/Mariam G/Hiwot,200450,6741837.383,38403455.33,Active,4/10/2012,90007,6.741837,38.403455,Valid
2,0.0,Stadium,,Fantu Hatiso,200451,6741670.267,38403287.73,Active,4/10/2012,90007,6.74167,38.403288,Valid
2,0.0,Stadium,,Askale Dadi,200452,6740889.65,38403281.1,Active,4/10/2012,90007,6.74089,38.403281,Valid
2,0.0,Stadium,916031003,Abera Arfasa,200453,6741554.0,38403069.28,ACTIVE,4/12/2011,90007,6.741554,38.403069,Valid
2,0.0,Stadium,,Mulugeta Teshoma,200454,6741503.517,38402997.13,Active,4/10/2012,90007,6.741504,38.402997,Valid
2,0.0,Stadium,,Asefa Kamiso,200455,6741596.3,38403188.83,Active,4/10/2012,90007,6.741596,38.403189,Valid
2,0.0,Stadium,,Tesfaye G/Mariam,200456,6741731.333,38403007.62,Active,4/10/2012,90007,6.741731,38.403008,Valid
2,0.0,Stadium,,Yenenesh Nigussie,200457,6741712.533,38402937.03,Active,4/10/2012,90007,6.741713,38.402937,Valid
2,0.0,Stadium,,Ashenafu Sasamo,200458,6741999.5,38402814.0,Active,4/10/2012,90007,6.742,38.402814,Valid
2,0.0,Stadium,,Tamene Adere,200459,6742092.917,38402990.13,Active,4/10/2012,90007,6.742093,38.40299,Valid
2,0.0,Stadium,,Fiseha Dansamo,200460,6742283.6,38403283.18,Active,4/10/2012,90007,6.742284,38.403283,Valid
2,0.0,Stadium,916165820,Abera Garsamo,200461,6742316.417,38403347.7,ACTIVE,4/12/2011,90007,6.742316,38.403348,Valid
2,0.0,Stadium,916503758,Kebede Doyamo,200462,6742285.233,38403564.35,ACTIVE,4/12/2011,90007,6.742285,38.403564,Valid
2,0.0,Stadium,,Dansamo Dangamo,200463,6742825.283,38402470.4,ACTIVE,4/10/2012,90007,6.742825,38.40247,Valid
2,0.0,Stadium,941393071,Mekonnen Geda,200464,6742725.833,38402126.55,ACTIVE,4/12/2011,90007,6.742726,38.402127,Valid
2,0.0,Stadium,,Lensemo Nega,200465,6742674.717,38401782.18,Active,4/10/2012,90007,6.742675,38.401782,Valid
2,0.0,Stadium,,Birhanu Etiso,200466,6742729.15,38400808.0,Active,4/10/2012,90007,6.742729,38.400808,Valid
2,0.0,Stadium,,Seyfu Sila,200467,6742894.617,38400838.28,Active,4/10/2012,90007,6.742895,38.400838,Valid
2,0.0,Stadium,,Belay Belete,200468,0.0,0.0,DISCONNECT,4/10/2012,90007,,,Missing or Invalid GPS
2,0.0,Stadium,,Bizunesh Emoshe,200469,0.0,0.0,DISCONNECT,4/10/2012,90007,,,Missing or Invalid GPS
2,0.0,Stadium,,Engida Regassa,200470,0.0,0.0,DISCONNECT,4/10/2012,90007,,,Missing or Invalid GPS
2,0.0,Stadium,,Zefene Bogale,200471,6743091.8,38401071.68,ACTIVE,4/12/2011,90007,6.743092,38.401072,Valid
2,0.0,Stadium,934735699,Birhanu Yaekob,200472,6743106.3,38400906.53,ACTIVE,4/12/2011,90007,6.743106,38.400907,Valid
2,0.0,Stadium,,Genet Abay,200473,0.0,0.0,TERMINATE,4/10/2012,90007,,,Missing or Invalid GPS
2,0.0,Stadium,,Genet G/Meskel,200474,6740521.233,38406122.07,ACTIVE,4/10/2012,90007,6.740521,38.406122,Valid
2,0.0,Stadium,,Teshele Tadesse,200475,6743944.283,38400656.63,Active,4/10/2012,90007,6.743944,38.400657,Valid
2,0.0,Stadium,,Wogayehu Gedamu,200476,6743384.833,38400448.22,Active,4/10/2012,90007,6.743385,38.400448,Valid
2,0.0,Stadium,,Martha Kebede,200477,6743605.3,38400653.1,ACTIVE,4/12/2011,90007,6.743605,38.400653,Valid
2,0.0,Stadium,,Sr. Tinbit Daniel,200478,6744151.583,38400556.97,Active,4/10/2012,90007,6.744152,38.400557,Valid
2,0.0,Stadium,,Bogalech Habte,200479,6743384.833,38400448.22,ACTIVE,4/12/2011,90007,6.743385,38.400448,Valid
2,0.0,Stadium,913420127,Belay Horisa,200480,6743240.233,38400959.38,ACTIVE,4/12/2011,90007,6.74324,38.400959,Valid
2,0.0,Stadium,911552552,Tedros Kebede,200481,6743512.433,38400960.58,ACTIVE,4/12/2011,90007,6.743512,38.400961,Valid
2,0.0,Stadium,,Admasu Anjilo,200482,6743607.733,38400921.45,Active,4/10/2012,90007,6.743608,38.400921,Valid
2,0.0,Stadium,,Tesfahun Arega,200483,6743617.4,38401057.1,ACTIVE,4/12/2011,90007,6.743617,38.401057,Valid
2,0.0,Stadium,,Ageze Alemayehu,200484,6743292.817,38401081.3,ACTIVE,4/10/2012,90007,6.743293,38.401081,Valid
2,0.0,Stadium,902939577,Tigist Barasa ,200485,6742789.467,38402871.47,ACTIVE,4/12/2011,90007,6.742789,38.402871,Valid
2,0.0,Stadium,916168444,Yitbarek Argaw,200486,6744166.333,38400684.4,ACTIVE,4/12/2011,90007,6.744166,38.400684,Valid
2,0.0,Stadium,916965754,Million Negash,200487,6743229.567,38400395.98,ACTIVE,4/12/2011,90007,6.74323,38.400396,Valid
2,0.0,Stadium,,Zinabu Dema,200488,6739770.033,38403462.82,Active,4/10/2012,90007,6.73977,38.403463,Valid
2,0.0,Stadium,,Gezahegn Getahun,200489,6744070.183,38400673.47,Active,4/10/2012,90007,6.74407,38.400673,Valid
2,0.0,Stadium,916333063,Biru Alemayew ,200490,6745700.417,38404834.02,ACTIVE,4/12/2011,90007,6.7457,38.404834,Valid
2,0.0,Stadium,,Derese Desalegn,200491,6743315.45,38400825.75,Active,4/10/2012,90007,6.743315,38.400826,Valid
2,0.0,Stadium,923219001,Eshete Ayele,200492,6744022.983,38401338.0,ACTIVE,4/12/2011,90007,6.744023,38.401338,Valid
2,0.0,Stadium,,Dagmawit Yemane,200493,0.0,0.0,TERMINATE,4/10/2012,90007,,,Missing or Invalid GPS
2,0.0,Stadium,929907293,Teshale Bulto ,200494,6743548.15,38400816.0,ACTIVE,4/12/2011,90007,6.743548,38.400816,Valid
2,0.0,Stadium,916516447,Aschalew Birhanu,200495,6742362.55,38398747.93,ACTIVE,4/12/2011,90007,6.742363,38.398748,Valid
2,0.0,Stadium,953804381,Sgt. Girum Guga,200496,6742269.2,38398727.92,ACTIVE,4/12/2011,90007,6.742269,38.398728,Valid
2,0.0,Stadium,,Alemayehu Hussein,200497,6742582.75,38399640.1,Active,4/10/2012,90007,6.742583,38.39964,Valid
2,0.0,Stadium,,Ledemo Mirega,200498,6742549.267,38399498.03,Active,4/10/2012,90007,6.742549,38.399498,Valid
2,0.0,Stadium,,Taye Kifle,200499,6743384.833,38400448.22,Active,4/10/2012,90007,6.743385,38.400448,Valid
2,0.0,Stadium,916040917,Legesse Mute,200500,6743151.867,38404151.78,ACTIVE,4/12/2011,90007,6.743152,38.404152,Valid
2,0.0,Stadium,916965757,Gebaynesh Mekonnen,200501,6744463.7,38403840.78,ACTIVE,4/12/2011,90007,6.744464,38.403841,Valid
2,0.0,Stadium,911552552,Tedross Kebede ,200502,6744017.883,38400578.57,ACTIVE,4/12/2011,90007,6.744018,38.400579,Valid
2,0.0,Stadium,,Etenesh Yohannes,200503,6743895.767,38401176.27,Active,4/10/2012,90007,6.743896,38.401176,Valid
2,0.0,Stadium,,Abeba Kabiso,200504,6744042.05,38401066.3,Active,4/10/2012,90007,6.744042,38.401066,Valid
2,0.0,Stadium,,Ayelech Nuri,200505,6743652.283,38400957.43,Active,4/10/2012,90007,6.743652,38.400957,Valid
2,0.0,Stadium,913279635,Muluneh Nigussie,200506,6744045.067,38400886.4,ACTIVE,4/12/2011,90007,6.744045,38.400886,Valid
2,0.0,Stadium,,Mesfin Abera,200507,6743236.067,38404478.3,Active,4/10/2012,90007,6.743236,38.404478,Valid
2,0.0,Stadium,916030799,Tadesse Kuma,200508,6740967.267,38403435.33,ACTIVE,4/12/2011,90007,6.740967,38.403435,Valid
2,0.0,Stadium,,Mesfin Kitesa,200509,6743099.683,38401460.13,ACTIVE,4/10/2012,90007,6.7431,38.40146,Valid
2,0.0,Stadium,,Tefera Gebre,200510,6743398.417,38402196.82,Active,4/10/2012,90007,6.743398,38.402197,Valid
2,0.0,Stadium,,Tesema Geda,200511,0.0,0.0,DISCONNECT,4/10/2012,90007,,,Missing or Invalid GPS
2,0.0,Stadium,,Yasin Hussein,200512,6743870.867,38400551.88,Active,4/10/2012,90007,6.743871,38.400552,Valid
2,0.0,Stadium,,Wendimagegn Belete,200513,6743685.567,38400636.57,Active,4/10/2012,90007,6.743686,38.400637,Valid
2,0.0,Stadium,925549988,Emamlak Yudag,200514,6743591.6,38400858.08,ACTIVE,4/12/2011,90007,6.743592,38.400858,Valid
2,0.0,Stadium,,Ahmedin Edicho,200515,6743538.1,38401039.88,Active,4/10/2012,90007,6.743538,38.40104,Valid
2,0.0,Stadium,,Aster Toshe,200516,0.0,0.0,DISCONNECT,4/10/2012,90007,,,Missing or Invalid GPS
2,0.0,Stadium,,Bedilu Worku,200517,6743956.983,38400325.75,Active,4/10/2012,90007,6.743957,38.400326,Valid
2,0.0,Stadium,,Adanech Tamrat,200518,6744150.45,38404574.75,Active,4/10/2012,90007,6.74415,38.404575,Valid
2,0.0,Stadium,,Roman Rikiya,200519,6743594.267,38400801.82,Active,4/10/2012,90007,6.743594,38.400802,Valid
2,0.0,Stadium,,Meaza Argeta,200520,6743512.95,38400944.13,ACTIVE,4/10/2012,90007,6.743513,38.400944,Valid
2,0.0,Stadium,,Kifle Alemayehu,200521,6738775.45,38403225.58,Active,4/10/2012,90007,6.738775,38.403226,Valid
2,0.0,Stadium,926208071,Zewude Ashenafi ,200522,6743412.933,38401548.6,ACTIVE,41-02-012_,90007,6.743413,38.401549,Valid
2,0.0,Stadium,,Henok Gobena,200523,6743867.217,38400992.7,Active,4/10/2012,90007,6.743867,38.400993,Valid
2,0.0,Stadium,916169731,Fiqrekidan Birhanu ,200524,6743530.75,38400939.83,ACTIVE,41/02/012_,90007,6.743531,38.40094,Valid
2,0.0,Stadium,913112170,Selima Kedir ,200525,6743550.933,38400825.53,ACTIVE,4/12/2011,90007,6.743551,38.400826,Valid
2,0.0,Stadium,,Dagnachew Tafese,200526,6743949.533,38400869.13,Active,4/10/2012,90007,6.74395,38.400869,Valid
2,0.0,Stadium,,Daniel W/Gebriel,200527,6743934.767,38400873.65,Active,4/10/2012,90007,6.743935,38.400874,Valid
2,0.0,Stadium,,Ermiyas Desalegn,200528,6744017.883,38400578.57,Active,4/10/2012,90007,6.744018,38.400579,Valid
2,0.0,Stadium,,Mesfin G/Egziabher,200529,6743998.233,38400839.77,Active,4/10/2012,90007,6.743998,38.40084,Valid
2,0.0,Stadium,,Mesfin Manyazewal,200530,6744017.883,38400578.57,Active,4/10/2012,90007,6.744018,38.400579,Valid
2,0.0,Stadium,,Dagim Desta,200531,6743971.4,38400743.57,Active,4/10/2012,90007,6.743971,38.400744,Valid
2,0.0,Stadium,,Girma Notora,200532,6742776.3,38401615.05,Active,4/10/2012,90007,6.742776,38.401615,Valid
2,0.0,Stadium,,Mekdim Mohammed,200533,6744151.583,38400556.97,Active,4/10/2012,90007,6.744152,38.400557,Valid
2,0.0,Stadium,,Abdurahman Ahmedin,200534,6743985.067,38401017.75,Active,4/10/2012,90007,6.743985,38.401018,Valid
2,0.0,Stadium,,Tilahun Wakjira,200535,0.0,0.0,TERMINATE,4/10/2012,90007,,,Missing or Invalid GPS
2,0.0,Stadium,,Negash Alemu,200536,6745226.75,38401995.55,ACTIVE,4/10/2012,90007,6.745227,38.401996,Valid
2,0.0,Stadium,,Diribe Debela,200537,6743290.583,38401865.82,Active,4/10/2012,90007,6.743291,38.401866,Valid
2,0.0,Stadium,910087147,Newaye Mulatu ,200538,6744151.583,38400556.97,ACTIVE,4/12/2011,90007,6.744152,38.400557,Valid
2,0.0,Stadium,,Tayech Desalegn,200539,6743930.4,38400899.25,Active,4/10/2012,90007,6.74393,38.400899,Valid
2,0.0,Stadium,,Zerihun Bua,200540,6743706.9,38401009.28,ACTIVE,4/10/2012,90007,6.743707,38.401009,Valid
2,0.0,Stadium,921665783,Ashenafi Moges & W/Ro Yeshi Kefelegn,200541,6743670.267,38400880.38,ACTIVE,4/12/2011,90007,6.74367,38.40088,Valid
2,0.0,Stadium,,Tejitu Nigatu,200542,6743195.533,38401925.53,Active,4/10/2012,90007,6.743196,38.401926,Valid
2,0.0,Stadium,912099286,Desalegn Tumato,200543,6742065.267,38404458.52,ACTIVE,4/12/2011,90007,6.742065,38.404459,Valid
2,0.0,Stadium,912360440,Nigussie Sintayehu,200544,6743432.517,38400742.58,ACTIVE,4/12/2011,90007,6.743433,38.400743,Valid
2,0.0,Stadium,916265211,Mandefro Tekle,200545,6742285.983,38398540.05,ACTIVE,4/12/2011,90007,6.742286,38.39854,Valid
2,0.0,Stadium,,Yirgu Tadesse,200546,6743503.5,38400678.32,ACTIVE,4/10/2012,90007,6.743504,38.400678,Valid
2,0.0,Stadium,,Kemal Jemal,200547,0.0,0.0,DISCONNECT,4/10/2012,90007,,,Missing or Invalid GPS
2,0.0,Stadium,,Daniel Lamiso,200548,6742739.667,38400551.13,Active,4/10/2012,90007,6.74274,38.400551,Valid
2,0.0,Stadium,926042459,Tilahun Tsegaye,200549,6744552.683,38403844.12,ACTIVE,4/12/2011,90007,6.744553,38.403844,Valid
2,0.0,Stadium,909732752,0 A/Belete Dangamo,200550,6742339.267,38403106.82,ACTIVE,4/12/2011,90007,6.742339,38.403107,Valid
2,0.0,Stadium,,Yeneta Eliyas,200551,6742570.75,38399785.47,Active,4/10/2012,90007,6.742571,38.399785,Valid
2,0.0,Stadium,913333384,Wudinesh Tafese ,200552,6741812.467,38404228.53,ACTIVE,4/12/2011,90007,6.741812,38.404229,Valid
2,0.0,Stadium,,Tegegn Marufa,200553,6743865.317,38400610.7,Active,4/10/2012,90007,6.743865,38.400611,Valid
2,0.0,Stadium,,Asefa Dawato,200554,6742128.783,38404667.52,ACTIVE,4/12/2011,90007,6.742129,38.404668,Valid
2,0.0,Stadium,,Etenesh Garsamo,200555,6743368.917,38404697.18,Active,4/10/2012,90007,6.743369,38.404697,Valid
2,0.0,Stadium,916331524,Fikre Sato,200556,6740951.617,38403213.38,ACTIVE,4/12/2011,90007,6.740952,38.403213,Valid
2,0.0,Awada,,Temesgen Yirsaw,200557,0.0,0.0,DISCONNECT,4/10/2012,90011,,,Missing or Invalid GPS
2,0.0,Stadium,913513695,Asfaw Argeta,200558,6742233.517,38398587.95,ACTIVE,4/12/2011,90007,6.742234,38.398588,Valid
2,0.0,Stadium,,Fitsum Getahun,200559,6745342.333,38402247.5,ACTIVE,4/12/2011,90007,6.745342,38.402248,Valid
2,0.0,Stadium,926450651,Manaye Chekol,200560,6744057.5,38404947.05,ACTIVE,4/12/2011,90007,6.744058,38.404947,Valid
2,0.0,Stadium,,Fikadu Dawoto,200561,6742267.067,38404970.93,Active,4/10/2012,90007,6.742267,38.404971,Valid
2,0.0,Stadium,,Habtamu Dinku,200562,6742184.833,38403213.02,Active,4/10/2012,90007,6.742185,38.403213,Valid
2,0.0,Stadium,,Ashebir Dubale,200563,6742991.283,38402973.72,Active,4/10/2012,90007,6.742991,38.402974,Valid
2,0.0,Stadium,916164963,Wube Solomon ,200564,6742103.55,38403905.37,ACTIVE,4/12/2011,90007,6.742104,38.403905,Valid
2,0.0,Stadium,,Mintesnot Zerfu,200565,0.0,0.0,DISCONNECT,4/10/2012,90007,,,Missing or Invalid GPS
2,0.0,Stadium,,Mulugeta Guracha,200566,0.0,0.0,DISCONNECT,4/10/2012,90007,,,Missing or Invalid GPS
2,0.0,Stadium,,Abera Adola,200567,6742278.0,38398898.72,Active,4/10/2012,90007,6.742278,38.398899,Valid
2,0.0,Stadium,916332910,Wogene Ashenafi,200568,6740892.683,38402788.68,ACTIVE,4/12/2011,90007,6.740893,38.402789,Valid
2,0.0,Stadium,916164046,S/N W/Amlak W/Michael,200569,6740782.267,38402888.95,ACTIVE,4/12/2011,90007,6.740782,38.402889,Valid
2,0.0,Stadium,,Getenesh Zewde,200570,0.0,0.0,DISCONNECT,4/10/2012,90007,,,Missing or Invalid GPS
2,0.0,Stadium,926392818,Gonfa Kolasha,200571,6742953.517,38405528.62,ACTIVE,4/12/2011,90007,6.742954,38.405529,Valid
2,0.0,Stadium,,Atnafu Bonkoye,200572,6744641.767,38398113.42,Active,4/10/2012,90007,6.744642,38.398113,Valid
2,0.0,Stadium,913768515,Mahilet Sisay,200573,6741614.083,38405998.3,ACTIVE,4/12/2011,90007,6.741614,38.405998,Valid
2,0.0,Stadium,,Mekonnen Asefa,200574,6742183.083,38402798.55,Active,4/10/2012,90007,6.742183,38.402799,Valid
2,0.0,Awada,,Alem Hussein,200575,0.0,0.0,DISCONNECT,4/10/2012,90011,,,Missing or Invalid GPS
2,0.0,Awada,926614029,Sisay Demeke,200576,6752062.35,38390189.58,ACTIVE,4/12/2011,90011,6.752062,38.39019,Valid
2,0.0,Awada,916435112,Alebachew Argeta,200577,6748577.25,38385560.77,ACTIVE,4/12/2011,90011,6.748577,38.385561,Valid
2,0.0,Awada,916641732,Mesele Itiso,200578,6748639.233,38386106.32,ACTIVE,41-02-012_,90011,6.748639,38.386106,Valid
2,0.0,Awada,913500481,Adane Garsana,200579,6753624.033,38391265.72,ACTIVE,4/12/2011,90011,6.753624,38.391266,Valid
2,0.0,Stadium,,Yilkal Abo,200580,6742929.25,38399169.5,Active,4/10/2012,90007,6.742929,38.399169,Valid
2,0.0,Stadium,,Asefa Bekele,200581,6742590.133,38403809.95,DISCONNECT,4/10/2012,90007,6.74259,38.40381,Valid
2,0.0,Stadium,,Mitiku Desta,200582,6742254.75,38403297.58,Active,4/10/2012,90007,6.742255,38.403298,Valid
2,0.0,Stadium,,Yewenet Kal Agency,200583,6740166.6,38402939.25,Active,4/10/2012,90007,6.740167,38.402939,Valid
2,0.0,Stadium,903721024,Dinkinesh Bosha ,200584,6740330.783,38405583.32,ACTIVE,4/12/2011,90007,6.740331,38.405583,Valid
2,0.0,Stadium,,Teacher Hailu Kebede,200585,6744509.267,38404063.03,Active,4/10/2012,90007,6.744509,38.404063,Valid
2,,Stadium,,Solomon Borsamo,200586,0.0,0.0,DISCONNECT,4/10/2012,90007,,,Missing or Invalid GPS
2,,Stadium,,Martha Togso,200587,6744575.017,38403970.72,Active,4/10/2012,90007,6.744575,38.403971,Valid
2,,Stadium,,Bekelech Debesa,200588,0.0,0.0,DISCONNECT,4/10/2012,90007,,,Missing or Invalid GPS
2,,Awada,,Mamitu Abegaz,200589,6754912.45,38390597.9,Active,4/10/2012,90011,6.754912,38.390598,Valid
2,,Stadium,916803426,Asirat Betiaso ,200590,6743204.5,38400186.28,ACTIVE,41-22-011_,90007,6.743205,38.400186,Valid
2,,Stadium,917166175,Abebe Boe,200591,6742621.183,38404140.37,ACTIVE,4/12/2011,90007,6.742621,38.40414,Valid
2,,Stadium,,Workitu Sheferaw,200592,6743621.3,38405112.38,Active,4/10/2012,90007,6.743621,38.405112,Valid
2,,Awada,912031360,Nigussie Meta,200593,6750519.383,38392233.7,ACTIVE,41-02-012_,90011,6.750519,38.392234,Valid
2,,Awada,,Mengistu Dorsiso,200594,6749647.117,38391376.63,ACTIVE,4/12/2011,90011,6.749647,38.391377,Valid
2,,Awada,910049194,Belay Arega,200595,6753663.183,38390900.87,ACTIVE,4/12/2011,90011,6.753663,38.390901,Valid
2,,Awada,927088595,Tinsae Argaw,200596,6755476.45,38390447.57,ACTIVE,4/12/2011,90011,6.755476,38.390448,Valid
2,,Awada,913388807,Birhanu Kia,200597,6753501.417,38391806.53,ACTIVE,4/12/2011,90011,6.753501,38.391807,Valid
2,,Awada,,Aregash Asefa,200598,6746079.633,38388328.2,Active,4/10/2012,90011,6.74608,38.388328,Valid
2,,Awada,,Bekelech Belayneh,200599,6745019.417,38386238.52,Active,4/10/2012,90011,6.745019,38.386239,Valid
2,,Awada,912133914,Tafesech T/Haimanot,200600,6744096.117,38385991.2,ACTIVE,4/12/2011,90011,6.744096,38.385991,Valid
2,,Awada,,Simano Sirbo,200601,6744142.183,38386276.77,Active,4/10/2012,90011,6.744142,38.386277,Valid
2,,Stadium,913174510,Development Bank New,200602,6746079.133,38403116.97,ACTIVE,4/12/2011,90007,6.746079,38.403117,Valid
2,,Stadium,,Y/A/K/Kentiba Office,200603,0.0,0.0,DISCONNECT,4/10/2012,90007,,,Missing or Invalid GPS
2,,Stadium,,Prison,200604,0.0,0.0,DISCONNECT,4/10/2012,90007,,,Missing or Invalid GPS
2,,Stadium,,Stadium Sidama Bunna,200605,0.0,0.0,DISCONNECT,4/10/2012,90007,,,Missing or Invalid GPS
2,,Stadium,,Education by Radio Broadcast,200606,6742750.767,38402610.67,DISCONNECT,4/10/2012,90007,6.742751,38.402611,Valid
2,,Stadium,,Commercial Bank,200607,6745746.417,38404796.0,Active,4/10/2012,90007,6.745746,38.404796,Valid
2,,Stadium,,Youth Center,200608,6745489.683,38404170.5,ACTIVE,4/12/2011,90007,6.74549,38.40417,Valid
2,,Stadium,916057547,Meskerem 2 School,200609,0.0,0.0,ACTIVE,41-02-012_,90007,,,Missing or Invalid GPS
2,,Stadium,,Y/A/K/Youth Center,200610,0.0,0.0,DISCONNECT,4/10/2012,90007,,,Missing or Invalid GPS
2,,Stadium,,Weyini Maremiya ,200611,0.0,0.0,TERMINATE,4/10/2012,90007,,,Missing or Invalid GPS
2,,Stadium,,Rural School Organization,200612,6746147.7,38404875.9,DISCONNECT,4/10/2012,90007,6.746148,38.404876,Valid
2,,Stadium,,Dale Woreda Administration Office,200613,0.0,0.0,DISCONNECT,4/10/2012,90007,,,Missing or Invalid GPS
2,,Stadium,,Dale Woreda Administration Meeting Hall,200614,0.0,0.0,DISCONNECT,4/10/2012,90007,,,Missing or Invalid GPS
2,,Stadium,,Y/A/K/Admin/Office Stadium Site,200615,6743181.583,38401408.02,ACTIVE,4/10/2012,90007,6.743182,38.401408,Valid
2,,Stadium,,Adanech Kebede,200616,0.0,0.0,DISCONNECT,4/10/2012,90007,,,Missing or Invalid GPS
2,,Stadium,,Ayenew Bonja,200617,6744477.65,38404158.47,Active,4/10/2012,90007,6.744478,38.404158,Valid
2,,Stadium,,Martha Togso,200618,0.0,0.0,TERMINATE,4/10/2012,90007,,,Missing or Invalid GPS
2,,Stadium,,Yohannes Alito,200619,6742329.717,38403491.5,Active,4/10/2012,90007,6.74233,38.403492,Valid
2,,Awada,,Bekelech Belayneh,200620,0.0,0.0,DISCONNECT,4/10/2012,90011,,,Missing or Invalid GPS
2,,Awada,911064213,Yosef Haile,200621,6748510.983,38383778.62,ACTIVE,4/12/2011,90011,6.748511,38.383779,Valid
2,,Stadium,,Bayush Belayneh,200622,0.0,0.0,DISCONNECT,4/10/2012,90007,,,Missing or Invalid GPS
2,,Awada,,Alemayehu Awgicho,200623,0.0,0.0,DISCONNECT,4/10/2012,90011,,,Missing or Invalid GPS
2,,Stadium,,Solomon Borsamo,200624,0.0,0.0,DISCONNECT,4/10/2012,90007,,,Missing or Invalid GPS
2,,Stadium,,Tesfayu Eliyas,200625,0.0,0.0,DISCONNECT,4/10/2012,90007,,,Missing or Invalid GPS
2,,Awada,,Alem Hussein,200626,6751735.75,38389700.62,Active,4/10/2012,90011,6.751736,38.389701,Valid
2,,Stadium,,Mamitu Abegaz,200627,0.0,0.0,TERMINATE,4/10/2012,90007,,,Missing or Invalid GPS
2,,Awada,,Hawassa University Awada Campus No. 4,200628,6749028.55,38383410.03,DISCONNECT,4/10/2012,90011,6.749029,38.38341,Valid
2,,Stadium,,Yeshiemebet Abebe,200629,0.0,0.0,TERMINATE,4/10/2012,90007,,,Missing or Invalid GPS
2,,Stadium,,Women and Children Center,200630,0.0,0.0,DISCONNECT,4/10/2012,90007,,,Missing or Invalid GPS
2,,Stadium,,Woletes Yeshe,200631,0.0,0.0,TERMINATE,4/10/2012,90007,,,Missing or Invalid GPS
2,,Stadium,916137228,Emebet Abebe,200632,6744557.167,38401275.47,ACTIVE,4/12/2011,90007,6.744557,38.401275,Valid
2,,Stadium,,Women and Children,200633,0.0,0.0,DISCONNECT,4/10/2012,90007,,,Missing or Invalid GPS
2,,Stadium,,W/Mariam Anshebo,200634,6743463.667,38405136.83,Active,4/10/2012,90007,6.743464,38.405137,Valid
2,,Stadium,,A.A. Simamo Kenero,200635,0.0,0.0,TERMINATE,4/10/2012,90007,,,Missing or Invalid GPS
2,,Stadium,,Azalech W/Argay,200636,0.0,0.0,TERMINATE,4/10/2012,90007,,,Missing or Invalid GPS
2,,Stadium,,Yohannes Alito,200637,0.0,0.0,TERMINATE,4/10/2012,90007,,,Missing or Invalid GPS
2,,Awada,,Teklu Tamrat,200638,0.0,0.0,DISCONNECT,4/10/2012,90011,,,Missing or Invalid GPS
2,,Stadium,,Mekdes Ayalew,200639,0.0,0.0,TERMINATE,4/10/2012,90007,,,Missing or Invalid GPS
2,,Stadium,,Adamu Mohammed,200640,0.0,0.0,DISCONNECT,4/10/2012,90007,,,Missing or Invalid GPS
2,,Stadium,,Flint Stone Engineering,200641,0.0,0.0,DISCONNECT,4/10/2012,90007,,,Missing or Invalid GPS
2,,Stadium,,Solomon Barsamo,200642,0.0,0.0,DISCONNECT,4/10/2012,90007,,,Missing or Invalid GPS
2,,Stadium,,Tefera Debiso,200643,0.0,0.0,DISCONNECT,4/10/2012,90007,,,Missing or Invalid GPS
2,,Stadium,,Solomon Tadesse,200644,0.0,0.0,DISCONNECT,4/10/2012,90007,,,Missing or Invalid GPS
2,,Stadium,,Adanech Kebede,200645,0.0,0.0,DISCONNECT,4/10/2012,90007,,,Missing or Invalid GPS
2,,Stadium,,Mekdes Ayalew,200646,0.0,0.0,TERMINATE,4/10/2012,90007,,,Missing or Invalid GPS
2,,Stadium,,Abayneh Achuna,200647,0.0,0.0,DISCONNECT,4/10/2012,90007,,,Missing or Invalid GPS
2,,Stadium,,Tsegaye Kamoso,200648,0.0,0.0,DISCONNECT,4/10/2012,90007,,,Missing or Invalid GPS
2,,Stadium,,Flint Stone Engineering,200649,0.0,0.0,DISCONNECT,4/10/2012,90007,,,Missing or Invalid GPS
2,,Awada,938916061,Elfenesh Memo,200650,6752787.417,38390368.45,ACTIVE,4/12/2011,90011,6.752787,38.390368,Valid
2,,Stadium,,Tsegaye Kamiso,200651,0.0,0.0,DISCONNECT,4/10/2012,90007,,,Missing or Invalid GPS
2,,Stadium,911028795,Mesfin Mamo,200652,6744021.133,38400668.47,ACTIVE,4/12/2011,90007,6.744021,38.400668,Valid
2,,Stadium,,Alemtshehay Seyfu,200653,6743566.2,38401009.82,ACTIVE,4/10/2012,90007,6.743566,38.40101,Valid
2,,Awada,,Nigatu Regassa,200654,6745207.017,38386291.55,Active,4/10/2012,90011,6.745207,38.386292,Valid
2,,Stadium,,Gezahegn Getiso,200655,0.0,0.0,DISCONNECT,4/10/2012,90007,,,Missing or Invalid GPS
2,,Stadium,,Gezahegn Getiso,200656,0.0,0.0,DISCONNECT,4/10/2012,90007,,,Missing or Invalid GPS
2,,Stadium,,Teklu Tamrat,200657,0.0,0.0,DISCONNECT,4/10/2012,90007,,,Missing or Invalid GPS
2,,Stadium,,Adamu Mohammed,200658,0.0,0.0,DISCONNECT,4/10/2012,90007,,,Missing or Invalid GPS
2,,Stadium,,Flint Stone Engineering,200659,0.0,0.0,DISCONNECT,4/10/2012,90007,,,Missing or Invalid GPS
2,,Stadium,,Solomon Barsamo,200660,0.0,0.0,DISCONNECT,4/10/2012,90007,,,Missing or Invalid GPS
2,,Stadium,,Tefara Debiso,200661,0.0,0.0,DISCONNECT,4/10/2012,90007,,,Missing or Invalid GPS
2,,Stadium,,Solomon Tadesse,200662,0.0,0.0,DISCONNECT,4/10/2012,90007,,,Missing or Invalid GPS
2,,Stadium,,Adanech Kebede,200663,0.0,0.0,DISCONNECT,4/10/2012,90007,,,Missing or Invalid GPS
2,,Stadium,,Mekdes Ayalew,200664,0.0,0.0,TERMINATE,4/10/2012,90007,,,Missing or Invalid GPS
2,,Stadium,,Abayneh A/Chuna,200665,0.0,0.0,DISCONNECT,4/10/2012,90007,,,Missing or Invalid GPS
2,,Stadium,,Tsegaye Kamiso,200666,0.0,0.0,DISCONNECT,4/10/2012,90007,,,Missing or Invalid GPS
2,,Stadium,,Ermiyas Kebede,200667,0.0,0.0,DISCONNECT,4/10/2012,90007,,,Missing or Invalid GPS
2,,Stadium,,Bizunesh Emoshe,200668,0.0,0.0,DISCONNECT,4/10/2012,90007,,,Missing or Invalid GPS
2,,Stadium,,Kemal Jemal,200669,0.0,0.0,DISCONNECT,4/10/2012,90007,,,Missing or Invalid GPS
2,,Stadium,,Bayush Belayneh,200670,0.0,0.0,DISCONNECT,4/10/2012,90007,,,Missing or Invalid GPS
2,,Awada,,Alemayehu Awgicho,200671,0.0,0.0,DISCONNECT,4/10/2012,90011,,,Missing or Invalid GPS
2,,Stadium,,Gubae Eltamo,200672,0.0,0.0,DISCONNECT,4/10/2012,90007,,,Missing or Invalid GPS
2,,Stadium,,Natan Labiso,200673,0.0,0.0,TERMINATE,4/10/2012,90007,,,Missing or Invalid GPS
2,,Stadium,,Adam Mohammed,200674,0.0,0.0,TERMINATE,4/10/2012,90007,,,Missing or Invalid GPS
2,,Awada,916433573,Gubene Eltemo,200675,6753396.333,38389909.83,ACTIVE,41-02-012_,90011,6.753396,38.38991,Valid
2,,Stadium,,Azalech W/Argay,200676,6743177.25,38401402.03,Active,4/10/2012,90007,6.743177,38.401402,Valid
2,,Stadium,,Tesfaye Fane ,200677,6740313.317,38402705.57,ACTIVE,4/12/2011,90007,6.740313,38.402706,Valid
2,,Stadium,,Abebe Tadesse,200678,6742659.533,38405825.92,Active,4/10/2012,90007,6.74266,38.405826,Valid
2,,Stadium,,Bizunesh Emose,200679,0.0,0.0,DISCONNECT,4/10/2012,90007,,,Missing or Invalid GPS
2,,Stadium,,Alemayehu Awgicho,200680,6744718.85,38386805.37,DISCONNECT,4/10/2012,90007,6.744719,38.386805,Valid
2,,Stadium,913190559,Bizunesh Emoshe,200681,6743004.25,38401183.97,ACTIVE,4/12/2011,90007,6.743004,38.401184,Valid
2,,Stadium,,Flintstone Engineering,200682,0.0,0.0,DISCONNECT,4/10/2012,90007,,,Missing or Invalid GPS
2,,Stadium,,Solomon Yasin,200683,6743176.2,38403533.8,Active,4/10/2012,90007,6.743176,38.403534,Valid
2,,Awada,916868924,Muname Morka,200684,6754670.35,38390658.18,ACTIVE,4/12/2011,90011,6.75467,38.390658,Valid
2,,Awada,,Solomon Bogale,200685,6752506.117,38391177.5,Active,4/10/2012,90011,6.752506,38.391177,Valid
2,,Awada,,Adamu Mohammed,200686,6743903.417,38387007.75,Active,4/10/2012,90011,6.743903,38.387008,Valid
2,,Stadium,,Solomon Barsamo,200687,6744071.433,38405182.83,Active,4/10/2012,90007,6.744071,38.405183,Valid
2,,Stadium,911018410,Adanech Kebede,200688,6742928.117,38403694.98,ACTIVE,4/12/2011,90007,6.742928,38.403695,Valid
2,,Stadium,,Tsegaye Kamiso,200689,6743971.85,38405259.43,Active,4/10/2012,90007,6.743972,38.405259,Valid
2,,Stadium,,Solomon Tadesse,200690,6743481.833,38404203.98,Active,4/10/2012,90007,6.743482,38.404204,Valid
2,,Stadium,,Mekdes Ayalew,200691,0.0,0.0,TERMINATE,4/10/2012,90007,,,Missing or Invalid GPS
2,,Awada,,Teklu Tamrat,200692,6744559.067,38386715.48,Active,4/10/2012,90011,6.744559,38.386715,Valid
2,,Stadium,,Bayush Belayneh,200693,6743131.033,38400282.82,Active,4/10/2012,90007,6.743131,38.400283,Valid
2,,Stadium,,Gizaw Belay,200694,6741410.7,38404758.73,ACTIVE,4/12/2011,90007,6.741411,38.404759,Valid
2,,Stadium,,Kemal Jemal,200695,0.0,0.0,DISCONNECT,4/10/2012,90007,,,Missing or Invalid GPS
2,,Stadium,,Tefera Debiso,200696,0.0,0.0,DISCONNECT,4/10/2012,90007,,,Missing or Invalid GPS
2,,Stadium,911078418,Mesfin Hailu,200697,6743828.267,38404625.98,ACTIVE,41-02-012_,90007,6.743828,38.404626,Valid
2,,Stadium,,Kemal Jemal,200698,6742511.483,38399263.5,Active,4/10/2012,90007,6.742511,38.399264,Valid
2,,Stadium,,Abayneh Achuna,200699,0.0,0.0,DISCONNECT,4/10/2012,90007,,,Missing or Invalid GPS
2,,Stadium,,Girum Hailu,200700,0.0,0.0,DISCONNECT,4/10/2012,90007,,,Missing or Invalid GPS
2,,Stadium,,Tefera Debiso,200701,6742805.25,38402684.08,Active,4/10/2012,90007,6.742805,38.402684,Valid
2,,Stadium,,Prison,200702,6742544.683,38401261.15,Active,4/10/2012,90007,6.742545,38.401261,Valid
2,,Stadium,,Mekdes Ayalew,200703,6743846.367,38400800.22,Active,4/10/2012,90007,6.743846,38.4008,Valid
2,,Stadium,,W/Tsadiq Negewo,200704,6745860.667,38402414.98,Active,4/10/2012,90007,6.745861,38.402415,Valid
2,,Stadium,,Bilcha Kebede,200705,6743504.817,38405026.88,Active,4/10/2012,90007,6.743505,38.405027,Valid
2,,Stadium,916164655,Yatenesh Selomon ,200706,6742045.433,38403932.15,ACTIVE,4/12/2011,90007,6.742045,38.403932,Valid
2,,Awada,923364236,Abebe Eketa,200707,6749337.017,38391194.25,ACTIVE,4/12/2011,90011,6.749337,38.391194,Valid
2,,Stadium,,Demeckech Demse,200708,0.0,0.0,TERMINATE,4/10/2012,90007,,,Missing or Invalid GPS
2,,Stadium,903063908,Tesfaye Kedir,200709,6744740.933,38405108.28,ACTIVE,4/12/2011,90007,6.744741,38.405108,Valid
2,,Stadium,989047297,A/Alka H/Mariam Domo,200710,6743249.317,38404167.97,ACTIVE,4/12/2011,90007,6.743249,38.404168,Valid
2,,Stadium,,Gezahegn Garje,200711,6743430.3,38397832.95,Active,4/10/2012,90007,6.74343,38.397833,Valid
2,,Stadium,,Abebayeh Zegeye,200712,6743859.1,38397819.13,Active,4/10/2012,90007,6.743859,38.397819,Valid
2,,Stadium,985111078,Zenebe Gasa,200713,6743812.8,38397908.52,ACTIVE,4/12/2011,90007,6.743813,38.397909,Valid
2,,Stadium,,Getalem Ambaye,200714,6743150.567,38397838.27,Active,4/10/2012,90007,6.743151,38.397838,Valid
2,,Awada,911064686,Yonas Senkoru,200715,6748750.433,38388328.72,ACTIVE,41-02-012_,90011,6.74875,38.388329,Valid
2,,Awada,926239383,Tadelech Yimer,200716,6750657.7,38392230.33,ACTIVE,4/12/2011,90011,6.750658,38.39223,Valid
2,,Awada,908301502,Yankara Yano,200717,6748098.333,38393289.67,ACTIVE,41-02-012_,90011,6.748098,38.39329,Valid
2,,Stadium,916807647,Shenkore Matiwos,200718,6744582.833,38404125.83,ACTIVE,4/12/2011,90007,6.744583,38.404126,Valid
2,,Stadium,,Mekdes Kiyamo,200719,6741488.6,38404495.78,ACTIVE,4/10/2012,90007,6.741489,38.404496,Valid
2,,Awada,916022803,Azmera Gebre,200720,6748130.15,38382791.03,DISCONNECT,4/12/2011,90011,6.74813,38.382791,Valid
2,,Stadium,,Dagmawit Yemane,200721,6743638.067,38400680.55,ACTIVE,4/10/2012,90007,6.743638,38.400681,Valid
2,,Stadium,,Gezahegn Tadesse,200722,6745067.417,38401606.78,Active,4/10/2012,90007,6.745067,38.401607,Valid
2,,Stadium,,Kerisa Gobaro,200723,6745808.4,38403708.15,Active,4/10/2012,90007,6.745808,38.403708,Valid
2,,Stadium,939156108,Teferi Gebiso,200724,6744733.9,38404599.42,ACTIVE,4/12/2011,90007,6.744734,38.404599,Valid
2,,Stadium,,Kelemuwa Tesfaye,200725,6744512.85,38404040.5,Active,4/10/2012,90007,6.744513,38.404041,Valid
2,,Stadium,,Ehetalemaw Besha,200726,6742718.45,38402742.68,Active,4/10/2012,90007,6.742718,38.402743,Valid
2,,Stadium,,Almaw Legesse,200727,6744947.767,38401743.72,Active,4/10/2012,90007,6.744948,38.401744,Valid
2,,Stadium,,Etagenehu Desalegn,200728,6744637.35,38401828.35,Active,4/10/2012,90007,6.744637,38.401828,Valid
2,,Awada,,Dawit Smeye,200729,6746578.667,38387667.88,ACTIVE,4/12/2011,90011,6.746579,38.387668,Valid
2,,Awada,,Mengistu Guche,200730,6745324.1,38386868.27,ACTIVE,4/12/2011,90011,6.745324,38.386868,Valid
2,,Awada,,Gadisa Arega,200731,6747153.2,38388080.47,Active,4/10/2012,90011,6.747153,38.38808,Valid
2,,Awada,,Hobasa Lankamo,200732,6744697.0,38387192.98,Active,4/10/2012,90011,6.744697,38.387193,Valid
2,,Stadium,,Adis Tadesse,200733,6743862.1,38397721.43,Active,4/10/2012,90007,6.743862,38.397721,Valid
2,,Awada,,Semira Nasir,200734,6748166.117,38387361.7,Active,4/10/2012,90011,6.748166,38.387362,Valid
2,,Awada,919687979,Madancha Dangaro,200735,6747389.233,38386928.83,ACTIVE,41-02-012_,90011,6.747389,38.386929,Valid
2,,Awada,911064686,Yonas Shenkoru,200736,6748024.083,38387483.48,ACTIVE,41-02-012_,90011,6.748024,38.387483,Valid
2,,Awada,911971541,Bogale Gemeda,200737,6747784.6,38387314.05,ACTIVE,41-02-012_,90011,6.747785,38.387314,Valid
2,,Stadium,916412960,Kelemuwa Mindaye,200738,6742943.983,38405864.17,ACTIVE,4/12/2011,90007,6.742944,38.405864,Valid
2,,Stadium,926040852,Bekele Dukemo,200739,6742767.917,38400180.43,ACTIVE,4/12/2011,90007,6.742768,38.40018,Valid
2,,Stadium,913020323,Wondwosen Eshetu,200740,6741533.667,38403282.82,ACTIVE,4/12/2011,90007,6.741534,38.403283,Valid
2,,Stadium,,Siyum Kamiso,200741,6742973.967,38405310.53,Active,4/10/2012,90007,6.742974,38.405311,Valid
2,,Stadium,,Dale Woreda Agriculture,200742,0.0,0.0,DISCONNECT,4/10/2012,90007,,,Missing or Invalid GPS
2,,Stadium,945605731,Weyinishet Kifile ,200743,6741959.233,38403974.75,ACTIVE,4/12/2011,90007,6.741959,38.403975,Valid
2,,Stadium,,Yiheyis Kebede,200744,6741585.917,38403616.55,Active,4/10/2012,90007,6.741586,38.403617,Valid
2,,Stadium,916164576,Abebech Desalegn,200745,6742358.783,38405583.67,ACTIVE,4/12/2011,90007,6.742359,38.405584,Valid
2,,Awada,,Fayamo Godabo,200746,0.0,0.0,DISCONNECT,4/10/2012,90011,,,Missing or Invalid GPS
2,,Awada,,Tariku Kentola,200747,6754625.917,38390715.45,Active,4/10/2012,90011,6.754626,38.390715,Valid
2,,Stadium,,Mesfin Haile,200748,6742805.383,38397799.28,Active,4/10/2012,90007,6.742805,38.397799,Valid
2,,Awada,916167585,Terefe Sefalko,200749,6748148.767,38382728.1,ACTIVE,4/12/2011,90011,6.748149,38.382728,Valid
2,,Awada,903095525,Tigist Bedane,200750,6748077.217,38393313.73,ACTIVE,41-22-011_,90011,6.748077,38.393314,Valid
2,,Stadium,,Asnakech Yimru,200751,6742130.833,38405249.02,Active,4/10/2012,90007,6.742131,38.405249,Valid
2,,Awada,,Kenesa Belamo,200752,0.0,0.0,DISCONNECT,4/10/2012,90011,,,Missing or Invalid GPS
2,,Awada,916164774,Serawit Abatneh,200753,6751114.65,38380881.08,ACTIVE,41-02-012_,90011,6.751115,38.380881,Valid
2,,Stadium,,Tsegaye Amare,200754,6743746.383,38405659.48,Active,4/10/2012,90007,6.743746,38.405659,Valid
2,,Stadium,,Elfe Amato,200755,6741057.733,38403620.38,Active,4/10/2012,90007,6.741058,38.40362,Valid
2,,Awada,909566869,Desalegn Mekonnen,200756,6751308.217,38392776.03,ACTIVE,41-02-012_,90011,6.751308,38.392776,Valid
2,,Stadium,919689790,Abebe Degefa,200757,6743628.067,38397810.5,ACTIVE,4/12/2011,90007,6.743628,38.39781,Valid
2,,Awada,910182370,Tsehaynesh Abatneh,200758,6751161.85,38380808.28,ACTIVE,41-02-012_,90011,6.751162,38.380808,Valid
2,,Stadium,916333163,Gebyanesh Mamo,200759,6740336.617,38405534.53,ACTIVE,4/12/2011,90007,6.740337,38.405535,Valid
2,,Awada,,Abaynesh Belay,200760,6751467.317,38389200.48,Active,4/10/2012,90011,6.751467,38.3892,Valid
2,,Stadium,,Mekonnen Kembata,200761,6742490.783,38399176.35,Active,4/10/2012,90007,6.742491,38.399176,Valid
2,,Awada,,Abinet Lema,200762,6747467.983,38388184.77,Active,4/10/2012,90011,6.747468,38.388185,Valid
2,,Stadium,,Libu Kifle Building Contractor,200763,0.0,0.0,DISCONNECT,4/10/2012,90007,,,Missing or Invalid GPS
2,,Awada,,Tsegaye Kebede,200764,6747170.9,38387923.07,ACTIVE,4/10/2012,90011,6.747171,38.387923,Valid
2,,Awada,,Andinet Food Processing Association,200765,6742206.217,38386153.95,ACTIVE,4/10/2012,90011,6.742206,38.386154,Valid
2,,Stadium,920008481,Medina Abdo,200766,6745508.65,38401717.77,ACTIVE,4/12/2011,90007,6.745509,38.401718,Valid
2,,Stadium,,Siyum Kia,200767,6740657.55,38402815.65,Active,4/10/2012,90007,6.740658,38.402816,Valid
2,,Awada,926412670,Tegegn Kia,200768,6745548.917,38386319.77,ACTIVE,41-02-012_,90011,6.745549,38.38632,Valid
2,,Awada,926412667,Tegegn Kia,200769,0.0,0.0,ACTIVE,41-02-012_,90011,,,Missing or Invalid GPS
2,,Stadium,916077985,Bezabih Debebe,200770,6744743.283,38398279.18,ACTIVE,4/12/2011,90007,6.744743,38.398279,Valid
2,,Stadium,,Bezabih Bekele,200771,0.0,0.0,DISCONNECT,4/10/2012,90007,,,Missing or Invalid GPS
2,,Stadium,,Bizunesh Beregena,200772,6743248.45,38404198.1,Active,4/10/2012,90007,6.743248,38.404198,Valid
2,,Awada,,Tsehay Tariku,200773,6745243.183,38387472.92,Active,4/10/2012,90011,6.745243,38.387473,Valid
2,,Awada,,Alemayehu Nigatu,200774,6744944.1,38387362.57,ACTIVE,4/10/2012,90011,6.744944,38.387363,Valid
2,,Awada,,CZA MANUFACTURING PLC,200775,0.0,0.0,DISCONNECT,4/10/2012,90011,,,Missing or Invalid GPS
2,,Awada,,Haileshet Simeno,200776,6748572.033,38383851.35,Active,4/10/2012,90011,6.748572,38.383851,Valid
2,,Stadium,932602350,Desalegn Gobaro,200777,6738857.783,38403634.05,ACTIVE,4/12/2011,90007,6.738858,38.403634,Valid
2,,Stadium,,Kedir Ahmed Tira,200778,0.0,0.0,DISCONNECT,4/12/2011,90007,,,Missing or Invalid GPS
2,,Awada,,Habib Ali,200779,6744402.75,38386204.53,DISCONNECT,4/10/2012,90011,6.744403,38.386205,Valid
2,,Stadium,,Atikilt Tesfaye,200780,6745041.05,38401611.85,ACTIVE,4/12/2011,90007,6.745041,38.401612,Valid
2,,Awada,934233584,Meseret Temesgen,200781,6739882.5,38386426.95,ACTIVE,4/12/2011,90011,6.739883,38.386427,Valid
2,,Awada,945634190,Wansara Kia,200782,6744443.883,38386054.12,ACTIVE,4/12/2011,90011,6.744444,38.386054,Valid
2,,Stadium,,Mekdes Kayuma,200783,6745049.383,38398295.15,Active,4/10/2012,90007,6.745049,38.398295,Valid
2,,Awada,,Dr. Tesfahun Tekle,200784,0.0,0.0,DISCONNECT,4/12/2011,90011,,,Missing or Invalid GPS
2,,Stadium,,R/Eng. Engidayehu Afework,200785,6743253.467,38401647.22,Active,4/10/2012,90007,6.743253,38.401647,Valid
2,,Awada,916869446,Tadiwos Roba,200786,6748330.417,38382318.73,ACTIVE,41-02-012_,90011,6.74833,38.382319,Valid
2,,Awada,,Shimelis Argaw,200787,6753501.4,38391807.28,Active,4/10/2012,90011,6.753501,38.391807,Valid
2,,Awada,916332133,Asefa Yohannes,200788,6748111.333,38382647.13,ACTIVE,41-02-012_,90011,6.748111,38.382647,Valid
2,,Awada,926412834,Teklu Sefalko,200789,6748096.133,38382572.82,ACTIVE,41-02-012_,90011,6.748096,38.382573,Valid
2,,Awada,916374008,Demse Buane,200790,6752519.6,38391060.25,ACTIVE,4/12/2011,90011,6.75252,38.39106,Valid
2,,Stadium,916332706,Abebe Engidawork,200791,6744602.1,38404124.35,ACTIVE,4/12/2011,90007,6.744602,38.404124,Valid
2,,Awada,,Tesfaye Arera,200792,6745903.35,38387703.4,Active,4/10/2012,90011,6.745903,38.387703,Valid
2,,Awada,902628759,Wogene Yeara,200793,6748309.4,38386006.33,ACTIVE,4/12/2011,90011,6.748309,38.386006,Valid
2,,Stadium,,Etenesh Shibru,200794,6743306.667,38404662.63,Active,4/10/2012,90007,6.743307,38.404663,Valid
2,,Awada,916165406,Samuel Daimo,200795,6743162.25,38386775.43,ACTIVE,4/12/2011,90011,6.743162,38.386775,Valid
2,,Awada,919687979,Madancha Dangaro,200796,6747384.217,38387047.72,ACTIVE,41-02-012_,90011,6.747384,38.387048,Valid
2,,Awada,916830081,Awel Hussen ,200797,6746945.85,38388014.27,ACTIVE,4/12/2011,90011,6.746946,38.388014,Valid
2,,Stadium,,Tariku Ataro,200798,6743252.683,38400985.77,Active,4/10/2012,90007,6.743253,38.400986,Valid
2,,Awada,964039695,Mustafa Bahiru,200799,6749161.05,38392045.13,ACTIVE,41-02-012_,90011,6.749161,38.392045,Valid
2,,Stadium,,Mesay Beyene,200800,6745162.35,38398396.88,Active,4/10/2012,90007,6.745162,38.398397,Valid
2,,Stadium,,Chuchu Goa,200801,6741822.167,38404225.05,Active,4/10/2012,90007,6.741822,38.404225,Valid
2,,Awada,,Sintayehu Asefa,200802,6747047.067,38386840.88,Active,4/10/2012,90011,6.747047,38.386841,Valid
2,,Stadium,916169500,Nakachew Manaye,200803,6742603.867,38397843.28,ACTIVE,4/12/2011,90007,6.742604,38.397843,Valid
2,,Stadium,,Belay Abraham,200804,6741899.45,38405138.53,ACTIVE,4/10/2012,90007,6.741899,38.405139,Valid
2,,Awada,916515542,Hagriso Yetera,200805,6749539.8,38391444.87,ACTIVE,4/12/2011,90011,6.74954,38.391445,Valid
2,,Awada,,Etalemahu Habte,200806,6751166.617,38392134.6,Active,4/10/2012,90011,6.751167,38.392135,Valid
2,,Awada,924652783,Samuel Bee,200807,6747234.05,38388130.35,ACTIVE,4/12/2011,90011,6.747234,38.38813,Valid
2,,Stadium,968624434,Nigussie Fetene ,200808,6745679.833,38401675.03,ACTIVE,4/12/2011,90007,6.74568,38.401675,Valid
2,,Awada,,Dires Endaseb,200809,0.0,0.0,DISCONNECT,4/10/2012,90011,,,Missing or Invalid GPS
2,,Awada,,Gizachew Mamo,200810,0.0,0.0,DISCONNECT,4/10/2012,90011,,,Missing or Invalid GPS
2,,Awada,937316502,Abayneh Arusa,200811,6747955.567,38387347.82,ACTIVE,4/12/2011,90011,6.747956,38.387348,Valid
2,,Awada,,Misgun Tadege,200812,6744995.15,38386762.1,Active,4/10/2012,90011,6.744995,38.386762,Valid
2,,Stadium,,Tewawech W/Argay,200813,6742859.4,38405564.23,Active,4/10/2012,90007,6.742859,38.405564,Valid
2,,Awada,,Megersa K/Yimer,200814,0.0,0.0,DISCONNECT,4/10/2012,90011,,,Missing or Invalid GPS
2,,Awada,916167669,Zerihun Kakabo,200815,6748321.467,38387347.9,ACTIVE,41-02-012_,90011,6.748321,38.387348,Valid
2,,Awada,916516950,Terefe Dirirsa,200816,6746263.217,38387088.48,ACTIVE,41-02-012_,90011,6.746263,38.387088,Valid
2,,Awada,,Asefa Hamito,200817,6751801.117,38388896.17,Active,4/10/2012,90011,6.751801,38.388896,Valid
2,,Awada,,Asegedech Bediru,200818,6749936.9,38388480.45,Active,4/10/2012,90011,6.749937,38.38848,Valid
2,,Awada,,Wogene Estifanos,200819,6751040.383,38388916.58,ACTIVE,4/10/2012,90011,6.75104,38.388917,Valid
2,,Awada,997424076,Melesse Sidamo,200820,6750699.767,38388802.32,ACTIVE,41-02-012_,90011,6.7507,38.388802,Valid
2,,Awada,,Tsehay Etiso,200821,6748612.5,38386096.3,Active,4/10/2012,90011,6.748613,38.386096,Valid
2,,Stadium,978921714,Tigist Esatu,200822,6740851.5,38402995.45,ACTIVE,4/12/2011,90007,6.740851,38.402995,Valid
2,,Awada,,Bogalech Burso,200823,6748686.35,38384996.78,Active,4/10/2012,90011,6.748686,38.384997,Valid
2,,Awada,,Awada Word/Church,200824,6747557.583,38388152.42,Active,4/10/2012,90011,6.747558,38.388152,Valid
2,,Awada,0988289999/0988440590,Yanjo Tang,200825,0.0,0.0,DISCONNECT,4/12/2011,90011,,,Missing or Invalid GPS
2,,Stadium,,Hayeso Haso,200826,0.0,0.0,DISCONNECT,4/10/2012,90007,,,Missing or Invalid GPS
2,,Awada,911960788,Mahlet Samuel,200827,6748686.967,38386320.08,ACTIVE,4/12/2011,90011,6.748687,38.38632,Valid
2,,Stadium,916164908,Zargi G/Egziabher,200828,6743607.217,38403800.08,ACTIVE,4/12/2011,90007,6.743607,38.4038,Valid
2,,Stadium,,Melkamu Ike,200829,6743574.483,38397810.22,Active,4/10/2012,90007,6.743574,38.39781,Valid
2,,Awada,,Tinsae Argaw,200830,6753018.083,38390990.42,Active,4/10/2012,90011,6.753018,38.39099,Valid
2,,Stadium,,Italem Tsegaye,200831,6743035.0,38403282.98,Active,4/10/2012,90007,6.743035,38.403283,Valid
2,,Awada,911979713,Eshete Dingato,200832,6751679.7,38388898.72,ACTIVE,4/12/2011,90011,6.75168,38.388899,Valid
2,,Stadium,916807809,Samuel Ermiyas,200833,6740532.883,38402746.0,ACTIVE,4/12/2011,90007,6.740533,38.402746,Valid
2,,Awada,,Awada Minch School,200834,0.0,0.0,DISCONNECT,4/10/2012,90011,,,Missing or Invalid GPS
2,,Stadium,991399050,Tamenech Gezahegn,200835,6744684.25,38398086.62,ACTIVE,4/12/2011,90007,6.744684,38.398087,Valid
2,,Awada,916517200,Tadelech Mekonnen,200836,6751631.05,38393929.38,ACTIVE,41-02-012_,90011,6.751631,38.393929,Valid
2,,Stadium,,Yimtubizina Mekuriya,200837,6743742.133,38403459.8,Active,4/10/2012,90007,6.743742,38.40346,Valid
2,,Stadium,916504719,Elifinesh Mitiku ,200838,6745345.817,38400822.83,ACTIVE,4/12/2011,90007,6.745346,38.400823,Valid
2,,Awada,,Matiwos Shonkoru,200839,6747565.3,38387308.02,ACTIVE,4/12/2011,90011,6.747565,38.387308,Valid
2,,Stadium,916868327,Eliyas Walasa,200840,6743566.317,38397813.38,ACTIVE,4/12/2011,90007,6.743566,38.397813,Valid
2,,Stadium,916942001,Bizuayehu Abayneh,200841,6743358.9,38401278.28,ACTIVE,4/12/2011,90007,6.743359,38.401278,Valid
2,,Awada,986179774,Tsehay Wana,200842,6755181.65,38390531.43,ACTIVE,41-02-012_,90011,6.755182,38.390531,Valid
2,,Stadium,,Tariku Solomon,200844,6744028.05,38405266.38,Active,4/10/2012,90007,6.744028,38.405266,Valid
2,,Stadium,,Ganura Gaga,200845,6744690.233,38398102.43,Active,4/10/2012,90007,6.74469,38.398102,Valid
2,,Awada,941049004,Tsege Fune,200846,6748221.567,38387365.67,ACTIVE,41-22-011_,90011,6.748222,38.387366,Valid
2,,Stadium,903939165,Agana Tamru,200847,6744700.467,38398052.22,ACTIVE,4/12/2011,90007,6.7447,38.398052,Valid
2,,Stadium,916042053,Habtamu Argaw,200848,6743819.283,38404715.83,ACTIVE,4/12/2011,90007,6.743819,38.404716,Valid
2,,Awada,916811232,Fikre Argaw,200849,6753185.233,38391062.23,ACTIVE,4/12/2011,90011,6.753185,38.391062,Valid
2,,Stadium,916168044,Desalegn Dangso,200850,6744292.367,38397124.08,ACTIVE,4/12/2011,90007,6.744292,38.397124,Valid
2,,Stadium,913204879,Tariku Kotoro,200851,6740156.433,38406125.88,ACTIVE,4/12/2011,90007,6.740156,38.406126,Valid
2,,Stadium,,Ashenafi Eshetu,200852,6740089.233,38406080.33,Active,4/10/2012,90007,6.740089,38.40608,Valid
2,,Stadium,916809526,Dagnachew Asfaw,200853,6740156.7,38406063.22,ACTIVE,41-02-012_,90007,6.740157,38.406063,Valid
2,,Stadium,,Shibru Setu,200854,6744838.617,38402504.45,Active,4/10/2012,90007,6.744839,38.402504,Valid
2,,Stadium,,Zenebech Maru,200855,0.0,0.0,DISCONNECT,4/10/2012,90007,,,Missing or Invalid GPS
2,,Awada,916504551,Birhanu Itiso,200856,6748661.983,38386718.47,ACTIVE,4/12/2011,90011,6.748662,38.386718,Valid
2,,Awada,,Mesfin Mamo,200857,0.0,0.0,DISCONNECT,4/10/2012,90011,,,Missing or Invalid GPS
2,,Stadium,,Dale Woreda Houses and Urban Development Office,200858,0.0,0.0,DISCONNECT,4/10/2012,90007,,,Missing or Invalid GPS
2,,Stadium,,Asefash Desta,200859,6744082.05,38405150.5,Active,4/10/2012,90007,6.744082,38.40515,Valid
3,2.0,,926894001,Mitiku Negiya,300001,6747748.5,38407762.88,ACTIVE,41-02-012_,90027,6.747749,38.407763,Valid
3,269.0,,,Debebe Firew,300002,6747705.8,38407627.35,DISCONNECT,4/12/2011,90027,6.747706,38.407627,Valid
3,268.0,,,Debebech Reta,300003,0.0,0.0,DISCONNECT,4/12/2011,90027,,,Missing or Invalid GPS
3,0.0,,916170394,Weyma Real Estate,300004,6747235.683,38406866.0,ACTIVE,4/12/2011,90027,6.747236,38.406866,Valid
3,0.0,,910014989,Gashawbeza Nigatu,300005,6747176.167,38406890.2,ACTIVE,4/12/2011,90027,6.747176,38.40689,Valid
3,265.0,,,Wubsheta Kurabachew,300006,0.0,0.0,DISCONNECT,4/10/2012,90027,,,Missing or Invalid GPS
3,264.0,,,H/Michael Borsamo,300007,0.0,0.0,DISCONNECT,4/12/2011,90027,,,Missing or Invalid GPS
3,0.0,,926239203,Tesema Dima,300008,6747631.0,38406788.68,ACTIVE,41-02-012_,90027,6.747631,38.406789,Valid
3,0.0,,,Mesfin Kitesa,300009,0.0,0.0,DISCONNECT,4/10/2012,90027,,,Missing or Invalid GPS
3,0.0,,924302877,Kebebush Fereke ,300010,6747221.783,38406891.33,ACTIVE,4/12/2011,90027,6.747222,38.406891,Valid
3,285.0,,911709121,Abebe Wendimu,300011,6747459.467,38406177.98,ACTIVE,4/12/2011,90027,6.747459,38.406178,Valid
3,180.0,,911082328,Felekech Reta,300012,6747520.45,38406096.15,ACTIVE,41-02-012_,90027,6.74752,38.406096,Valid
3,524.0,,,Felekech Reta,300013,6747504.6,38406098.95,DISCONNECT,4/10/2012,90027,6.747505,38.406099,Valid
3,206.0,,916434799,Like Tesema,300014,0.0,0.0,DISCONNECT,41-02-012_,90027,,,Missing or Invalid GPS
3,0.0,,916164692,Legesse Bute,300015,6747365.467,38406075.45,ACTIVE,41-22-011_,90027,6.747365,38.406075,Valid
3,0.0,,926196684,Habtamu G/Michael,300016,6747233.433,38405971.57,ACTIVE,41-02-012_,90027,6.747233,38.405972,Valid
3,0.0,,916830235,Yitagesu Asegahegn ,300017,6747142.883,38405762.42,ACTIVE,4/12/2011,90027,6.747143,38.405762,Valid
3,263.0,,,Bogale Tilahun,300018,0.0,0.0,DISCONNECT,4/10/2012,90027,,,Missing or Invalid GPS
3,0.0,,945821177,Mekdes Habte,300019,6747108.883,38405549.65,ACTIVE,41-02-012_,90027,6.747109,38.40555,Valid
3,0.0,,916496220,Alemayehu Zewde,300020,6747083.35,38405606.87,ACTIVE,41-02-012_,90027,6.747083,38.405607,Valid
3,505.0,,916164114,Hiwot Moges,300021,0.0,0.0,DISCONNECT,41-02-012_,90027,,,Missing or Invalid GPS
3,506.0,,916138337,Shure Botote ,300022,6747116.15,38405345.37,ACTIVE,4/12/2011,90027,6.747116,38.405345,Valid
3,0.0,,916164114,Hiwot Teshome ,300023,6747212.85,38405098.43,ACTIVE,4/12/2011,90027,6.747213,38.405098,Valid
3,0.0,,912610097,Tewawech W/Gebriel,300024,6747302.5,38404911.05,ACTIVE,41-22-011_,90027,6.747302,38.404911,Valid
3,0.0,,945874935,Genet W/Gebriel,300025,6747416.483,38404886.12,ACTIVE,4/12/2011,90027,6.747416,38.404886,Valid
3,0.0,,,Gelaye Kassa,300026,0.0,0.0,DISCONNECT,4/10/2012,90027,,,Missing or Invalid GPS
3,0.0,,912287115,Yadergal Gelaye ,300027,6744667.433,38407614.88,ACTIVE,4/12/2011,90027,6.744667,38.407615,Valid
3,0.0,,,Tadelech Tilahun,300028,6746949.6,38404890.43,Active,4/10/2012,90027,6.74695,38.40489,Valid
3,299.0,,921790376,Zerihun Regassa,300029,6746872.683,38404796.4,ACTIVE,41-02-012_,90027,6.746873,38.404796,Valid
3,0.0,,910159773,Girum Zeleke,300030,6746827.517,38404678.77,ACTIVE,41-02-012_,90027,6.746828,38.404679,Valid
3,0.0,,916170394,Lakech W/Mariam,300031,6746604.767,38404766.23,ACTIVE,4/12/2011,90027,6.746605,38.404766,Valid
3,0.0,,,Kasech Lema,300032,0.0,0.0,DISCONNECT,4/10/2012,90027,,,Missing or Invalid GPS
3,0.0,,968645154,Birhanu Tabor,300033,6747338.0,38404110.0,ACTIVE,41-22-011_,90027,6.747338,38.40411,Valid
3,257.0,,962167789,Negash Nigussie,300034,6746843.017,38404544.32,ACTIVE,41-02-012_,90027,6.746843,38.404544,Valid
3,0.0,,916830127,Zelalem Dejene,300035,6746829.633,38404409.45,ACTIVE,41-22-011_,90027,6.74683,38.404409,Valid
3,683.0,,916830127,Yohannes Debebe,300036,6746927.367,38404316.05,ACTIVE,41-22-011_,90027,6.746927,38.404316,Valid
3,684.0,,916505110,Sintayew W/Giorgis,300037,6746888.2,38404256.35,ACTIVE,4/12/2011,90027,6.746888,38.404256,Valid
3,308.0,,932191007,Delelign W/Yohannes,300038,6746740.717,38404179.25,ACTIVE,41-02-012_,90027,6.746741,38.404179,Valid
3,111.0,,992903082,Bekele Belete,300039,6746738.8,38403912.95,ACTIVE,41-02-012_,90027,6.746739,38.403913,Valid
3,0.0,,916033581,Berasa Bake,300040,6747337.317,38403742.67,ACTIVE,41-02-012_,90027,6.747337,38.403743,Valid
3,0.0,,934706654,Tsidatuwa Simano,300041,6746887.483,38403887.28,ACTIVE,41-22-011_,90027,6.746887,38.403887,Valid
3,0.0,,913772023,Dagnachew Asefa ,300042,6746600.3,38403627.87,ACTIVE,4/12/2011,90027,6.7466,38.403628,Valid
3,0.0,,916830240,Agyenehu Firde,300043,6746602.783,38403493.0,ACTIVE,4/12/2011,90027,6.746603,38.403493,Valid
3,0.0,,916830158,Lema Belachew,300044,6746584.417,38403267.02,ACTIVE,4/12/2011,90027,6.746584,38.403267,Valid
3,0.0,,993530125,Sileshi Tamrat,300045,6746561.833,38403145.9,ACTIVE,41-02-012_,90027,6.746562,38.403146,Valid
2,0.0,,994171891,Tirunesh Menberu,201139,6746541.0,38403170.0,ACTIVE,41-02-012_,90027,6.746541,38.40317,Valid
3,441.0,,932056467,Yeshi Lemma ,300047,6746432.467,38403072.43,ACTIVE,4/12/2011,90027,6.746432,38.403072,Valid
3,0.0,,904839178,Kedriya Mohammed,300048,6746434.0,38403155.27,ACTIVE,4/12/2011,90027,6.746434,38.403155,Valid
3,10.0,,928993405,Mengesha Giriso,300049,6746357.417,38402866.58,ACTIVE,4/12/2011,90027,6.746357,38.402867,Valid
3,0.0,,988105546,Tesfaye Tadele,300050,6746642.25,38402710.03,ACTIVE,4/12/2011,90027,6.746642,38.40271,Valid
3,0.0,,924445699,Merigeta H/Eyesus,300051,6746714.7,38402605.98,ACTIVE,41-02-012_,90027,6.746715,38.402606,Valid
3,0.0,,925636134,Aynalem Bekele,300052,6746843.033,38402385.73,ACTIVE,4/12/2011,90027,6.746843,38.402386,Valid
3,0.0,,926208495,Misrak Tesema,300053,6746495.083,38402675.45,ACTIVE,41-02-012_,90027,6.746495,38.402675,Valid
3,0.0,,953805404,Elisabeth Negash,300054,6746344.517,38402542.68,ACTIVE,4/12/2011,90027,6.746345,38.402543,Valid
3,484.0,,911945834,Tadesse W/Kidan,300055,6746307.6,38402391.77,ACTIVE,4/12/2011,90027,6.746308,38.402392,Valid
3,0.0,,913189768,Sisay G/Hiwot,300056,6746282.15,38402479.35,ACTIVE,41-02-012_,90027,6.746282,38.402479,Valid
3,0.0,,916135057,Ashenafi Koshe,300057,6746490.1,38402650.43,ACTIVE,41-02-012_,90027,6.74649,38.40265,Valid
3,0.0,,916137228,Emebet Abebe,300058,6746023.65,38401840.82,ACTIVE,4/12/2011,90027,6.746024,38.401841,Valid
3,96.0,,912142166,Alemshet Shume,300059,6746111.9,38400990.95,ACTIVE,41-02-012_,90027,6.746112,38.400991,Valid
3,0.0,,916822894,Belay Debiso,300060,6746098.933,38401506.48,DISCONNECT,4/12/2011,90027,6.746099,38.401506,Valid
3,129.0,,916434099,Yohannes Tsegaye,300061,6745589.8,38400477.78,ACTIVE,41-02-012_,90027,6.74559,38.400478,Valid
3,0.0,,916024459,Emanuel Church No. 3,300062,6747527.4,38400796.18,ACTIVE,41-02-012_,90027,6.747527,38.400796,Valid
3,0.0,,916024459,Emanuel Church No. 1,300063,6746898.817,38400995.52,ACTIVE,41-02-012_,90027,6.746899,38.400996,Valid
3,0.0,,916024459,Emanuel Church No. 2,300064,6746112.067,38400991.47,ACTIVE,41-02-012_,90027,6.746112,38.400991,Valid
3,0.0,,916437329,Jinad,300065,6746727.517,38401260.87,ACTIVE,41-02-012_,90027,6.746728,38.401261,Valid
3,98.0,,974407538,Asefa Wanka,300066,6746407.783,38401559.3,ACTIVE,41-02-012_,90027,6.746408,38.401559,Valid
3,0.0,,,Kasahun Asmare,300067,6746451.817,38401638.3,Active,4/10/2012,90027,6.746452,38.401638,Valid
3,0.0,,910159773,Fiseha Gideyale,300068,6746523.333,38401796.0,ACTIVE,4/12/2011,90027,6.746523,38.401796,Valid
3,101.0,,934613188,Taba Kebede,300069,6746587.333,38401867.78,ACTIVE,41-02-012_,90027,6.746587,38.401868,Valid
3,0.0,,911763853,Tsehaye jenbere,300070,6746623.933,38402047.97,ACTIVE,41-22-011_,90027,6.746624,38.402048,Valid
3,0.0,,916826499,H/Melekot Mulugeta ,300071,6746663.3,38402148.37,ACTIVE,4/12/2011,90027,6.746663,38.402148,Valid
3,0.0,,913872308,Astaray Muwhagn,300072,6746804.617,38402164.02,ACTIVE,4/12/2011,90027,6.746805,38.402164,Valid
3,0.0,,911082328,Felekech Reta,300073,6746686.3,38402248.4,ACTIVE,41-02-012_,90027,6.746686,38.402248,Valid
3,0.0,,916333323,Gizaw Hatiso,300074,6746874.383,38402323.47,ACTIVE,41-02-012_,90027,6.746874,38.402323,Valid
3,0.0,,923264236,Abebe Eketa,300075,6746865.45,38402352.13,ACTIVE,4/12/2011,90027,6.746865,38.402352,Valid
3,0.0,,,Getnet Kebede,300076,0.0,0.0,DISCONNECT,4/10/2012,90027,,,Missing or Invalid GPS
3,0.0,,,Alem Yirba,300077,6746764.45,38402601.07,ACTIVE,4/12/2011,90027,6.746764,38.402601,Valid
3,0.0,,938076014,Yohannes Demse,300078,6746889.1,38402392.47,ACTIVE,4/12/2011,90027,6.746889,38.402392,Valid
3,0.0,,934738635,Netseh Workneh,300079,6746930.633,38402401.03,ACTIVE,4/12/2011,90027,6.746931,38.402401,Valid
3,0.0,,916664744,Sini Shafa ,300080,6747686.583,38403037.33,ACTIVE,4/12/2011,90027,6.747687,38.403037,Valid
3,0.0,,,Alemneh Getahun,300081,6746937.617,38402442.58,Active,4/10/2012,90027,6.746938,38.402443,Valid
3,0.0,,926052514,Kebede Yimer,300082,6746967.233,38402685.02,ACTIVE,4/12/2011,90027,6.746967,38.402685,Valid
3,42.0,,913981096,Negash Nigussie,300083,6747029.417,38402795.7,ACTIVE,4/12/2011,90027,6.747029,38.402796,Valid
3,0.0,,,Kasahun Asfaw,300084,6746888.033,38402771.17,Active,4/10/2012,90027,6.746888,38.402771,Valid
3,0.0,,916504847,Mesfin G/Mariam,300085,6746690.483,38402929.88,ACTIVE,4/12/2011,90027,6.74669,38.40293,Valid
3,0.0,,921476035,Worknesh W/Michael,300086,6746855.4,38403018.78,ACTIVE,41-02-012_,90027,6.746855,38.403019,Valid
3,0.0,,912827089,Sintayew Bulbula,300087,6746967.533,38403173.45,ACTIVE,41-02-012_,90027,6.746968,38.403173,Valid
3,0.0,,916165876,Kebede Belayneh,300088,6746967.533,38403173.45,ACTIVE,4/12/2011,90027,6.746968,38.403173,Valid
3,0.0,,920895717,Adanech Baruda,300089,6747187.85,38403100.6,ACTIVE,4/12/2011,90027,6.747188,38.403101,Valid
3,0.0,,949633734,Melaku Hadaro,300090,6746983.4,38403181.13,ACTIVE,4/12/2011,90027,6.746983,38.403181,Valid
3,0.0,,994171637,Asefa Zenebe,300091,6747048.567,38403225.17,ACTIVE,4/12/2011,90027,6.747049,38.403225,Valid
3,0.0,,934000205,Roman Deribe,300092,6747092.45,38403199.75,ACTIVE,4/12/2011,90027,6.747092,38.4032,Valid
3,0.0,,916375080,Mintewab Belay,300093,6747274.75,38403960.18,ACTIVE,4/12/2011,90027,6.747275,38.40396,Valid
3,420.0,,,Tsegaye Kebede,300094,6747103.917,38403257.43,Active,4/10/2012,90027,6.747104,38.403257,Valid
3,132.0,,913256501,Tafese Shalemo ,300095,6747127.967,38403360.85,ACTIVE,4/12/2011,90027,6.747128,38.403361,Valid
3,0.0,,,Hiwot Tesfaye,300096,6747299.4,38403969.75,ACTIVE,4/10/2012,90027,6.747299,38.40397,Valid
3,0.0,,911701037,Mahder Temeche,300097,6747527.7,38403589.92,ACTIVE,4/12/2011,90027,6.747528,38.40359,Valid
3,55.0,,,Adanech Denbel,300098,6747547.683,38403667.07,Active,4/10/2012,90027,6.747548,38.403667,Valid
3,87.0,,,Endeshaw Mekonnen,300099,0.0,0.0,DISCONNECT,4/10/2012,90027,,,Missing or Invalid GPS
3,0.0,,,Temesgen Desalegn,300100,6747268.9,38403961.42,ACTIVE,4/10/2012,90027,6.747269,38.403961,Valid
3,96.0,,,Asefa Salo,300101,6747346.267,38403902.25,Active,4/10/2012,90027,6.747346,38.403902,Valid
3,0.0,,,Salo Ahmed,300102,6747156.683,38404169.45,Active,4/10/2012,90027,6.747157,38.404169,Valid
3,245.0,,967697102,Tizalegn Yunka ,300103,6747400.55,38404055.52,ACTIVE,4/12/2011,90027,6.747401,38.404056,Valid
3,565.0,,,Haimanot Kebede,300104,6747355.233,38404124.82,Active,4/10/2012,90027,6.747355,38.404125,Valid
3,243.0,,,Belay Gezahegn,300105,0.0,0.0,DISCONNECT,4/10/2012,90027,,,Missing or Invalid GPS
3,0.0,,,Belhu G/Wold,300106,6747443.783,38404158.9,Active,4/10/2012,90027,6.747444,38.404159,Valid
3,0.0,,910543350,Rufael Selfegnaw ,300107,6747289.383,38404196.6,ACTIVE,4/12/2011,90027,6.747289,38.404197,Valid
3,248.0,,,Ayelech Gidebo,300108,6747318.1,38404286.13,Active,4/10/2012,90027,6.747318,38.404286,Valid
3,249.0,,,Kebede Tufa,300109,6747364.833,38404348.4,Active,4/10/2012,90027,6.747365,38.404348,Valid
3,0.0,,945821177,Teshoma Dinku,300110,6747477.083,38404396.55,ACTIVE,41-22-011_,90027,6.747477,38.404397,Valid
3,252.0,,,Genet Ayele,300111,6747355.583,38404378.57,Active,4/10/2012,90027,6.747356,38.404379,Valid
3,253.0,,,Tsehay Gebeyehu ,300112,6747397.8,38404460.35,ACTIVE,4/12/2011,90027,6.747398,38.40446,Valid
3,0.0,,,W/Senbet Gezmu,300113,6747570.35,38404703.35,Active,4/10/2012,90027,6.74757,38.404703,Valid
3,254.0,,,Abateneh Tegegn,300114,6747303.9,38404622.62,Active,4/10/2012,90027,6.747304,38.404623,Valid
3,255.0,,,Tsegaye Dengiso,300115,6747375.65,38404700.8,Active,4/10/2012,90027,6.747376,38.404701,Valid
3,0.0,,916051520,Mengistu Tadese ,300116,6747471.983,38404670.07,ACTIVE,41-02-012_,90027,6.747472,38.40467,Valid
3,0.0,,936462519,Mengistu Mamo,300117,6747471.367,38404717.95,ACTIVE,4/12/2011,90027,6.747471,38.404718,Valid
3,0.0,,,Tesfaye Dangiso,300118,6747522.017,38404783.22,Active,4/10/2012,90027,6.747522,38.404783,Valid
3,0.0,,,Mulugeta Dumo,300119,6747763.733,38404852.88,Active,4/10/2012,90027,6.747764,38.404853,Valid
3,730.0,,911701037,Tayitu Engida,300120,6747898.717,38404838.3,ACTIVE,41-22-011_,90027,6.747899,38.404838,Valid
3,350.0,,,Debrity Kesto,300121,6747955.567,38404843.48,ACTIVE,4/10/2012,90027,6.747956,38.404843,Valid
3,152.0,,916517172,Workie Ayzogn,300122,6748000.633,38404851.38,ACTIVE,4/12/2011,90027,6.748001,38.404851,Valid
3,0.0,,916918231,Bekele Fereja,300123,6747374.583,38405143.8,ACTIVE,4/12/2011,90027,6.747375,38.405144,Valid
3,0.0,,954786410,Tilahun Bekele,300124,6747809.5,38405136.62,ACTIVE,4/12/2011,90027,6.747809,38.405137,Valid
3,0.0,,,Kebede Kawiso,300125,6747639.033,38405360.87,Active,4/10/2012,90027,6.747639,38.405361,Valid
3,0.0,,,Y/A/A/Teachers/ Staff/Savings and Credit Ass.,300126,0.0,0.0,DISCONNECT,4/10/2012,90027,,,Missing or Invalid GPS
3,0.0,,,Gashawbeza Nigatu,300127,0.0,0.0,TERMINATE,4/10/2012,90027,,,Missing or Invalid GPS
3,265.0,,,G/Tsadiq Genebo,300128,6747647.033,38405363.77,Active,4/10/2012,90027,6.747647,38.405364,Valid
3,0.0,,916143652,Zelalem Cherinet,300129,6747609.7,38405411.2,ACTIVE,4/12/2011,90027,6.74761,38.405411,Valid
3,0.0,,931310886,Rediat Alemayehu ,300130,6747597.283,38405416.67,ACTIVE,4/12/2011,90027,6.747597,38.405417,Valid
3,0.0,,936534018,Adisalem Asefa,300131,6747629.017,38405461.75,ACTIVE,4/12/2011,90027,6.747629,38.405462,Valid
3,0.0,,939170847,Mihiret Wayu,300132,6747726.917,38405607.58,ACTIVE,4/12/2011,90027,6.747727,38.405608,Valid
3,0.0,,,Eleni Fantaye,300133,6747607.583,38405429.27,Active,4/10/2012,90027,6.747608,38.405429,Valid
3,218.0,,934234623,Mamitu Ginjo ,300134,6747716.083,38405599.87,ACTIVE,4/12/2011,90027,6.747716,38.4056,Valid
3,0.0,,920008481,Samuel Ayalew,300135,6747701.867,38405729.72,ACTIVE,4/12/2011,90027,6.747702,38.40573,Valid
3,233.0,,916135100,Wendimu Alemayehu,300136,6747777.833,38405681.88,ACTIVE,4/12/2011,90027,6.747778,38.405682,Valid
3,38.0,,,Abraham Reta,300137,0.0,0.0,DISCONNECT,4/10/2012,90027,,,Missing or Invalid GPS
3,0.0,,,Nigussie Ambaw,300138,6747752.083,38405730.7,Active,4/10/2012,90027,6.747752,38.405731,Valid
3,53.0,,,Meseret Zewde,300139,6747985.133,38405958.05,Active,4/10/2012,90027,6.747985,38.405958,Valid
3,532.0,,,Felekech Germamo,300140,6747741.583,38405776.75,Active,4/10/2012,90027,6.747742,38.405777,Valid
3,0.0,,983808782,Ayinebaba Abebe,300141,6747775.883,38405956.87,ACTIVE,4/12/2011,90027,6.747776,38.405957,Valid
3,0.0,,934735546,Belaynesh Gobena,300142,6747937.6,38405934.22,ACTIVE,4/12/2011,90027,6.747938,38.405934,Valid
3,0.0,,,Mesfin Hagos,300143,6747856.517,38405911.82,Active,4/10/2012,90027,6.747857,38.405912,Valid
3,0.0,,919597823,Gebre kirstos Ashenafi ,300144,6748124.717,38406021.53,ACTIVE,4/12/2011,90027,6.748125,38.406022,Valid
3,0.0,,,Legesse Gobena,300145,0.0,0.0,DISCONNECT,4/10/2012,90027,,,Missing or Invalid GPS
3,272.0,,,Abaynesh Abebe,300146,6717706.933,38399490.98,Active,4/10/2012,90027,6.717707,38.399491,Valid
3,0.0,,,Yewubdar W/Tsadiq,300147,6748284.55,38405952.55,Active,4/10/2012,90027,6.748285,38.405953,Valid
3,549.0,,916830183,Kefiyalew Tekeste,300148,6748400.817,38405693.82,ACTIVE,4/12/2011,90027,6.748401,38.405694,Valid
3,244.0,,,Mitma Association,300149,6748259.417,38405938.73,ACTIVE,4/12/2011,90027,6.748259,38.405939,Valid
3,0.0,,992910158,Abebech G/mikael ,300150,6748163.917,38406011.18,ACTIVE,41-22-011_,90027,6.748164,38.406011,Valid
3,269.0,,913687110,Getachew Melka,300151,6748126.45,38405970.12,ACTIVE,41-02-012_,90027,6.748126,38.40597,Valid
3,200.0,,,Ashenafi Dima,300152,0.0,0.0,DISCONNECT,4/10/2012,90027,,,Missing or Invalid GPS
3,0.0,,903420093,Zegeyesh Welde ,300153,6747868.85,38406181.93,ACTIVE,4/12/2011,90027,6.747869,38.406182,Valid
3,76.0,,911535371,Kidane Alemu,300154,6748006.717,38406274.3,ACTIVE,41-02-012_,90027,6.748007,38.406274,Valid
3,75.0,,916834760,Duguna Yohannes,300155,6747292.783,38406794.07,ACTIVE,4/12/2011,90027,6.747293,38.406794,Valid
3,190.0,,916165382,Belaynesh G/Yes,300156,6747955.883,38406396.82,ACTIVE,41-02-012_,90027,6.747956,38.406397,Valid
3,0.0,,916164033,Shewarega Gebre,300157,6747812.95,38406558.43,ACTIVE,4/12/2011,90027,6.747813,38.406558,Valid
3,0.0,,932969117,Tsehay G/Meskel,300158,6748017.3,38406461.38,ACTIVE,4/12/2011,90027,6.748017,38.406461,Valid
3,0.0,,932969117,Birhanu Menkir,300159,6747993.8,38406446.62,ACTIVE,4/12/2011,90027,6.747994,38.406447,Valid
3,0.0,,994782807,Kekabo Legide,300160,6748030.683,38406360.62,ACTIVE,4/12/2011,90027,6.748031,38.406361,Valid
3,0.0,,941834518,Etaferahu H/Giorgis,300161,6748215.733,38406657.48,ACTIVE,41-02-012_,90027,6.748216,38.406657,Valid
3,0.0,,968658602,Eleni Mekuriya,300162,6748138.217,38406900.52,ACTIVE,4/12/2011,90027,6.748138,38.406901,Valid
3,0.0,,913843952,Shitaye Amerga ,300163,6748106.317,38407035.28,ACTIVE,4/12/2011,90027,6.748106,38.407035,Valid
3,253.0,,,Gidabo Dairy Cattle Farm,300164,0.0,0.0,DISCONNECT,4/10/2012,90027,,,Missing or Invalid GPS
3,57.0,,,Bizunesh Shiferaw,300165,6748173.35,38407409.1,Active,4/10/2012,90027,6.748173,38.407409,Valid
3,182.0,,,Yemaneh Asfaw,300166,6748240.45,38407455.42,Active,4/10/2012,90027,6.74824,38.407455,Valid
3,0.0,,911758080,Tariku Ataro,300167,6748290.367,38407338.72,ACTIVE,4/12/2011,90027,6.74829,38.407339,Valid
3,0.0,,,Getachew W/Giorgis,300168,6748362.4,38407963.83,Active,4/10/2012,90027,6.748362,38.407964,Valid
3,246.0,,,Etefwork Dori,300169,0.0,0.0,DISCONNECT,4/10/2012,90027,,,Missing or Invalid GPS
3,0.0,,,Tiruneh Desiyalew,300170,6748183.067,38407729.45,Active,4/10/2012,90027,6.748183,38.407729,Valid
3,240.0,,911551572,Hiwot Moges,300171,6748139.733,38407546.73,ACTIVE,4/12/2011,90027,6.74814,38.407547,Valid
3,0.0,,,Mitiku Tsegaye,300172,6748179.25,38407394.68,Active,4/10/2012,90027,6.748179,38.407395,Valid
3,0.0,,911150816,Maru Tesfaye ,300173,6747915.317,38407139.68,ACTIVE,4/12/2011,90027,6.747915,38.40714,Valid
3,0.0,,916306074,Ayelech Tadesse,300174,6747873.183,38406490.58,ACTIVE,4/12/2011,90027,6.747873,38.406491,Valid
3,0.0,,916435345,Abebe Godana,300175,6747892.633,38406421.22,ACTIVE,4/12/2011,90027,6.747893,38.406421,Valid
3,0.0,,903093003,Ayele W/Michael,300176,6747835.95,38406249.42,ACTIVE,4/12/2011,90027,6.747836,38.406249,Valid
3,0.0,,913080199,Teklu Kifle,300177,6748109.717,38407262.75,ACTIVE,4/12/2011,90027,6.74811,38.407263,Valid
3,288.0,,,Regassa Wudneh,300178,6748933.75,38407345.78,DISCONNECT,4/10/2012,90027,6.748934,38.407346,Valid
3,285.0,,,Alprasem Education Institution,300179,6749344.267,38406221.27,Active,4/10/2012,90027,6.749344,38.406221,Valid
3,0.0,,911720813,Kumelachew Yirgu,300180,6749340.517,38406564.67,ACTIVE,4/12/2011,90027,6.749341,38.406565,Valid
3,175.0,,934234629,Gete Samuel,300181,6748596.9,38406656.28,ACTIVE,4/12/2011,90027,6.748597,38.406656,Valid
3,0.0,,954786410,Tilahun Bekele,300182,6748893.1,38406536.37,ACTIVE,4/12/2011,90027,6.748893,38.406536,Valid
3,0.0,,925597650,Daniso Worana,300183,6704358.267,38349068.58,ACTIVE,4/12/2011,90027,6.704358,38.349069,Valid
3,0.0,,,Mengesha Hameru,300184,6748592.717,38406658.35,Active,4/10/2012,90027,6.748593,38.406658,Valid
3,0.0,,911855065,Mulu Demeke ,300185,6748602.05,38406675.18,ACTIVE,4/12/2011,90027,6.748602,38.406675,Valid
3,0.0,,939833522,Altamo Ashango,300186,6748635.15,38406755.47,ACTIVE,4/12/2011,90027,6.748635,38.406755,Valid
3,0.0,,911767551,Hirut Yaekob,300187,6748907.033,38406528.3,ACTIVE,4/12/2011,90027,6.748907,38.406528,Valid
3,0.0,,912151801,Girma Demeke ,300188,6748601.417,38406497.65,ACTIVE,41/22/011_,90027,6.748601,38.406498,Valid
3,0.0,,,Aynegida Getachew,300189,6748674.933,38406274.87,Active,4/10/2012,90027,6.748675,38.406275,Valid
3,0.0,,,G/Ab Gota,300190,6748568.45,38406311.48,Active,4/10/2012,90027,6.748568,38.406311,Valid
3,0.0,,925285764,Fikirte Feleke,300191,6748578.1,38406204.92,ACTIVE,4/12/2011,90027,6.748578,38.406205,Valid
3,0.0,,937282872,Mulu Asifaw ,300192,6748559.767,38406231.87,ACTIVE,4/12/2011,90027,6.74856,38.406232,Valid
3,517.0,,,Azmach Asefa,300193,6748675.983,38405619.83,Active,4/10/2012,90027,6.748676,38.40562,Valid
3,0.0,,916808346,Kess Asefa Leda,300194,6748726.333,38405797.52,ACTIVE,4/12/2011,90027,6.748726,38.405798,Valid
3,585.0,,912878731,Senait Bezabih,300195,6748581.55,38405782.45,ACTIVE,4/12/2011,90027,6.748582,38.405782,Valid
3,0.0,,916504606,Tesema Leda,300196,6748480.3,38405788.67,ACTIVE,4/12/2011,90027,6.74848,38.405789,Valid
3,0.0,,920268307,Enat Mekonen Tesema ,300197,6748298.717,38405507.63,ACTIVE,4/12/2011,90027,6.748299,38.405508,Valid
3,0.0,,,Senait Gobena,300198,6748327.467,38405410.95,Active,4/10/2012,90027,6.748327,38.405411,Valid
3,0.0,,925632458,Mulu Adisu,300199,6748217.233,38405330.37,ACTIVE,4/12/2011,90027,6.748217,38.40533,Valid
3,0.0,,927154109,Maeregnesh Betaso,300200,6748287.717,38405228.4,ACTIVE,4/12/2011,90027,6.748288,38.405228,Valid
3,0.0,,,Hiruy Lisanu,300201,6748306.233,38405452.37,Active,4/10/2012,90027,6.748306,38.405452,Valid
3,0.0,,916807774,Digafie Megersa,300202,6748442.0,38405467.82,ACTIVE,4/12/2011,90027,6.748442,38.405468,Valid
3,562.0,,,Asnakech Ayele,300203,6748232.7,38405224.18,Active,4/10/2012,90027,6.748233,38.405224,Valid
3,160.0,,,Yirgadu Girma,300204,6748397.15,38405126.22,Active,4/10/2012,90027,6.748397,38.405126,Valid
3,0.0,,908923960,Azeb Alemayehu,300205,6748267.4,38405172.33,ACTIVE,4/12/2011,90027,6.748267,38.405172,Valid
3,0.0,,,Eliyas Debela,300206,6748251.5,38404974.12,Active,4/10/2012,90027,6.748252,38.404974,Valid
3,0.0,,,Bedilu Tilahun,300207,0.0,0.0,DISCONNECT,4/10/2012,90027,,,Missing or Invalid GPS
3,0.0,,934153555,Habte W/Mariam,300208,6748423.517,38404751.07,ACTIVE,4/12/2011,90027,6.748424,38.404751,Valid
3,0.0,,926206498,Tegene Tadesse,300209,6748236.283,38404839.82,ACTIVE,4/12/2011,90027,6.748236,38.40484,Valid
3,0.0,,,Askale Belete,300210,6748198.433,38404765.75,Active,4/10/2012,90027,6.748198,38.404766,Valid
3,0.0,,,Yishak Orisa,300211,6748198.917,38404765.18,Active,4/10/2012,90027,6.748199,38.404765,Valid
3,0.0,,911069997,Selfu W/Gebriel,300212,6748031.433,38404513.93,ACTIVE,4/12/2011,90027,6.748031,38.404514,Valid
3,141.0,,,Tirunesh Sima,300213,6748015.933,38404490.02,Active,4/10/2012,90027,6.748016,38.40449,Valid
3,735.0,,,Girma Wincha,300214,6748015.933,38404490.02,Active,4/10/2012,90027,6.748016,38.40449,Valid
3,148.0,,968427542,Mengesha Mekuriya ,300215,6748154.167,38404382.15,ACTIVE,4/12/2011,90027,6.748154,38.404382,Valid
3,147.0,,925126071,Emama Endalamaw ,300216,6748015.333,38404399.98,ACTIVE,4/12/2011,90027,6.748015,38.4044,Valid
3,0.0,,,Birzemem Engida,300217,6747959.067,38404427.58,Active,4/10/2012,90027,6.747959,38.404428,Valid
3,0.0,,911733442,Seble Wolde,300218,6748026.817,38404172.8,ACTIVE,4/12/2011,90027,6.748027,38.404173,Valid
3,0.0,,916830093,Mekonnen Betane,300219,6748010.133,38404135.67,ACTIVE,4/12/2011,90027,6.74801,38.404136,Valid
3,0.0,,911821419,Likelesh Eshetu ,300220,6747951.85,38404070.65,ACTIVE,4/12/2011,90027,6.747952,38.404071,Valid
3,0.0,,973032522,Ashenkaki Wate,300221,6747821.733,38403998.67,ACTIVE,41-02-012_,90027,6.747822,38.403999,Valid
3,0.0,,,Eliyas Necha,300222,6747937.117,38403914.57,Active,4/10/2012,90027,6.747937,38.403915,Valid
3,0.0,,911597597,T/Wold G/Mariam,300223,6747741.9,38403684.72,ACTIVE,4/12/2011,90027,6.747742,38.403685,Valid
3,0.0,,,Haylu Fantu ,300224,6748093.85,38403659.75,ACTIVE,4/12/2011,90027,6.748094,38.40366,Valid
3,0.0,,,Arega Tola,300225,6748171.583,38403597.6,Active,4/10/2012,90027,6.748172,38.403598,Valid
3,0.0,,916941884,Eyerusalem Samuel,300226,6747707.017,38403257.52,ACTIVE,4/12/2011,90027,6.747707,38.403258,Valid
3,0.0,,,Kess Hifamo Nwamo,300227,6748237.467,38403180.33,Active,4/10/2012,90027,6.748237,38.40318,Valid
3,0.0,,,Kess Rikiba Orisa,300228,6748146.833,38403233.2,Active,4/10/2012,90027,6.748147,38.403233,Valid
3,0.0,,,Wendimu W/Gebriel,300229,6748602.65,38403834.93,Active,4/10/2012,90027,6.748603,38.403835,Valid
3,0.0,,,Melkamu Nibret,300230,6747725.6,38402971.55,ACTIVE,4/10/2012,90027,6.747726,38.402972,Valid
3,0.0,,,E.N. Bank,300231,6747708.05,38403055.88,Active,4/10/2012,90027,6.747708,38.403056,Valid
3,32.0,,,Teshoma Kebede,300232,6747732.1,38403048.37,Active,4/10/2012,90027,6.747732,38.403048,Valid
3,0.0,,,Adam Shikur,300233,6747669.283,38403085.1,Active,4/10/2012,90027,6.747669,38.403085,Valid
3,0.0,,,Aklilu Ameje,300234,6747676.5,38403097.63,Active,4/10/2012,90027,6.747676,38.403098,Valid
3,0.0,,,Sintayehu Hatiso,300235,6747773.617,38402098.97,ACTIVE,4/12/2011,90027,6.747774,38.402099,Valid
3,0.0,,,Tsegaye Alenbo,300236,6747853.067,38402051.72,Active,4/10/2012,90027,6.747853,38.402052,Valid
3,0.0,,,Damtew Seyfu,300237,6747888.217,38401351.6,ACTIVE,4/10/2012,90027,6.747888,38.401352,Valid
3,121.0,,,G/Michael Usman,300238,0.0,0.0,DISCONNECT,4/10/2012,90027,,,Missing or Invalid GPS
3,0.0,,,F/C/K/N/I/Office,300239,0.0,0.0,DISCONNECT,4/10/2012,90027,,,Missing or Invalid GPS
3,0.0,,,Wosenyalew Wolde,300240,6747662.4,38403023.18,Active,4/10/2012,90027,6.747662,38.403023,Valid
3,0.0,,,Coffee and Tea,300241,0.0,0.0,DISCONNECT,4/10/2012,90027,,,Missing or Invalid GPS
3,0.0,,,Finote Meles,300242,0.0,0.0,DISCONNECT,4/10/2012,90027,,,Missing or Invalid GPS
3,113.0,,916664096,Getu Aweke,300243,6747680.967,38403029.67,ACTIVE,4/12/2011,90027,6.747681,38.40303,Valid
3,0.0,,911960788,Mahilet Samuel ,300244,6747682.617,38403034.28,ACTIVE,4/12/2011,90027,6.747683,38.403034,Valid
3,0.0,,,Lankamo Latamo,300245,6747656.067,38403037.22,Active,4/10/2012,90027,6.747656,38.403037,Valid
3,0.0,,,Dadisha Gobaro,300246,6747658.25,38403049.75,Active,4/10/2012,90027,6.747658,38.40305,Valid
3,0.0,,,Girma Kebede,300247,6749307.483,38407484.4,Active,4/10/2012,90027,6.749307,38.407484,Valid
3,0.0,,991707929,Taranike Jajarsa ,300248,6749304.717,38407562.07,ACTIVE,4/12/2011,90027,6.749305,38.407562,Valid
3,0.0,,916169753,Argaw Desalegn,300249,6749654.183,38407464.35,ACTIVE,41-02-012_,90027,6.749654,38.407464,Valid
3,0.0,,937267200,Weyinishet Abitew ,300250,6749466.133,38407403.77,ACTIVE,41-02-012_,90027,6.749466,38.407404,Valid
3,0.0,,916580612,Tariku Tesfaye,300251,6749536.267,38407343.28,ACTIVE,4/12/2011,90027,6.749536,38.407343,Valid
3,0.0,,916033347,Yeshi Tefera,300252,6749501.183,38407470.62,ACTIVE,41-02-012_,90027,6.749501,38.407471,Valid
3,0.0,,,Butu Mohammed,300253,6749308.25,38407000.4,Active,4/10/2012,90027,6.749308,38.407,Valid
3,0.0,,916865665,Alemneh Yihune,300254,6749598.783,38407101.23,ACTIVE,41-02-012_,90027,6.749599,38.407101,Valid
3,315.0,,965831453,Anjulo Metelo,300255,6749348.6,38406988.77,ACTIVE,41-02-012_,90027,6.749349,38.406989,Valid
3,0.0,,949834509,Meraf Adisu,300256,6749604.35,38407266.47,ACTIVE,41-02-012_,90027,6.749604,38.407266,Valid
3,0.0,,916168170,Kassa G/Yes,300257,6749513.833,38406819.42,ACTIVE,41-02-012_,90027,6.749514,38.406819,Valid
3,0.0,,913798820,Sileshi Wordofa,300258,6749461.833,38406826.85,ACTIVE,41-22-011_,90027,6.749462,38.406827,Valid
3,0.0,,,Bekele Osa,300259,6749331.517,38407005.62,Active,4/10/2012,90027,6.749332,38.407006,Valid
3,85.0,,984872523,Baza Alanbo,300260,6749353.767,38406833.58,ACTIVE,41-22-011_,90027,6.749354,38.406834,Valid
3,0.0,,916164102,Tesfaye Yonas,300261,6749439.917,38406876.95,ACTIVE,41-02-012_,90027,6.74944,38.406877,Valid
3,0.0,,916157115,Elsabet Eshetu,300262,6749328.0,38406890.0,ACTIVE,41-22-011_,90027,6.749328,38.40689,Valid
3,0.0,,910091122,Kebede Hatiya,300263,6749329.583,38406938.58,ACTIVE,41-02-012_,90027,6.74933,38.406939,Valid
3,0.0,,916049162,Siyum Kassa,300264,6749069.15,38406498.02,ACTIVE,41-02-012_,90027,6.749069,38.406498,Valid
3,332.0,,,Medhanit Abtew,300265,6749248.6,38406086.65,Active,4/10/2012,90027,6.749249,38.406087,Valid
3,0.0,,913210010,Tsegaye Asifaw,300266,6749258.517,38406041.35,ACTIVE,4/12/2011,90027,6.749259,38.406041,Valid
3,334.0,,,Abebech Kebede,300267,6749324.433,38406058.13,Active,4/10/2012,90027,6.749324,38.406058,Valid
3,0.0,,919694043,Tareken G/Yes,300268,6749200.6,38406128.12,ACTIVE,4/12/2011,90027,6.749201,38.406128,Valid
3,0.0,,930758443,Hailu Shamena,300269,6749262.583,38406087.58,ACTIVE,4/12/2011,90027,6.749263,38.406088,Valid
3,0.0,,,Worku Aleneh,300270,6749350.3,38406065.17,Active,4/10/2012,90027,6.74935,38.406065,Valid
3,0.0,,916811242,Lemlem Tadesse,300271,6749404.033,38406020.83,ACTIVE,4/12/2011,90027,6.749404,38.406021,Valid
3,0.0,,,Tesfaye Selele,300272,6749382.967,38406015.7,Active,4/10/2012,90027,6.749383,38.406016,Valid
3,0.0,,,Hailu Gebriye,300273,6749270.2,38406069.43,Active,4/10/2012,90027,6.74927,38.406069,Valid
3,0.0,,,Zewde Hailu,300274,6749270.2,38406069.43,Active,4/10/2012,90027,6.74927,38.406069,Valid
3,0.0,,901550540,Neway Ashenafi ,300275,6749318.983,38406016.72,ACTIVE,4/12/2011,90027,6.749319,38.406017,Valid
3,0.0,,,Etenesh Menjo,300276,6749181.333,38406002.5,Active,4/10/2012,90027,6.749181,38.406002,Valid
3,0.0,,,Menjo Asmare,300277,6749087.333,38406010.2,Active,4/10/2012,90027,6.749087,38.40601,Valid
3,0.0,,,Sahlu Tsegaye,300278,6749087.333,38406010.2,Active,4/10/2012,90027,6.749087,38.40601,Valid
3,0.0,,,Jemal Shikur,300279,6749305.7,38405864.42,Active,4/10/2012,90027,6.749306,38.405864,Valid
3,0.0,,,Minas Wolde,300280,6749480.533,38405883.3,Active,4/10/2012,90027,6.749481,38.405883,Valid
3,0.0,,916927150,Habtamu Benti,300281,6749778.4,38405398.6,ACTIVE,4/12/2011,90027,6.749778,38.405399,Valid
3,0.0,,,Genet Taye,300282,6749437.417,38405531.43,Active,4/10/2012,90027,6.749437,38.405531,Valid
3,0.0,,916170394,Fikadu Mulugeta,300283,6746963.7,38405360.2,DISCONNECT,4/12/2011,90027,6.746964,38.40536,Valid
3,0.0,,985293093,Ayele Shanka,300284,6749284.033,38405488.85,ACTIVE,4/12/2011,90027,6.749284,38.405489,Valid
3,0.0,,,Asnakech Nigussie,300285,0.0,0.0,DISCONNECT,4/10/2012,90027,,,Missing or Invalid GPS
3,0.0,,,Fikadu Tadele,300286,6748965.5,38405584.05,Active,4/10/2012,90027,6.748965,38.405584,Valid
3,0.0,,916132686,Melaku Bekele,300287,6748998.517,38405435.95,ACTIVE,4/12/2011,90027,6.748999,38.405436,Valid
3,0.0,,,Abebe Deramo,300288,6748998.75,38405498.67,ACTIVE,4/12/2011,90027,6.748999,38.405499,Valid
3,0.0,,,Martha Lema,300289,6748963.133,38405437.58,Active,4/10/2012,90027,6.748963,38.405438,Valid
3,0.0,,,Etenesh Asfaw,300290,0.0,0.0,DISCONNECT,4/10/2012,90027,,,Missing or Invalid GPS
3,0.0,,,Gebeyehu Genta,300291,6748916.65,38405319.2,ACTIVE,4/10/2012,90027,6.748917,38.405319,Valid
3,0.0,,913772023,Asefa Workneh,300292,6748883.65,38405291.57,ACTIVE,4/12/2011,90027,6.748884,38.405292,Valid
3,0.0,,,Ayele Yimer,300293,6748912.7,38405179.33,Active,4/10/2012,90027,6.748913,38.405179,Valid
3,0.0,,916830205,Muluqen Teshoma,300294,6749032.85,38405199.05,ACTIVE,4/12/2011,90027,6.749033,38.405199,Valid
3,0.0,,,Atigezh Bezabih,300295,6748955.017,38404981.97,Active,4/10/2012,90027,6.748955,38.404982,Valid
3,0.0,,926208347,Bayinak Asaye Tadese ,300296,6749041.533,38404692.45,ACTIVE,41-02-012_,90027,6.749042,38.404692,Valid
3,0.0,,924329964,Gadise Markos ,300297,6748962.333,38404862.45,ACTIVE,4/12/2011,90027,6.748962,38.404862,Valid
3,0.0,,,Wolde Haile,300298,6748530.567,38405042.83,Active,4/10/2012,90027,6.748531,38.405043,Valid
3,0.0,,,Adinew G/Yes,300299,6748627.45,38404777.97,Active,4/10/2012,90027,6.748627,38.404778,Valid
3,0.0,,931529463,Haregeweyn Desta,300300,6748589.45,38404922.33,ACTIVE,4/12/2011,90027,6.748589,38.404922,Valid
3,0.0,,,Gosaye Feyisa,300301,6749910.717,38404004.77,Active,4/10/2012,90027,6.749911,38.404005,Valid
3,0.0,,,Kassaye Teka,300302,6749236.55,38404500.15,Active,4/10/2012,90027,6.749237,38.4045,Valid
3,0.0,,,Adisie Mengistu,300303,6749691.583,38404014.08,Active,4/10/2012,90027,6.749692,38.404014,Valid
3,0.0,,,Ashenafi Dima,300304,6748463.167,38404706.6,Active,4/10/2012,90027,6.748463,38.404707,Valid
3,0.0,,,Kess Alemu Anebo,300305,6748799.333,38404545.62,Active,4/10/2012,90027,6.748799,38.404546,Valid
3,135.0,,913078946,Meseret Birhanu ,300306,6748653.2,38404543.25,ACTIVE,4/12/2011,90027,6.748653,38.404543,Valid
3,0.0,,903082651,Tadesse Yue,300307,6748691.8,38404526.95,ACTIVE,4/12/2011,90027,6.748692,38.404527,Valid
3,0.0,,,Wurji Regassa,300308,6748613.467,38404374.38,Active,4/10/2012,90027,6.748613,38.404374,Valid
3,0.0,,,Tewawech Haile,300309,6748617.417,38404389.95,Active,4/10/2012,90027,6.748617,38.40439,Valid
3,136.0,,,Getnet Tena,300310,6748623.683,38404377.78,Active,4/10/2012,90027,6.748624,38.404378,Valid
3,0.0,,915597691,Sitota Daniel,300311,6748581.017,38404395.82,ACTIVE,41/02/012_,90027,6.748581,38.404396,Valid
3,0.0,,916964844,Ereste W/Meskel,300312,6748527.3,38404213.37,ACTIVE,4/12/2011,90027,6.748527,38.404213,Valid
3,0.0,,923364251,W/meskel Yohanis ,300313,6748676.033,38404144.43,ACTIVE,4/12/2011,90027,6.748676,38.404144,Valid
3,0.0,,913502156,Mestawet Melaku ,300314,6748496.367,38404158.27,ACTIVE,41-02-012_,90027,6.748496,38.404158,Valid
3,139.0,,,Tefera Kassa,300315,6748597.867,38404245.72,Active,4/10/2012,90027,6.748598,38.404246,Valid
3,0.0,,,Hayeso Hamito,300316,6748640.017,38404115.13,Active,4/10/2012,90027,6.74864,38.404115,Valid
3,0.0,,916164114,Hiwot Teshoma,300317,6748565.9,38403797.0,ACTIVE,4/12/2011,90027,6.748566,38.403797,Valid
3,0.0,,,Mekane E/Church,300318,6748937.333,38403853.95,Active,4/10/2012,90027,6.748937,38.403854,Valid
3,0.0,,916503758,Mekane E/School,300319,6746354.717,38401323.85,ACTIVE,4/12/2011,90027,6.746355,38.401324,Valid
3,0.0,,912124221,Eshete Mulugeta,300320,6747949.417,38401662.28,ACTIVE,4/12/2011,90027,6.747949,38.401662,Valid
3,0.0,,,Students' Hostel,300321,6748222.45,38401390.68,ACTIVE,4/10/2012,90027,6.748222,38.401391,Valid
3,0.0,,,Beratu Doyamo,300322,0.0,0.0,DISCONNECT,4/10/2012,90027,,,Missing or Invalid GPS
3,0.0,,934688069,Setiargachew Tesema ,300323,6747816.333,38401184.77,ACTIVE,4/12/2011,90027,6.747816,38.401185,Valid
3,0.0,,983650892,Tamiru Kabtyimer,300324,6747766.683,38401136.08,ACTIVE,4/12/2011,90027,6.747767,38.401136,Valid
3,0.0,,916333084,Emanuel Church No. 4,300325,6747601.833,38400812.57,ACTIVE,4/12/2011,90027,6.747602,38.400813,Valid
3,129.0,,,Dana Jarso,300326,6748122.917,38400874.93,Active,4/10/2012,90027,6.748123,38.400875,Valid
3,0.0,,,Damtew Geletu,300327,6748411.717,38404751.85,Active,4/10/2012,90027,6.748412,38.404752,Valid
3,0.0,,911825708,Kess Alemu Anebo,300328,6749194.15,38400968.73,DISCONNECT,4/12/2011,90027,6.749194,38.400969,Valid
3,0.0,,,Geremew Maeregu,300329,6748378.75,38400352.05,Active,4/10/2012,90027,6.748379,38.400352,Valid
3,0.0,,,Mengistu Hobasa,300330,6748364.367,38400390.22,Active,4/10/2012,90027,6.748364,38.40039,Valid
3,0.0,,987243549,Mote Dorsiso,300331,6748363.05,38400128.17,ACTIVE,4/12/2011,90027,6.748363,38.400128,Valid
3,0.0,,,Tadele Hameso,300332,6748329.067,38400135.1,Active,4/10/2012,90027,6.748329,38.400135,Valid
3,0.0,,968755876,Emanuel Savings House,300333,6748280.217,38400007.3,ACTIVE,4/12/2011,90027,6.74828,38.400007,Valid
3,0.0,,,Tsega H/Silasse,300334,6748201.133,38399920.65,Active,4/10/2012,90027,6.748201,38.399921,Valid
3,0.0,,916808250,M/R Libay Tiruneh,300335,6748193.0,38399904.15,ACTIVE,4/12/2011,90027,6.748193,38.399904,Valid
3,0.0,,916941884,Kess Getachew W/Mariam,300336,6748260.267,38399848.0,ACTIVE,4/12/2011,90027,6.74826,38.399848,Valid
3,0.0,,996845770,Solomon Mamo,300337,6748196.833,38399810.13,ACTIVE,4/12/2011,90027,6.748197,38.39981,Valid
3,0.0,,916164451,Tsetargachew Tesema,300338,6748405.45,38399537.72,ACTIVE,4/12/2011,90027,6.748405,38.399538,Valid
3,0.0,,933123254,Tekilehaymanot wondeson ,300339,6748429.833,38399494.1,ACTIVE,41-22-011_,90027,6.74843,38.399494,Valid
3,0.0,,,Birhanu Shura,300340,6748612.233,38399306.45,Active,4/10/2012,90027,6.748612,38.399306,Valid
3,0.0,,,Yishak Harso,300341,6748687.967,38399594.63,Active,4/10/2012,90027,6.748688,38.399595,Valid
3,0.0,,916642762,Bekele Fara,300342,6748304.3,38400772.47,ACTIVE,4/12/2011,90027,6.748304,38.400772,Valid
3,0.0,,916057547,Damitew kasa ,300343,6748258.0,38399580.0,ACTIVE,41-22-011_,90027,6.748258,38.39958,Valid
3,0.0,,,Tamene Tegegn,300344,6748220.317,38399847.22,Active,4/10/2012,90027,6.74822,38.399847,Valid
3,0.0,,,Tesfanesh Maeregu,300345,6748219.1,38399862.45,Active,4/10/2012,90027,6.748219,38.399862,Valid
3,0.0,,,Ashenafi Adisu,300346,6748210.367,38399821.53,ACTIVE,4/10/2012,90027,6.74821,38.399822,Valid
3,0.0,,916503919,Alemu Ababulo,300347,6748217.467,38399795.38,ACTIVE,4/12/2011,90027,6.748217,38.399795,Valid
3,0.0,,,Kess Alemu Anebo,300348,6749163.767,38399589.43,Active,4/10/2012,90027,6.749164,38.399589,Valid
3,0.0,,,Beyene Kinto,300349,6748588.4,38398944.03,ACTIVE,4/10/2012,90027,6.748588,38.398944,Valid
3,0.0,,916503963,Genene Tesema,300350,6748509.183,38400916.05,ACTIVE,4/12/2011,90027,6.748509,38.400916,Valid
3,0.0,,931393107,Sebsibe Gebeyehu,300351,6748502.3,38401045.0,ACTIVE,4/12/2011,90027,6.748502,38.401045,Valid
3,0.0,,912010889,Bogale Birhanu,300352,6748044.867,38402049.87,ACTIVE,4/12/2011,90027,6.748045,38.40205,Valid
3,0.0,,,Alemayehu Lakew,300353,6748079.417,38400874.95,Active,4/10/2012,90027,6.748079,38.400875,Valid
3,0.0,,,Oryon Asres,300354,6748913.967,38400940.77,Active,4/10/2012,90027,6.748914,38.400941,Valid
3,0.0,,,Dotora Anebo,300355,6749054.05,38400941.5,DISCONNECT,4/10/2012,90027,6.749054,38.400942,Valid
3,0.0,,916164321,Genet Bekele ,300356,6749315.1,38400842.77,ACTIVE,4/12/2011,90027,6.749315,38.400843,Valid
3,0.0,,916168074,Nae Gaga,300357,6749074.4,38400875.08,ACTIVE,4/12/2011,90027,6.749074,38.400875,Valid
3,0.0,,,Tadele Kebede,300358,6749596.067,38400792.82,ACTIVE,4/10/2012,90027,6.749596,38.400793,Valid
3,0.0,,916153475,Abebech Kakabo,300359,6749548.383,38401112.18,ACTIVE,4/12/2011,90027,6.749548,38.401112,Valid
3,0.0,,,Birhane Amare,300360,6749780.617,38400852.4,Active,4/10/2012,90027,6.749781,38.400852,Valid
3,0.0,,,Kifle Ketema,300361,6749619.15,38401106.18,ACTIVE,4/10/2012,90027,6.749619,38.401106,Valid
3,0.0,,,Ashenafi Sasamo,300362,6749694.683,38400919.72,Active,4/10/2012,90027,6.749695,38.40092,Valid
3,0.0,,,Degefe Dengiso,300363,6749479.833,38400987.72,Active,4/10/2012,90027,6.74948,38.400988,Valid
3,0.0,,916408663,Tenanye Tafese,300364,6749749.0,38400994.98,ACTIVE,4/12/2011,90027,6.749749,38.400995,Valid
3,0.0,,,Alemu Argata,300365,6749618.6,38401110.83,ACTIVE,4/12/2011,90027,6.749619,38.401111,Valid
3,0.0,,,Alemu Galfato,300366,6749925.167,38400960.45,Active,4/10/2012,90027,6.749925,38.40096,Valid
3,0.0,,916332054,Kasesahun Dumo,300367,6749992.467,38400931.5,ACTIVE,4/12/2011,90027,6.749992,38.400931,Valid
3,0.0,,916152772,Nigussie Simano,300368,6750053.6,38401159.23,ACTIVE,4/12/2011,90027,6.750054,38.401159,Valid
3,0.0,,912785875,Emamnesh Endiriyas,300369,6750587.883,38401134.78,ACTIVE,4/12/2011,90027,6.750588,38.401135,Valid
3,0.0,,916165124,Endiriyas Bekele,300370,6750700.05,38401059.75,ACTIVE,4/12/2011,90027,6.7507,38.40106,Valid
3,0.0,,916190422,Legesse Lema,300371,6750211.7,38401088.37,ACTIVE,4/12/2011,90027,6.750212,38.401088,Valid
3,0.0,,,Bekelech Chelanga,300372,6750174.333,38400868.72,Active,4/10/2012,90027,6.750174,38.400869,Valid
3,0.0,,926529831,Tamru Haile,300373,6750152.867,38400774.48,ACTIVE,4/12/2011,90027,6.750153,38.400774,Valid
3,0.0,,910072070,Mahri Sahle,300374,6750117.383,38400718.08,ACTIVE,4/12/2011,90027,6.750117,38.400718,Valid
3,0.0,,,Gezahegn Gebeyehu,300375,6750081.183,38400632.23,ACTIVE,4/12/2011,90027,6.750081,38.400632,Valid
3,0.0,,911797937,Birhanu Dasasa,300376,6750052.2,38400686.15,ACTIVE,4/12/2011,90027,6.750052,38.400686,Valid
3,0.0,,,Bedilu Bekele,300377,6750485.483,38401076.17,Active,4/10/2012,90027,6.750485,38.401076,Valid
3,0.0,,,Bekele Ayele ,300378,6750770.067,38401160.52,ACTIVE,4/12/2011,90027,6.75077,38.401161,Valid
3,0.0,,913493370,Alemitu Shimbulo,300379,6750575.067,38401378.27,ACTIVE,4/12/2011,90027,6.750575,38.401378,Valid
3,0.0,,,Baza Hera,300380,6750643.367,38401493.77,Active,4/10/2012,90027,6.750643,38.401494,Valid
3,0.0,,916167691,Terefech G/Mariam,300381,6750412.967,38401872.33,ACTIVE,4/12/2011,90027,6.750413,38.401872,Valid
3,0.0,,903082845,Birtukan Ayele ,300382,6750487.717,38402660.67,ACTIVE,4/12/2011,90027,6.750488,38.402661,Valid
3,0.0,,,Koreme Jilo,300383,6750499.8,38402240.0,Active,4/10/2012,90027,6.7505,38.40224,Valid
3,0.0,,912155755,Mekonnen Kebede,300384,6750340.417,38402324.58,ACTIVE,4/12/2011,90027,6.75034,38.402325,Valid
3,0.0,,977820445,Worku Gebre,300385,6750313.033,38402455.1,ACTIVE,4/12/2011,90027,6.750313,38.402455,Valid
3,0.0,,,Tafese Tamru,300386,6750282.367,38402546.05,Active,4/10/2012,90027,6.750282,38.402546,Valid
3,0.0,,910192568,Asefa Alebel,300387,6750296.25,38402659.83,ACTIVE,4/12/2011,90027,6.750296,38.40266,Valid
3,0.0,,,Zenebech Hassen,300388,6750125.6,38402962.33,Active,4/10/2012,90027,6.750126,38.402962,Valid
3,0.0,,,Bizuneh Bekele,300389,6750125.6,38402962.33,Active,4/10/2012,90027,6.750126,38.402962,Valid
3,0.0,,,Tesfaye Gebru,300390,6749616.717,38404436.05,Active,4/10/2012,90027,6.749617,38.404436,Valid
3,0.0,,,Manaye Desie,300391,6749663.833,38404460.8,Active,4/10/2012,90027,6.749664,38.404461,Valid
3,0.0,,,Fiseha T/Giorgis,300392,6750086.233,38404282.75,Active,4/10/2012,90027,6.750086,38.404283,Valid
3,0.0,,931700331,Eliyas Dinku,300393,6750057.5,38404488.92,ACTIVE,4/12/2011,90027,6.750057,38.404489,Valid
3,0.0,,,Abaysew Ashenkew,300394,6749697.367,38404609.1,Active,4/10/2012,90027,6.749697,38.404609,Valid
3,0.0,,,Mega Adola,300395,6749305.867,38405681.0,Active,4/10/2012,90027,6.749306,38.405681,Valid
3,0.0,,,Abate Shumete,300396,6749311.267,38405585.88,Active,4/10/2012,90027,6.749311,38.405586,Valid
3,0.0,,916164435,Nigatuwa Tsegaye,300397,6749284.167,38405522.02,ACTIVE,4/12/2011,90027,6.749284,38.405522,Valid
3,0.0,,916921109,Adanech Kebede,300398,6749365.3,38405556.22,ACTIVE,4/12/2011,90027,6.749365,38.405556,Valid
3,0.0,,916941643,Kess Alemu Anebo,300399,6749262.967,38405615.87,ACTIVE,4/12/2011,90027,6.749263,38.405616,Valid
3,0.0,,,Zemzem Wolgicho,300400,6749412.533,38405593.62,Active,4/10/2012,90027,6.749413,38.405594,Valid
3,0.0,,,Lema G/Meskel,300401,6747940.683,38404901.85,Active,4/10/2012,90027,6.747941,38.404902,Valid
3,0.0,,966901470,Mamushit Alemu,300402,6749403.683,38406003.08,ACTIVE,4/12/2011,90027,6.749404,38.406003,Valid
3,0.0,,,Almaz Mue,300403,6743154.017,38408259.27,Active,4/10/2012,90027,6.743154,38.408259,Valid
3,0.0,,,Mestawet Yitna,300404,0.0,0.0,DISCONNECT,4/10/2012,90027,,,Missing or Invalid GPS
3,0.0,,,Zewde Hailu,300405,6749591.683,38405700.13,ACTIVE,4/12/2011,90027,6.749592,38.4057,Valid
3,0.0,,,Jemal Shikur,300406,6749918.617,38407268.95,ACTIVE,4/10/2012,90027,6.749919,38.407269,Valid
3,0.0,,922422271,Kasech Nigussie,300407,6749503.2,38405638.18,ACTIVE,4/12/2011,90027,6.749503,38.405638,Valid
3,0.0,,,Yosef Shure,300408,0.0,0.0,DISCONNECT,4/10/2012,90027,,,Missing or Invalid GPS
3,0.0,,,Tefera Kassa,300409,6749937.933,38405029.27,ACTIVE,4/10/2012,90027,6.749938,38.405029,Valid
3,0.0,,,Abebaw Haylu,300410,6749573.1,38405703.58,ACTIVE,4/12/2011,90027,6.749573,38.405704,Valid
3,0.0,,,Tamrat Berasa,300411,6749268.217,38405583.87,Active,4/10/2012,90027,6.749268,38.405584,Valid
3,0.0,,,Aselefech Mue,300412,6749299.917,38405604.68,Active,4/10/2012,90027,6.7493,38.405605,Valid
3,0.0,,968725511,Temesgen Shiferaw,300413,6749326.233,38405477.2,ACTIVE,4/12/2011,90027,6.749326,38.405477,Valid
3,0.0,,913334268,Ugemo Fereja,300414,6749587.55,38405153.85,ACTIVE,4/12/2011,90027,6.749588,38.405154,Valid
3,0.0,,,Gosaye Buane,300415,6751309.55,38406607.88,Active,4/10/2012,90027,6.75131,38.406608,Valid
3,0.0,,902937179,Asinakech Argaw ,300416,6750548.45,38405808.03,ACTIVE,4/12/2011,90027,6.750548,38.405808,Valid
3,0.0,,,Sebsibe Senbeto,300417,0.0,0.0,DISCONNECT,4/10/2012,90027,,,Missing or Invalid GPS
3,0.0,,916161975,Mekides Adane ,300418,6750627.617,38405796.23,ACTIVE,4/12/2011,90027,6.750628,38.405796,Valid
3,0.0,,911015134,Shankoo Segaro,300419,6750624.817,38405715.45,ACTIVE,4/12/2011,90027,6.750625,38.405715,Valid
3,0.0,,930758601,Kur Duresa ,300420,6750551.267,38405886.32,ACTIVE,4/12/2011,90027,6.750551,38.405886,Valid
3,0.0,,,Girma Buamo,300421,6748874.7,38404720.43,Active,4/10/2012,90027,6.748875,38.40472,Valid
3,0.0,,913267364,Melesse Meskele,300422,6751834.717,38404306.3,ACTIVE,41/02/012_,90027,6.751835,38.404306,Valid
3,0.0,,913465244,Mesifin Abera ,300423,6750751.95,38406066.53,ACTIVE,4/12/2011,90027,6.750752,38.406067,Valid
3,0.0,,,Belaynesh Admasu,300424,6750850.95,38405971.97,Active,4/10/2012,90027,6.750851,38.405972,Valid
3,0.0,,,Wondwu Tesheme,300425,6748832.6,38403700.33,Active,4/10/2012,90027,6.748833,38.4037,Valid
3,0.0,,,Mesfin Cherinet,300426,6750700.067,38405893.07,Active,4/10/2012,90027,6.7507,38.405893,Valid
3,0.0,,,Tadelech Kenashu,300427,6750551.2,38405791.5,Active,4/10/2012,90027,6.750551,38.405791,Valid
3,0.0,,,Sh/Geda Ferenge,300428,6750316.367,38405128.98,Active,4/10/2012,90027,6.750316,38.405129,Valid
3,0.0,,910386614,Masresha W/mikael ,300429,6750339.0,38405068.12,ACTIVE,4/12/2011,90027,6.750339,38.405068,Valid
3,0.0,,,Tefera Kassa,300430,6753743.15,38405852.57,Active,4/10/2012,90027,6.753743,38.405853,Valid
3,0.0,,,Eliyas Sedamo,300431,6750225.2,38404883.52,Active,4/10/2012,90027,6.750225,38.404884,Valid
3,0.0,,916375015,Adule Andarge,300432,6750049.517,38404727.58,ACTIVE,4/12/2011,90027,6.75005,38.404728,Valid
3,0.0,,,Letefe Nega,300433,6750142.083,38404689.52,Active,4/10/2012,90027,6.750142,38.40469,Valid
3,0.0,,,Kibiret Damte,300434,6750295.483,38405092.87,Active,4/10/2012,90027,6.750295,38.405093,Valid
3,0.0,,,Nigussie G/Yes,300435,6750146.767,38404675.37,Active,4/10/2012,90027,6.750147,38.404675,Valid
3,0.0,,,Tadiwos Dingeto,300436,6749317.317,38404271.93,Active,4/10/2012,90027,6.749317,38.404272,Valid
3,0.0,,920320436,Belay Gizaw,300437,6749898.2,38404431.72,ACTIVE,4/12/2011,90027,6.749898,38.404432,Valid
3,0.0,,916164776,Asele Adule,300438,6750163.2,38404316.6,ACTIVE,4/12/2011,90027,6.750163,38.404317,Valid
3,0.0,,916033581,Tesema Banata,300439,6750387.383,38404218.07,ACTIVE,4/12/2011,90027,6.750387,38.404218,Valid
3,0.0,,,Tefera Derese,300440,6750539.55,38404374.08,Active,4/10/2012,90027,6.75054,38.404374,Valid
3,0.0,,,Elfenesh Mekonnen,300441,6750582.6,38404074.95,ACTIVE,4/12/2011,90027,6.750583,38.404075,Valid
3,0.0,,,Senait Sharew,300442,6750648.6,38404123.45,DISCONNECT,4/10/2012,90027,6.750649,38.404123,Valid
3,0.0,,,Martha Balango,300443,6750641.917,38404278.4,Active,4/10/2012,90027,6.750642,38.404278,Valid
3,0.0,,,Legesse Dukemo,300444,6750797.533,38404150.05,Active,4/10/2012,90027,6.750798,38.40415,Valid
3,0.0,,,Zerfu Demeke,300445,6751001.367,38404080.23,ACTIVE,4/12/2011,90027,6.751001,38.40408,Valid
3,0.0,,964399161,Dedotora Boe,300446,6751003.4,38404395.98,ACTIVE,4/12/2011,90027,6.751003,38.404396,Valid
3,0.0,,,Matiwos Ligsa,300447,6750909.0,38404626.93,ACTIVE,4/10/2012,90027,6.750909,38.404627,Valid
3,0.0,,,Daniso Damota,300448,6750884.667,38404767.22,Active,4/10/2012,90027,6.750885,38.404767,Valid
3,0.0,,949034479,Mehidiya Mohamed ,300449,6752630.25,38403367.9,ACTIVE,4/12/2011,90027,6.75263,38.403368,Valid
3,0.0,,916134837,Bayu Belete,300450,6750900.7,38404940.17,ACTIVE,4/12/2011,90027,6.750901,38.40494,Valid
3,0.0,,972821306,Yebalework Alemu ,300451,6750805.667,38404721.33,ACTIVE,4/12/2011,90027,6.750806,38.404721,Valid
3,0.0,,,Wendimu H/Mariam,300452,6751082.983,38404089.33,Active,4/10/2012,90027,6.751083,38.404089,Valid
3,0.0,,,Getahun G/Yesus,300453,6751142.683,38404057.73,ACTIVE,4/10/2012,90027,6.751143,38.404058,Valid
3,0.0,,916504765,Ayele Eketa,300454,6751213.3,38404189.6,ACTIVE,4/12/2011,90027,6.751213,38.40419,Valid
3,0.0,,,Dawit Tsegaye,300455,6751252.75,38403551.8,Active,4/10/2012,90027,6.751253,38.403552,Valid
3,0.0,,,Etagenehu Tamrat,300456,6751530.85,38403556.22,Active,4/10/2012,90027,6.751531,38.403556,Valid
3,0.0,,916169959,Agyenew Girma,300457,6751991.983,38403438.32,ACTIVE,4/12/2011,90027,6.751992,38.403438,Valid
3,0.0,,923435711,Tsehay Siyum ,300458,6751293.083,38403959.42,ACTIVE,4/12/2011,90027,6.751293,38.403959,Valid
3,0.0,,,Mulu Melaku,300459,6751512.117,38404048.38,Active,4/10/2012,90027,6.751512,38.404048,Valid
3,0.0,,,Dawit Borsamo,300460,6751635.3,38404034.78,Active,4/10/2012,90027,6.751635,38.404035,Valid
3,0.0,,,Habtamu Chutulo,300461,6751882.233,38403865.82,Active,4/10/2012,90027,6.751882,38.403866,Valid
3,0.0,,908000375,Tesema Regassa,300462,6747654.033,38404939.82,ACTIVE,4/12/2011,90027,6.747654,38.40494,Valid
3,0.0,,913164650,Seyfi Worako,300463,6752713.183,38404347.87,ACTIVE,4/12/2011,90027,6.752713,38.404348,Valid
3,0.0,,,Kera Organization,300464,6752182.2,38404420.77,Active,4/10/2012,90027,6.752182,38.404421,Valid
3,0.0,,,Haro Dukemo,300465,6752000.85,38404266.12,Active,4/10/2012,90027,6.752001,38.404266,Valid
3,0.0,,916923328,Yimer Adam,300466,6751720.633,38404316.7,ACTIVE,4/12/2011,90027,6.751721,38.404317,Valid
3,0.0,,937274666,Melesse Argeta,300467,6751914.733,38404227.93,ACTIVE,4/12/2011,90027,6.751915,38.404228,Valid
3,0.0,,952604812,Diketo Legide ,300468,6751856.25,38404479.27,ACTIVE,41-02-012_,90027,6.751856,38.404479,Valid
3,0.0,,945633563,Mebrat Tareken,300469,6751503.433,38404664.45,ACTIVE,41-22-011_,90027,6.751503,38.404664,Valid
3,0.0,,,Andinet Asefa,300470,6751615.7,38404695.03,Active,4/10/2012,90027,6.751616,38.404695,Valid
3,0.0,,,Debebe Debiso,300471,6751587.9,38404661.38,Active,4/10/2012,90027,6.751588,38.404661,Valid
3,0.0,,,Yunkura Hayeso,300472,6751630.383,38404739.25,ACTIVE,4/12/2011,90027,6.75163,38.404739,Valid
3,0.0,,913360407,Hanta Hayeso,300473,6751437.9,38404837.77,ACTIVE,4/12/2011,90027,6.751438,38.404838,Valid
3,0.0,,,Eyasu Godana,300474,6751379.883,38405001.18,Active,4/10/2012,90027,6.75138,38.405001,Valid
3,0.0,,,Girma Gashe,300475,6751631.433,38404942.83,DISCONNECT,4/10/2012,90027,6.751631,38.404943,Valid
3,0.0,,988105337,Workneh Kebede,300476,6751594.717,38405129.57,ACTIVE,4/12/2011,90027,6.751595,38.40513,Valid
3,0.0,,913411512,Tura Tumicha,300477,6751606.717,38405220.9,ACTIVE,4/12/2011,90027,6.751607,38.405221,Valid
3,0.0,,922230759,Getahun Asifaw  ,300478,6751518.983,38405436.3,ACTIVE,4/12/2011,90027,6.751519,38.405436,Valid
3,0.0,,916020351,Tadesse Ganu,300479,6751305.067,38405340.1,ACTIVE,4/12/2011,90027,6.751305,38.40534,Valid
3,0.0,,,Yohannes Mue,300480,6751197.433,38405203.55,Active,4/10/2012,90027,6.751197,38.405204,Valid
3,0.0,,,Tsege Cherinet,300481,6751601.083,38405521.38,Active,4/10/2012,90027,6.751601,38.405521,Valid
3,0.0,,912196848,Bekele Engida,300482,6751903.683,38405723.07,ACTIVE,4/12/2011,90027,6.751904,38.405723,Valid
3,0.0,,967979807,Shone Boe,300483,6752026.967,38405489.93,ACTIVE,4/12/2011,90027,6.752027,38.40549,Valid
3,0.0,,,H/Mariam Kuma,300484,6752059.8,38405603.18,Active,4/10/2012,90027,6.75206,38.405603,Valid
3,0.0,,913002344,Shambel Alelign,300485,6752003.583,38405300.52,ACTIVE,41-02-012_,90027,6.752004,38.405301,Valid
3,0.0,,,Almaz Negash,300486,6752003.583,38405300.52,Active,4/10/2012,90027,6.752004,38.405301,Valid
3,0.0,,,Molla Birhanu,300487,6751893.767,38405473.13,Active,4/10/2012,90027,6.751894,38.405473,Valid
3,0.0,,932190684,Sadia Mohammed,300488,6752148.267,38405078.15,ACTIVE,4/12/2011,90027,6.752148,38.405078,Valid
3,0.0,,916016160,Tekabe Bekele,300489,6752501.517,38405497.65,ACTIVE,4/12/2011,90027,6.752502,38.405498,Valid
3,0.0,,913460816,Genet Geremu,300490,6752872.467,38405472.95,ACTIVE,4/12/2011,90027,6.752872,38.405473,Valid
3,0.0,,934010116,Hailu Kerfafa,300491,6752712.483,38405285.43,ACTIVE,4/12/2011,90027,6.752712,38.405285,Valid
3,0.0,,,Abraham Alemu,300492,6752520.283,38405435.85,Active,4/10/2012,90027,6.75252,38.405436,Valid
3,0.0,,,Betula Mohammed,300493,6752914.25,38405298.03,Active,4/10/2012,90027,6.752914,38.405298,Valid
3,0.0,,936499448,Endale Mega,300494,6752820.517,38405137.53,ACTIVE,4/12/2011,90027,6.752821,38.405138,Valid
3,0.0,,,Birhanu Tule,300495,6752059.8,38405603.18,Active,4/10/2012,90027,6.75206,38.405603,Valid
3,0.0,,913464910,Fikire Marimo ,300496,6752059.8,38405603.18,ACTIVE,4/12/2011,90027,6.75206,38.405603,Valid
3,0.0,,916143678,Mestawet Solomon ,300497,6752059.8,38405603.18,ACTIVE,4/12/2011,90027,6.75206,38.405603,Valid
3,0.0,,903250675,Dikale Dika ,300498,6752285.383,38405421.87,ACTIVE,41-02-012_,90027,6.752285,38.405422,Valid
3,0.0,,925632101,Abebayeh Bekele,300499,6752059.8,38405603.18,ACTIVE,4/12/2011,90027,6.75206,38.405603,Valid
3,0.0,,,Yeweyinhareg Darara,300500,6747272.617,38404182.45,ACTIVE,4/12/2011,90027,6.747273,38.404182,Valid
3,0.0,,913509445,Nasir Fetene ,300501,6752059.8,38405603.18,ACTIVE,4/12/2011,90027,6.75206,38.405603,Valid
3,0.0,,,Haile Shashamo,300502,0.0,0.0,DISCONNECT,4/10/2012,90027,,,Missing or Invalid GPS
3,0.0,,,Alemayehu Adane,300503,6752059.8,38405603.18,Active,4/10/2012,90027,6.75206,38.405603,Valid
3,0.0,,916964824,Fikru Balcha,300504,6752059.8,38405603.18,ACTIVE,4/12/2011,90027,6.75206,38.405603,Valid
3,0.0,,,Esheto Deboch,300505,6752059.8,38405603.18,Active,4/10/2012,90027,6.75206,38.405603,Valid
3,0.0,,,Kassa Dubale,300506,6752059.8,38405603.18,ACTIVE,4/12/2011,90027,6.75206,38.405603,Valid
3,0.0,,,Tadelech Siyum,300507,6751384.967,38405472.18,Active,4/10/2012,90027,6.751385,38.405472,Valid
3,0.0,,987240488,Zewuditu Hayle ,300508,6752325.633,38407001.8,ACTIVE,4/12/2011,90027,6.752326,38.407002,Valid
3,0.0,,,Aberash Kassa,300509,6752264.433,38406972.97,Active,4/10/2012,90027,6.752264,38.406973,Valid
3,0.0,,910337943,Shegara Gabiso,300511,6752973.783,38406644.72,ACTIVE,4/12/2011,90027,6.752974,38.406645,Valid
3,0.0,,916143625,Bekele Hamaro,300512,6752908.85,38406777.37,ACTIVE,4/12/2011,90027,6.752909,38.406777,Valid
3,0.0,,,Getachew Alalcha,300513,6753257.767,38406851.72,Active,4/10/2012,90027,6.753258,38.406852,Valid
3,0.0,,916808239,Nejeba Kedir ,300514,6752790.95,38406472.37,ACTIVE,4/12/2011,90027,6.752791,38.406472,Valid
3,0.0,,931393365,Tsegaye Senbabo,300515,6752946.767,38406504.28,ACTIVE,4/12/2011,90027,6.752947,38.406504,Valid
3,0.0,,,Abebe Motora,300516,6753145.367,38406667.05,Active,4/10/2012,90027,6.753145,38.406667,Valid
3,0.0,,,Mulatu Kebede,300517,6753307.133,38406790.03,Active,4/10/2012,90027,6.753307,38.40679,Valid
3,0.0,,,Adane Benena,300518,6752269.217,38407477.38,Active,4/10/2012,90027,6.752269,38.407477,Valid
3,0.0,,953360023,Alemayehu Chalew,300519,6750949.15,38406581.78,ACTIVE,4/12/2011,90027,6.750949,38.406582,Valid
3,0.0,,926323606,Bekele Adam,300520,6751347.967,38406473.92,ACTIVE,41/02/012_,90027,6.751348,38.406474,Valid
3,0.0,,,Yosef Pawlos,300521,6751246.65,38406348.3,ACTIVE,4/10/2012,90027,6.751247,38.406348,Valid
3,0.0,,913369327,Kifle Lankamo,300522,6751305.433,38406617.58,ACTIVE,4/12/2011,90027,6.751305,38.406618,Valid
3,0.0,,969767631,Zulfa Abdela ,300523,6750797.2,38406367.0,ACTIVE,41-22-011_,90027,6.750797,38.406367,Valid
3,0.0,,916503940,Biniyam Biratu ,300524,6751245.433,38406231.57,ACTIVE,4/12/2011,90027,6.751245,38.406232,Valid
3,0.0,,,Dana Godana,300525,6751395.05,38406053.02,Active,4/10/2012,90027,6.751395,38.406053,Valid
3,0.0,,,Aster G/Meskel,300526,6750864.733,38406059.4,Active,4/10/2012,90027,6.750865,38.406059,Valid
3,0.0,,967219277,Mekonnen Alebel,300527,6751207.8,38405959.07,ACTIVE,4/12/2011,90027,6.751208,38.405959,Valid
3,0.0,,916079633,Genet Dangura ,300528,6751316.0,38405920.0,ACTIVE,41-02-012_,90027,6.751316,38.40592,Valid
3,0.0,,969384711,Megersa Seboka,300529,6751392.767,38405685.55,ACTIVE,4/12/2011,90027,6.751393,38.405686,Valid
3,0.0,,,Birhanu Dalecha,300530,6751402.4,38405644.85,Active,4/10/2012,90027,6.751402,38.405645,Valid
3,0.0,,916164438,Tayech Amelo ,300531,6751275.933,38405662.18,ACTIVE,41-02-012_,90027,6.751276,38.405662,Valid
3,0.0,,,Belay Shune,300532,6750439.617,38405199.95,Active,4/10/2012,90027,6.75044,38.4052,Valid
3,0.0,,,Girma Buamo,300533,6750868.65,38405127.27,Active,4/10/2012,90027,6.750869,38.405127,Valid
3,0.0,,,Girma Belete,300534,6750721.833,38405194.45,Active,4/10/2012,90027,6.750722,38.405194,Valid
3,0.0,,,Zemenay Muluqen,300535,0.0,0.0,TERMINATE,4/12/2011,90027,,,Missing or Invalid GPS
3,0.0,,,Yodit Misrak,300536,6747966.017,38408037.4,Active,4/10/2012,90027,6.747966,38.408037,Valid
3,0.0,,,Seblewongel Bekele,300537,0.0,0.0,DISCONNECT,4/10/2012,90027,,,Missing or Invalid GPS
3,0.0,,,Shitaye Abebe,300538,6749589.65,38407546.82,Active,4/10/2012,90027,6.74959,38.407547,Valid
3,0.0,,,Kifle Wolde,300539,6748485.983,38403681.93,Active,4/10/2012,90027,6.748486,38.403682,Valid
3,0.0,,,Belaynesh Fita,300540,6748370.867,38403287.23,Active,4/10/2012,90027,6.748371,38.403287,Valid
3,0.0,,,Zeleka Siyum,300541,0.0,0.0,DISCONNECT,4/10/2012,90027,,,Missing or Invalid GPS
3,0.0,,,Meretech Shiferaw,300542,6748400.95,38403257.98,Active,4/10/2012,90027,6.748401,38.403258,Valid
3,0.0,,,Tenaye Nigussie,300543,6748444.717,38403353.92,Active,4/10/2012,90027,6.748445,38.403354,Valid
3,0.0,,,Kiya Mekonnen,300544,6748200.483,38402859.42,DISCONNECT,4/10/2012,90027,6.7482,38.402859,Valid
3,0.0,,,Yonatan G/Mariam,300545,6748489.183,38403373.97,Active,4/10/2012,90027,6.748489,38.403374,Valid
3,0.0,,977768874,Netsanet Aklok,300546,6747862.533,38402135.67,ACTIVE,4/12/2011,90027,6.747863,38.402136,Valid
3,0.0,,,Dejene Belachew,300547,6748485.217,38403257.6,ACTIVE,4/12/2011,90027,6.748485,38.403258,Valid
3,0.0,,909792969,Neamin Firehiwot,300548,6748218.567,38402516.97,ACTIVE,4/12/2011,90027,6.748219,38.402517,Valid
3,0.0,,,Ayele Kabiso,300549,6747342.283,38402265.0,ACTIVE,4/10/2012,90027,6.747342,38.402265,Valid
3,0.0,,916064137,Kasech Asefa,300550,6748867.217,38403810.3,ACTIVE,4/12/2011,90027,6.748867,38.40381,Valid
3,0.0,,913261711,Genet Hailu,300551,6748217.033,38402455.95,ACTIVE,4/12/2011,90027,6.748217,38.402456,Valid
3,0.0,,911805539,Tsege Eshete,300552,6748223.85,38402350.05,ACTIVE,4/12/2011,90027,6.748224,38.40235,Valid
3,0.0,,911049267,Yosef Yana,300553,6747526.083,38402307.87,ACTIVE,4/12/2011,90027,6.747526,38.402308,Valid
3,0.0,,,Fikadu Hailu,300554,6747362.95,38402370.87,Active,4/10/2012,90027,6.747363,38.402371,Valid
3,0.0,,913052694,Aschalew Wolde,300555,6747860.85,38402226.12,ACTIVE,4/12/2011,90027,6.747861,38.402226,Valid
3,0.0,,,Aynalem Adisu,300556,6747295.8,38402242.88,ACTIVE,4/12/2011,90027,6.747296,38.402243,Valid
3,0.0,,916067303,Atnabachew Getachew,300557,6747628.483,38402666.05,ACTIVE,4/12/2011,90027,6.747628,38.402666,Valid
3,0.0,,932402151,Dadimawit Abera ,300558,6747624.983,38402767.32,ACTIVE,4/12/2011,90027,6.747625,38.402767,Valid
3,0.0,,,Debrity Haile,300559,6747635.717,38402939.47,ACTIVE,4/10/2012,90027,6.747636,38.402939,Valid
3,0.0,,,Yilma Tadesse,300560,6747988.533,38402870.95,DISCONNECT,4/10/2012,90027,6.747989,38.402871,Valid
3,0.0,,,Dr. Gemechu Sori,300561,6747821.817,38402181.6,Active,4/10/2012,90027,6.747822,38.402182,Valid
3,0.0,,92686150,Tekeba Genale,300562,6747657.6,38403067.02,ACTIVE,4/12/2011,90027,6.747658,38.403067,Valid
3,0.0,,,Temesgen Tesfaye,300563,6747690.383,38403042.4,Active,4/10/2012,90027,6.74769,38.403042,Valid
3,0.0,,,Selam Ayele,300564,6747664.45,38403091.5,Active,4/10/2012,90027,6.747664,38.403092,Valid
3,0.0,,916557966,Legesse Genale,300565,6747736.85,38403325.13,ACTIVE,4/12/2011,90027,6.747737,38.403325,Valid
3,0.0,,912163961,Yemsrach Birhanu,300566,6747727.65,38403150.87,ACTIVE,4/12/2011,90027,6.747728,38.403151,Valid
3,0.0,,,Habte Senbeto,300567,6748071.1,38403149.98,Active,4/10/2012,90027,6.748071,38.40315,Valid
3,0.0,,,Agyenew Firde,300568,6747796.533,38403261.97,Active,4/10/2012,90027,6.747797,38.403262,Valid
3,0.0,,924390518,Sirgut Walelign,300569,6747164.617,38403113.93,ACTIVE,4/12/2011,90027,6.747165,38.403114,Valid
3,0.0,,,Yenenesh Wolde,300570,6747714.083,38403120.77,Active,4/10/2012,90027,6.747714,38.403121,Valid
3,0.0,,,Alemu Tilahun,300571,6747726.5,38402926.78,Active,4/10/2012,90027,6.747726,38.402927,Valid
3,0.0,,,Mulu G/Mariam,300572,6747713.667,38403257.77,Active,4/10/2012,90027,6.747714,38.403258,Valid
3,0.0,,911701037,Abayneh Tamrat,300573,6747708.883,38403131.85,ACTIVE,4/12/2011,90027,6.747709,38.403132,Valid
3,0.0,,,Henok Shimelis,300574,6747742.117,38403020.65,Active,4/10/2012,90027,6.747742,38.403021,Valid
3,0.0,,,Yetimwork Tadesse,300575,6748213.767,38402870.72,DISCONNECT,4/10/2012,90027,6.748214,38.402871,Valid
3,0.0,,911701037,Hiwot Worku,300576,6747916.0,38403314.52,ACTIVE,4/12/2011,90027,6.747916,38.403315,Valid
3,0.0,,,Temesgen H/Meskel,300577,6747893.783,38402845.68,DISCONNECT,4/10/2012,90027,6.747894,38.402846,Valid
3,0.0,,,Zinash Wosen,300578,6747943.017,38403292.45,Active,4/10/2012,90027,6.747943,38.403292,Valid
3,0.0,,913385433,Yordanos Tekle ,300579,6747936.217,38403296.38,ACTIVE,4/12/2011,90027,6.747936,38.403296,Valid
3,0.0,,,Yirgallem H/Mariam,300580,6747860.483,38403303.5,ACTIVE,4/10/2012,90027,6.74786,38.403303,Valid
3,0.0,,,Habtamu G/Michael,300581,6748113.967,38403220.83,Active,4/10/2012,90027,6.748114,38.403221,Valid
3,0.0,,,Genet Tesfaye,300582,6747885.65,38403242.13,Active,4/10/2012,90027,6.747886,38.403242,Valid
3,0.0,,,Abaynesh Dejene,300583,6747919.483,38403221.92,Active,4/10/2012,90027,6.747919,38.403222,Valid
3,0.0,,,Sisay Setegn,300584,6752745.317,38404164.03,Active,4/10/2012,90027,6.752745,38.404164,Valid
3,0.0,,,Meselech Mitiku,300585,6752444.5,38403778.65,Active,4/10/2012,90027,6.752445,38.403779,Valid
3,,,,Abebaw Hailu,300586,6748618.3,38403826.25,Active,4/10/2012,90027,6.748618,38.403826,Valid
3,,,,Abebaw Hailu,300587,6748588.767,38403816.48,Active,4/10/2012,90027,6.748589,38.403816,Valid
3,,,,Tadesse Mergiya,300588,6746136.433,38401485.92,Active,4/10/2012,90027,6.746136,38.401486,Valid
3,,,916932926,Yohannes Roma,300589,6750078.283,38400766.48,ACTIVE,4/12/2011,90027,6.750078,38.400766,Valid
3,,,,Fiseha G/Egziabher,300590,6750574.5,38406397.23,Active,4/10/2012,90027,6.750574,38.406397,Valid
3,,,913385433,Abiy Tekle,300591,6747890.75,38403192.55,ACTIVE,4/12/2011,90027,6.747891,38.403193,Valid
3,,,,Feleke Tsegaye,300592,6751178.417,38403729.95,Active,4/10/2012,90027,6.751178,38.40373,Valid
3,,,938075918,Muzeyin Tesfaye,300593,6748088.367,38406787.47,ACTIVE,4/12/2011,90027,6.748088,38.406787,Valid
3,,,,Ayele Dereje,300594,6748343.45,38406808.45,Active,4/10/2012,90027,6.748343,38.406808,Valid
3,,,,Emahoy Kasech Alemayehu,300595,0.0,0.0,DISCONNECT,4/10/2012,90027,,,Missing or Invalid GPS
3,,,,Kefiyalew Fiseha,300596,6751297.5,38403505.87,Active,4/10/2012,90027,6.751297,38.403506,Valid
3,,,,Matiwos Godana,300597,6747919.583,38404185.72,Active,4/10/2012,90027,6.74792,38.404186,Valid
3,,,939156069,Zenebech G/mariyam,300598,6749073.033,38405096.13,ACTIVE,4/12/2011,90027,6.749073,38.405096,Valid
3,,,,Smeyneh Menju,300599,0.0,0.0,DISCONNECT,4/10/2012,90027,,,Missing or Invalid GPS
3,,,916024876,Tilahun Matebe,300600,6750125.6,38402962.33,ACTIVE,4/12/2011,90027,6.750126,38.402962,Valid
3,,,,Almaz Ledamo,300601,6749403.267,38407542.82,Active,4/10/2012,90027,6.749403,38.407543,Valid
3,,,916517489,Dawit Dika,300602,6747745.617,38407063.08,ACTIVE,4/12/2011,90027,6.747746,38.407063,Valid
3,,,,Medhanit Seyfu,300603,6750048.067,38400451.33,Active,4/10/2012,90027,6.750048,38.400451,Valid
3,,,,Bediru Shifa,300604,6748976.783,38405767.88,Active,4/10/2012,90027,6.748977,38.405768,Valid
3,,,,Almaz Ledamo,300605,0.0,0.0,TERMINATE,4/10/2012,90027,,,Missing or Invalid GPS
3,,,,Geremew Gata,300606,0.0,0.0,DISCONNECT,4/10/2012,90027,,,Missing or Invalid GPS
3,,,933167033,Shiferaw Beyene ,300607,6751275.9,38403550.87,ACTIVE,4/12/2011,90027,6.751276,38.403551,Valid
3,,,,Dawit Dika,300608,0.0,0.0,DISCONNECT,4/10/2012,90027,,,Missing or Invalid GPS
3,,,,Bediru Shifa,300609,0.0,0.0,DISCONNECT,4/10/2012,90027,,,Missing or Invalid GPS
3,,,,Medhanit Seyfe,300610,0.0,0.0,TERMINATE,4/10/2012,90027,,,Missing or Invalid GPS
3,,,,Kefiyalew Fiseha,300611,0.0,0.0,TERMINATE,4/10/2012,90027,,,Missing or Invalid GPS
3,,,,Emahoy Kasech Alemayehu,300612,0.0,0.0,TERMINATE,4/10/2012,90027,,,Missing or Invalid GPS
3,,,,Meselech Mitiku,300613,0.0,0.0,TERMINATE,4/10/2012,90027,,,Missing or Invalid GPS
3,,,,Tilahun Matebe,300614,0.0,0.0,TERMINATE,4/10/2012,90027,,,Missing or Invalid GPS
3,,,,Mamite Besha,300615,0.0,0.0,TERMINATE,4/10/2012,90027,,,Missing or Invalid GPS
3,,,,Feleke Tsegayu,300616,0.0,0.0,TERMINATE,4/10/2012,90027,,,Missing or Invalid GPS
3,,,,Tafese Tesema,300617,0.0,0.0,DISCONNECT,4/10/2012,90027,,,Missing or Invalid GPS
3,,,,Endeshaw Bukula,300618,0.0,0.0,DISCONNECT,4/10/2012,90027,,,Missing or Invalid GPS
3,,,,Teshoma Gezahegn,300619,0.0,0.0,DISCONNECT,4/10/2012,90027,,,Missing or Invalid GPS
3,,,,Teshoma Gezahegn,300620,0.0,0.0,DISCONNECT,4/10/2012,90027,,,Missing or Invalid GPS
3,,,,Nasir Sheh Ahmed,300621,0.0,0.0,DISCONNECT,4/10/2012,90027,,,Missing or Invalid GPS
3,,,,Azalech W/Argay,300622,0.0,0.0,DISCONNECT,4/10/2012,90027,,,Missing or Invalid GPS
3,,,,W/Giorgis G/Mariam,300623,6748062.65,38406029.52,Active,4/10/2012,90027,6.748063,38.40603,Valid
3,,,,W/Giorgis G/Mariam,300624,0.0,0.0,DISCONNECT,4/10/2012,90027,,,Missing or Invalid GPS
3,,,,Tafese Tesema,300625,0.0,0.0,DISCONNECT,4/10/2012,90027,,,Missing or Invalid GPS
3,,,,Mesfin Kitesa,300626,0.0,0.0,DISCONNECT,4/10/2012,90027,,,Missing or Invalid GPS
3,,,,Getnet Kebede,300627,0.0,0.0,DISCONNECT,4/10/2012,90027,,,Missing or Invalid GPS
3,,,,Wubsheta Kurabachew,300628,0.0,0.0,DISCONNECT,4/10/2012,90027,,,Missing or Invalid GPS
3,,,,Etenesh Asfaw,300629,0.0,0.0,DISCONNECT,4/10/2012,90027,,,Missing or Invalid GPS
3,,,,Tejitu Lakew,300630,0.0,0.0,DISCONNECT,4/10/2012,90027,,,Missing or Invalid GPS
3,,,,Sebsibe Senbeto,300631,0.0,0.0,DISCONNECT,4/10/2012,90027,,,Missing or Invalid GPS
3,,,,W/Giorgis Gutema,300632,0.0,0.0,DISCONNECT,4/10/2012,90027,,,Missing or Invalid GPS
3,,,,W/Giorgis Gutema,300633,0.0,0.0,DISCONNECT,4/10/2012,90027,,,Missing or Invalid GPS
3,,,916434715,Mulugeta Murasa,300634,6751058.1,38400097.52,ACTIVE,4/12/2011,90027,6.751058,38.400098,Valid
3,,,,Solomon Dawit,300635,6750604.933,38400397.47,Active,4/10/2012,90027,6.750605,38.400397,Valid
3,,,966901470,Atinkuwat Zeleke ,300636,6751083.933,38399759.68,ACTIVE,4/12/2011,90027,6.751084,38.39976,Valid
3,,,912387103,Tafese Sintaro,300637,6750939.05,38400174.92,ACTIVE,4/12/2011,90027,6.750939,38.400175,Valid
3,,,954784762,Mesfin Kitesa,300638,6746923.533,38408051.68,ACTIVE,4/12/2011,90027,6.746924,38.408052,Valid
3,,,,Sebsibe Senbeto,300639,6750620.983,38405754.92,Active,4/10/2012,90027,6.750621,38.405755,Valid
3,,,,Wubsheta Kurabachew,300640,6747745.617,38407063.08,Active,4/10/2012,90027,6.747746,38.407063,Valid
3,,,,Etenesh Asfaw,300641,6749027.25,38405395.9,Active,4/10/2012,90027,6.749027,38.405396,Valid
3,,,,Geremew Gata,300642,6750125.6,38402962.33,Active,4/10/2012,90027,6.750126,38.402962,Valid
3,,,,Teshoma Gezahegn,300643,0.0,0.0,DISCONNECT,4/10/2012,90027,,,Missing or Invalid GPS
3,,,,Tejitu Lakew ,300644,6747340.75,38404284.93,ACTIVE,4/12/2011,90027,6.747341,38.404285,Valid
3,,,,Birhanu Solomon,300645,0.0,0.0,DISCONNECT,4/10/2012,90027,,,Missing or Invalid GPS
3,,,916332863,Birhanu Solomon,300646,6748936.65,38405356.58,ACTIVE,4/12/2011,90027,6.748937,38.405357,Valid
3,,,,Zeleka Siyum,300647,6747831.783,38403118.53,Active,4/10/2012,90027,6.747832,38.403119,Valid
3,,,916502398,Alemayehu Abebe,300648,6748040.533,38404122.55,ACTIVE,4/12/2011,90027,6.748041,38.404123,Valid
3,,,,Meaza Babiso,300649,6750249.5,38400104.45,Active,4/10/2012,90027,6.750249,38.400104,Valid
3,,,,Nasir Sheh Ahmed,300650,6751741.05,38407052.48,Active,4/10/2012,90027,6.751741,38.407052,Valid
3,,,,Azalech W/Argay,300651,0.0,0.0,DISCONNECT,4/10/2012,90027,,,Missing or Invalid GPS
3,,,,Kasech Lema,300652,0.0,0.0,DISCONNECT,4/10/2012,90027,,,Missing or Invalid GPS
3,,,,Getnet Kebede,300653,6746904.133,38402387.62,Active,4/10/2012,90027,6.746904,38.402388,Valid
3,87.0,,913882922,Yisalemush Fikadu,300654,6746774.0,38404540.95,ACTIVE,4/12/2011,90027,6.746774,38.404541,Valid
3,,,,Ashenafi Adisu,300655,0.0,0.0,DISCONNECT,4/10/2012,90027,,,Missing or Invalid GPS
3,,,,Almaz Ledemo,300656,0.0,0.0,DISCONNECT,4/10/2012,90027,,,Missing or Invalid GPS
3,,,,W/Giorgis Gutema,300657,6750346.033,38405131.88,Active,4/10/2012,90027,6.750346,38.405132,Valid
3,,,,Teshoma Gezahegn,300658,6748232.967,38405026.25,Active,4/10/2012,90027,6.748233,38.405026,Valid
3,,,,Geremew Gata,300659,0.0,0.0,DISCONNECT,4/10/2012,90027,,,Missing or Invalid GPS
3,,,,Zerihun Zewde,300660,6747862.967,38403184.97,Active,4/10/2012,90027,6.747863,38.403185,Valid
3,,,,Zewde Girma,300661,6750878.783,38400297.42,Active,4/10/2012,90027,6.750879,38.400297,Valid
3,,,,Desalegn Butasha,300662,6750859.2,38400587.07,Active,4/10/2012,90027,6.750859,38.400587,Valid
3,,,,Tesema Gabiso,300663,6751800.133,38403473.77,Active,4/10/2012,90027,6.7518,38.403474,Valid
3,,,,Pawlos Bona,300664,6751637.7,38403933.05,Active,4/10/2012,90027,6.751638,38.403933,Valid
3,,,,Yosef Galfato,300665,6751025.933,38400088.18,Active,4/10/2012,90027,6.751026,38.400088,Valid
3,,,916438457,Nigussie Petros,300666,6751745.5,38403444.45,ACTIVE,4/12/2011,90027,6.751746,38.403444,Valid
3,,,,Alemayehu Hoshonga,300667,6750778.7,38400682.08,Active,4/10/2012,90027,6.750779,38.400682,Valid
3,,,,Abera Tesfaye,300668,6751636.617,38403491.85,Active,4/10/2012,90027,6.751637,38.403492,Valid
3,,,,Belachew Rahmeto,300669,6747886.833,38403187.72,Active,4/10/2012,90027,6.747887,38.403188,Valid
3,,,916434085,Keramo Taye,300670,6751416.617,38403491.17,ACTIVE,4/12/2011,90027,6.751417,38.403491,Valid
3,,,926206498,Zewditu Shankoo,300671,6750411.333,38405795.17,ACTIVE,4/12/2011,90027,6.750411,38.405795,Valid
3,,,,Zufan Boke,300672,6752147.967,38407152.1,ACTIVE,4/10/2012,90027,6.752148,38.407152,Valid
3,,,,Thomas Chororo,300673,6751080.983,38399793.7,Active,4/10/2012,90027,6.751081,38.399794,Valid
3,,,934608672,Daniso Worana,300674,6753097.033,38406001.7,ACTIVE,4/12/2011,90027,6.753097,38.406002,Valid
3,,,,Kess Alemu Anebo,300675,6750258.65,38402429.52,Active,4/10/2012,90027,6.750259,38.40243,Valid
3,,,,Kasahun Watro,300676,6749597.783,38404557.28,Active,4/10/2012,90027,6.749598,38.404557,Valid
3,,,916133993,Beyene Gebiso,300677,6752599.483,38406040.17,ACTIVE,4/12/2011,90027,6.752599,38.40604,Valid
3,,,,Alemu Debiso,300678,6752448.35,38405855.67,Active,4/10/2012,90027,6.752448,38.405856,Valid
3,,,916044070,Derese Alemu,300679,6752438.717,38406237.53,ACTIVE,4/12/2011,90027,6.752439,38.406238,Valid
3,,,,Kinta Kamiso,300680,6752986.3,38406041.3,ACTIVE,4/10/2012,90027,6.752986,38.406041,Valid
3,,,,Wendimu Abza,300681,6752832.917,38406068.77,Active,4/10/2012,90027,6.752833,38.406069,Valid
3,,,974407538,Tigist Asefa,300682,6752874.283,38406139.72,ACTIVE,4/12/2011,90027,6.752874,38.40614,Valid
3,,,934234800,Mulatu kebede ,300683,6753426.467,38406143.8,ACTIVE,4/12/2011,90027,6.753426,38.406144,Valid
3,,,,Tesfaye Kayeso,300684,6752329.167,38405680.7,Active,4/10/2012,90027,6.752329,38.405681,Valid
3,,,,Belayneh Beta,300685,6753241.467,38405923.42,ACTIVE,4/10/2012,90027,6.753241,38.405923,Valid
3,,,916130828,Hanchancha Harqa,300686,6751078.867,38399879.85,ACTIVE,4/12/2011,90027,6.751079,38.39988,Valid
3,,,,Yohannes Mara,300687,6753214.683,38405963.92,Active,4/10/2012,90027,6.753215,38.405964,Valid
3,,,919688365,Tilahun Hailu,300688,6753033.283,38405115.5,ACTIVE,4/12/2011,90027,6.753033,38.405116,Valid
3,,,945628630,Mekonnen Ayele,300689,6749299.85,38406018.43,ACTIVE,4/12/2011,90027,6.7493,38.406018,Valid
3,,,,Tadiwos Otoro,300690,6747860.567,38405579.78,Active,4/10/2012,90027,6.747861,38.40558,Valid
3,,,,Danso Dangiso,300691,6750678.633,38401027.98,Active,4/10/2012,90027,6.750679,38.401028,Valid
3,,,,Siyum Bogale,300692,6751385.867,38404073.18,Active,4/10/2012,90027,6.751386,38.404073,Valid
3,,,,Bayush Bezabih,300693,6749005.1,38405510.78,Active,4/10/2012,90027,6.749005,38.405511,Valid
3,,,,Mengesha Yunka,300694,6751510.267,38404648.32,Active,4/10/2012,90027,6.75151,38.404648,Valid
3,,,,Wudnesh Beta,300695,6753440.367,38405797.08,Active,4/10/2012,90027,6.75344,38.405797,Valid
3,,,,Mesafint Tafese,300696,6750658.6,38401187.73,Active,4/10/2012,90027,6.750659,38.401188,Valid
3,,,,Getu Birhanu,300697,6749234.933,38405609.42,Active,4/10/2012,90027,6.749235,38.405609,Valid
3,,,916515789,Munit Tsegaye,300698,6748145.65,38407145.45,ACTIVE,4/12/2011,90027,6.748146,38.407145,Valid
3,,,968624535,Mesele Desta ,300699,6748032.983,38407390.17,ACTIVE,41/22/011_,90027,6.748033,38.40739,Valid
3,,,,Adam Mosa,300700,6753371.65,38406132.05,Active,4/10/2012,90027,6.753372,38.406132,Valid
3,,,,Manyalebsh Abebe,300701,6750767.0,38404155.17,Active,4/10/2012,90027,6.750767,38.404155,Valid
3,,,,Takele Kumo,300702,0.0,0.0,DISCONNECT,4/10/2012,90027,,,Missing or Invalid GPS
3,,,916373771,Yohannes Konso,300703,6751702.883,38403503.05,ACTIVE,4/12/2011,90027,6.751703,38.403503,Valid
3,,,,Tesfaye H/Mariam,300704,6748846.3,38404720.07,Active,4/10/2012,90027,6.748846,38.40472,Valid
3,,,934110762,Yisak Bekele,300705,6750712.667,38400984.35,ACTIVE,4/12/2011,90027,6.750713,38.400984,Valid
3,,,905249362,Samirawit Zenebe ,300706,6752442.267,38403776.28,ACTIVE,41-02-012_,90027,6.752442,38.403776,Valid
3,,,,Getachew Tefera,300707,6750905.367,38400417.12,Active,4/10/2012,90027,6.750905,38.400417,Valid
3,,,916170394,Weyma Real Estate,300708,6747636.417,38406765.13,ACTIVE,4/12/2011,90027,6.747636,38.406765,Valid
3,,,,Temesgen Girma,300709,6751503.217,38405028.58,Active,4/10/2012,90027,6.751503,38.405029,Valid
3,,,,Manalebsh Sirwacha,300710,6748772.383,38405790.25,Active,4/10/2012,90027,6.748772,38.40579,Valid
3,,,,Birhanu Tadesse,300711,6753211.867,38405982.23,Active,4/10/2012,90027,6.753212,38.405982,Valid
3,,,903084200,Derese Jula,300712,6751566.45,38403494.35,ACTIVE,4/12/2011,90027,6.751566,38.403494,Valid
3,,,,Ayelech Kassa,300713,6748508.45,38406063.4,Active,4/10/2012,90027,6.748508,38.406063,Valid
3,,,,Legese Gelelcha,300714,6752160.517,38403879.97,ACTIVE,4/12/2011,90027,6.752161,38.40388,Valid
3,,,915597559,Abayneh Godana,300715,6752633.267,38406168.37,ACTIVE,4/12/2011,90027,6.752633,38.406168,Valid
3,,,,Melaku Befikadu,300716,6749625.167,38401037.82,Active,4/10/2012,90027,6.749625,38.401038,Valid
3,,,,Aster Tegegn,300718,6753370.883,38405795.65,Active,4/10/2012,90027,6.753371,38.405796,Valid
3,,,,Mesay Hailu,300719,6750553.05,38401731.35,Active,4/10/2012,90027,6.750553,38.401731,Valid
3,,,,Tewawech Kabtyimer,300720,6752059.8,38405603.18,Active,4/10/2012,90027,6.75206,38.405603,Valid
3,,,,Chutulo Anjilo,300721,6751698.267,38403950.25,Active,4/10/2012,90027,6.751698,38.40395,Valid
3,0.0,,937717883,Woderyelesh Alemu,300722,6752314.517,38406783.83,ACTIVE,4/12/2011,90027,6.752315,38.406784,Valid
3,,,,Asefash Hasiso,300723,6749919.567,38405203.9,Active,4/10/2012,90027,6.74992,38.405204,Valid
3,,,911381405,Tigist Getachew,300724,6746921.267,38402405.03,ACTIVE,4/12/2011,90027,6.746921,38.402405,Valid
3,,,,Amarech Nigatu,300725,6752059.8,38405603.18,Active,4/10/2012,90027,6.75206,38.405603,Valid
3,,,916505155,YedaleWork Wesen,300727,6750294.3,38402439.7,ACTIVE,4/12/2011,90027,6.750294,38.40244,Valid
3,,,,Kess Alemu Anebo,300728,6749615.133,38400947.03,Active,4/10/2012,90027,6.749615,38.400947,Valid
3,,,,Million Shapa,300729,6753191.65,38406591.13,ACTIVE,4/10/2012,90027,6.753192,38.406591,Valid
3,,,926898784,Shiferaw Bursa,300730,6747471.767,38404673.82,ACTIVE,4/12/2011,90027,6.747472,38.404674,Valid
3,,,927084710,Chewanesh Neri,300731,6749249.467,38405701.63,ACTIVE,4/12/2011,90027,6.749249,38.405702,Valid
3,,,,Esayas Duguna,300732,6748596.9,38399354.12,Active,4/10/2012,90027,6.748597,38.399354,Valid
3,,,953805319,Helen Tadesse,300733,6751380.017,38403986.22,ACTIVE,4/12/2011,90027,6.75138,38.403986,Valid
3,,,949833764,Muhaba Adam,300734,6753037.15,38406102.8,ACTIVE,4/12/2011,90027,6.753037,38.406103,Valid
3,,,934604716,Yenayehu Manaminno,300735,6753626.1,38405842.28,ACTIVE,4/12/2011,90027,6.753626,38.405842,Valid
3,,,,Zerihun Temesgen,300736,6753033.483,38406091.12,Active,4/10/2012,90027,6.753033,38.406091,Valid
3,,,987242130,Enant Abebe,300737,6747758.167,38405633.28,ACTIVE,4/12/2011,90027,6.747758,38.405633,Valid
4,0.0,,,Sultan Kedir,400001,0.0,0.0,DISCONNECT,4/10/2012,90027,,,Missing or Invalid GPS
4,0.0,,,Mulu Kaanu,400002,6747271.933,38408241.82,Active,4/10/2012,90027,6.747272,38.408242,Valid
4,0.0,,,Tesfanesh Desalegn,400003,6747271.933,38408241.82,Active,4/10/2012,90027,6.747272,38.408242,Valid
4,0.0,,,Kedir Ahmedin,400004,0.0,0.0,DISCONNECT,4/12/2011,90027,,,Missing or Invalid GPS
4,0.0,,,Gebre Zebre,400005,0.0,0.0,DISCONNECT,4/10/2012,90027,,,Missing or Invalid GPS
4,0.0,,912184205,Abdelahid Abdela,400006,6746584.717,38407575.25,ACTIVE,41-22-011_,90027,6.746585,38.407575,Valid
4,0.0,,,Musbaha Mohammed,400007,6747271.933,38408241.82,ACTIVE,4/12/2011,90027,6.747272,38.408242,Valid
4,0.0,,916923244,Misrak Tesema,400008,6747087.567,38407663.52,DISCONNECT,4/12/2011,90027,6.747088,38.407664,Valid
4,0.0,,,Tefera Kassa,400009,6748202.05,38408103.62,Active,4/10/2012,90027,6.748202,38.408104,Valid
4,0.0,,,Tefera Kassa,400010,6747705.55,38406828.67,Active,4/10/2012,90027,6.747706,38.406829,Valid
4,0.0,,,Workie Getaneh,400011,0.0,0.0,DISCONNECT,4/10/2012,90027,,,Missing or Invalid GPS
4,0.0,,,Total Fuel Station,400012,6746561.167,38406448.48,ACTIVE,4/10/2012,90027,6.746561,38.406448,Valid
4,0.0,,,Nishan Shiferaw,400013,6747552.183,38406765.67,ACTIVE,4/12/2011,90027,6.747552,38.406766,Valid
4,0.0,,,Degefa Smeye,400014,6748712.067,38407107.13,DISCONNECT,4/10/2012,90027,6.748712,38.407107,Valid
4,0.0,,,Eleni Fantaye,400015,6747178.383,38406423.85,Active,4/10/2012,90027,6.747178,38.406424,Valid
4,0.0,,,G/Silasse Husse,400016,6747067.85,38406291.57,DISCONNECT,4/12/2011,90027,6.747068,38.406292,Valid
4,0.0,,911614771,Almaz Shiferaw ,400017,6747319.9,38406218.83,ACTIVE,41-22-011_,90027,6.74732,38.406219,Valid
4,0.0,,926206498,Asefa Workneh,400018,6747259.85,38406258.05,ACTIVE,4/12/2011,90027,6.74726,38.406258,Valid
4,0.0,,,Legesse Lebene,400019,0.0,0.0,DISCONNECT,4/10/2012,90027,,,Missing or Invalid GPS
4,0.0,,988105546,Tesfaye Tadele,400020,6746792.75,38406055.67,ACTIVE,4/12/2011,90027,6.746793,38.406056,Valid
4,0.0,,,Weyfu Worako,400021,6746715.55,38405836.82,ACTIVE,4/12/2011,90027,6.746716,38.405837,Valid
4,0.0,,,Mulatu Boku,400022,6745951.833,38410582.83,Active,4/10/2012,90027,6.745952,38.410583,Valid
4,0.0,,,Kebele 04 Office,400023,0.0,0.0,DISCONNECT,4/10/2012,90027,,,Missing or Invalid GPS
4,0.0,,,Kembata Bangasa,400024,6746484.05,38405667.47,Active,4/10/2012,90027,6.746484,38.405667,Valid
4,0.0,,911700146,Abaynesh Haylu,400025,6746461.8,38405675.82,ACTIVE,4/12/2011,90027,6.746462,38.405676,Valid
4,0.0,,911079408,Fantaye Jima,400026,6747574.833,38405627.68,ACTIVE,4/12/2011,90027,6.747575,38.405628,Valid
4,0.0,,,Zewya Adam,400027,0.0,0.0,DISCONNECT,4/10/2012,90027,,,Missing or Invalid GPS
4,0.0,,,Aster G/Meskel,400028,0.0,0.0,DISCONNECT,4/10/2012,90027,,,Missing or Invalid GPS
4,0.0,,903530821,Aberash Belay,400029,6746025.3,38405171.15,ACTIVE,4/12/2011,90027,6.746025,38.405171,Valid
4,0.0,,916116740,Teklu Semago,400030,6746025.3,38405171.15,ACTIVE,41/02/012_,90027,6.746025,38.405171,Valid
4,0.0,,980325084,Worknesh Lezebo,400031,6746588.067,38406508.87,ACTIVE,4/12/2011,90027,6.746588,38.406509,Valid
4,0.0,,916143628,Tayech Desalegn ,400032,6746564.2,38406413.48,ACTIVE,4/12/2011,90027,6.746564,38.406413,Valid
4,0.0,,911078586,Yibra Kelelign,400033,6746105.333,38406199.75,ACTIVE,41/02/012_,90027,6.746105,38.4062,Valid
4,0.0,,,Nega Firde,400034,0.0,0.0,DISCONNECT,4/10/2012,90027,,,Missing or Invalid GPS
4,0.0,,926528410,Samuel Alemu,400035,6746346.7,38406304.83,ACTIVE,4/12/2011,90027,6.746347,38.406305,Valid
4,0.0,,969845682,Almaz Fanta ,400036,6746364.117,38406176.88,ACTIVE,4/12/2011,90027,6.746364,38.406177,Valid
4,0.0,,,Kuri Lema,400037,6747497.3,38407671.15,Active,4/10/2012,90027,6.747497,38.407671,Valid
4,0.0,,916918231,Tesema Leda,400038,6746658.133,38406492.7,ACTIVE,4/12/2011,90027,6.746658,38.406493,Valid
4,0.0,,954806529,Fanaye Abebe,400039,6746531.333,38406338.67,ACTIVE,4/12/2011,90027,6.746531,38.406339,Valid
4,0.0,,,Tegene Endeshaw,400040,6746413.15,38406296.48,ACTIVE,4/12/2011,90027,6.746413,38.406296,Valid
4,0.0,,,Abeba Dairy Farming,400041,6746492.467,38406332.43,ACTIVE,4/12/2011,90027,6.746492,38.406332,Valid
4,0.0,,977769628,Dureti Teshome ,400042,6746537.7,38406418.48,ACTIVE,4/12/2011,90027,6.746538,38.406418,Valid
4,0.0,,,Abebu Tereche,400043,6746452.417,38406325.6,Active,4/10/2012,90027,6.746452,38.406326,Valid
4,0.0,,,Fantaye Beyene,400044,0.0,0.0,DISCONNECT,4/10/2012,90027,,,Missing or Invalid GPS
4,0.0,,,Bekele Dichiso,400045,6746409.033,38406186.67,ACTIVE,4/10/2012,90027,6.746409,38.406187,Valid
4,0.0,,,Tariku Yonas,400046,0.0,0.0,DISCONNECT,4/10/2012,90027,,,Missing or Invalid GPS
4,0.0,,,Nega Firde,400047,0.0,0.0,DISCONNECT,4/10/2012,90027,,,Missing or Invalid GPS
4,0.0,,,Aster Alemu,400048,6747119.583,38406967.05,Active,4/10/2012,90027,6.74712,38.406967,Valid
4,0.0,,,Anteneh Befikabu,400049,0.0,0.0,DISCONNECT,4/10/2012,90027,,,Missing or Invalid GPS
4,0.0,,,Good Neighbors Sidama,400050,6745138.083,38407034.5,ACTIVE,4/10/2012,90027,6.745138,38.407035,Valid
4,0.0,,,Y/A/K/N/I/Office Siket Gudana,400051,0.0,0.0,DISCONNECT,4/10/2012,90027,,,Missing or Invalid GPS
4,0.0,,,Y/A/K/N/I/Office YeNege Tesfa,400052,0.0,0.0,DISCONNECT,4/10/2012,90027,,,Missing or Invalid GPS
4,0.0,,,Bizunesh Gebre,400053,0.0,0.0,DISCONNECT,4/12/2011,90027,,,Missing or Invalid GPS
4,0.0,,,Etsegenet Shewarega,400054,6745343.717,38406757.3,Active,4/10/2012,90027,6.745344,38.406757,Valid
4,0.0,,,Tezera Zeleke,400055,6745414.6,38406713.63,Active,4/10/2012,90027,6.745415,38.406714,Valid
4,0.0,,,Teferi Demse,400056,6745339.233,38406746.23,Active,4/10/2012,90027,6.745339,38.406746,Valid
4,0.0,,,Mekonnen W/Semayat,400057,0.0,0.0,DISCONNECT,4/10/2012,90027,,,Missing or Invalid GPS
4,0.0,,,Derese Latemo,400058,0.0,0.0,DISCONNECT,4/10/2012,90027,,,Missing or Invalid GPS
4,0.0,,,Wubsheta Amde,400059,6745482.283,38406702.68,ACTIVE,4/12/2011,90027,6.745482,38.406703,Valid
4,0.0,,,Zeleke Boku,400060,0.0,0.0,DISCONNECT,4/10/2012,90027,,,Missing or Invalid GPS
4,0.0,,916863108,Wendimneh Mekonnen,400061,6745354.567,38406678.78,ACTIVE,4/12/2011,90027,6.745355,38.406679,Valid
4,0.0,,,Sadia Surur,400062,6745615.117,38407130.1,Active,4/10/2012,90027,6.745615,38.40713,Valid
4,0.0,,916168818,Barsamo Wedso,400063,6745354.567,38406678.78,ACTIVE,4/12/2011,90027,6.745355,38.406679,Valid
4,0.0,,926230714,Legese H/Michael ,400064,6745354.567,38406678.78,ACTIVE,4/12/2011,90027,6.745355,38.406679,Valid
4,0.0,,,Worknesh Bekele,400065,6745354.567,38406678.78,ACTIVE,4/12/2011,90027,6.745355,38.406679,Valid
4,0.0,,913504478,G/Medhin Gebru,400066,6745354.567,38406678.78,ACTIVE,4/12/2011,90027,6.745355,38.406679,Valid
4,0.0,,916164305,Yeshatir Tafese ,400067,6745161.05,38406457.42,ACTIVE,4/12/2011,90027,6.745161,38.406457,Valid
4,0.0,,913962810,Bekele Basha,400068,6745354.567,38406678.78,ACTIVE,4/12/2011,90027,6.745355,38.406679,Valid
4,0.0,,,Askale Geresu,400069,6745354.567,38406678.78,ACTIVE,4/12/2011,90027,6.745355,38.406679,Valid
4,0.0,,,Y/Alem Tadesse,400070,6747668.667,38407990.75,DISCONNECT,4/10/2012,90027,6.747669,38.407991,Valid
4,0.0,,,Ketema Tamru,400071,0.0,0.0,DISCONNECT,4/10/2012,90027,,,Missing or Invalid GPS
4,0.0,,916918231,Shitu Dender ,400072,6745354.567,38406678.78,ACTIVE,4/12/2011,90027,6.745355,38.406679,Valid
4,0.0,,,Alem Zeleke,400073,6745465.333,38406716.7,ACTIVE,4/12/2011,90027,6.745465,38.406717,Valid
4,0.0,,926801521,Almaz Mekonnen,400074,6745412.583,38406693.6,ACTIVE,4/12/2011,90027,6.745413,38.406694,Valid
4,0.0,,,Wude Getaneh,400075,6745471.267,38406687.63,ACTIVE,4/12/2011,90027,6.745471,38.406688,Valid
4,0.0,,,Bogale Fereja,400076,6745450.55,38406717.55,Active,4/10/2012,90027,6.745451,38.406718,Valid
4,0.0,,913485663,Romanework Techene,400077,6745317.55,38406620.03,ACTIVE,41/22/011_,90027,6.745318,38.40662,Valid
4,0.0,,,Y/A/K/Council,400078,0.0,0.0,DISCONNECT,4/10/2012,90027,,,Missing or Invalid GPS
4,0.0,,,Shewaye Tekle,400079,6745473.217,38406660.05,Active,4/10/2012,90027,6.745473,38.40666,Valid
4,0.0,,,Etagenehu Aweke,400080,6745501.1,38406655.18,Active,4/10/2012,90027,6.745501,38.406655,Valid
4,0.0,,,Yilfashwa Biru,400081,6746276.9,38406374.92,Active,4/10/2012,90027,6.746277,38.406375,Valid
4,0.0,,,Senait Ayalew,400082,6745029.2,38406084.0,Active,4/10/2012,90027,6.745029,38.406084,Valid
4,0.0,,,Ayele G/Tsadiq,400083,6745034.967,38406176.9,Active,4/10/2012,90027,6.745035,38.406177,Valid
4,0.0,,902936848,Tsegaye Wolde,400084,6746025.3,38405171.15,ACTIVE,4/12/2011,90027,6.746025,38.405171,Valid
4,0.0,,,E.N. Bank,400085,6747528.45,38404817.9,Active,4/10/2012,90027,6.747528,38.404818,Valid
4,0.0,,916043622,Tadelech Bobasa ,400086,6745091.85,38406203.32,ACTIVE,4/12/2011,90027,6.745092,38.406203,Valid
4,0.0,,916164462,Almaz Abera,400087,6745050.717,38406176.02,ACTIVE,4/12/2011,90027,6.745051,38.406176,Valid
4,0.0,,,Wogaye Deboch,400088,6745085.817,38406203.8,Active,4/10/2012,90027,6.745086,38.406204,Valid
4,0.0,,967697050,Asegedech Tadesse,400089,6745109.467,38406228.15,ACTIVE,41-22-011_,90027,6.745109,38.406228,Valid
4,0.0,,,Dureti Teshome ,400090,6744732.617,38407058.02,ACTIVE,4/12/2011,90027,6.744733,38.407058,Valid
4,0.0,,916164650,Amdebirhan Adam,400091,6745001.867,38406559.8,ACTIVE,4/12/2011,90027,6.745002,38.40656,Valid
4,0.0,,,Mulu Asfaw,400092,6745144.75,38406527.85,Active,4/10/2012,90027,6.745145,38.406528,Valid
4,0.0,,,Melkitu Bezabih,400093,6745133.85,38406243.7,Active,4/10/2012,90027,6.745134,38.406244,Valid
4,0.0,,,Bedilu Mandefro,400094,6745350.95,38406795.9,Active,4/10/2012,90027,6.745351,38.406796,Valid
4,0.0,,,Molla Birle,400095,6745411.65,38406863.58,Active,4/10/2012,90027,6.745412,38.406864,Valid
4,0.0,,913485663,Emebet Gizaw ,400096,6745425.767,38406795.35,ACTIVE,4/12/2011,90027,6.745426,38.406795,Valid
4,0.0,,,Enanu Hajihassen,400097,0.0,0.0,DISCONNECT,4/10/2012,90027,,,Missing or Invalid GPS
4,0.0,,,Haylu Kedir ,400098,6745138.083,38407034.5,ACTIVE,4/12/2011,90027,6.745138,38.407035,Valid
4,0.0,,,Abebe Setegn,400099,6745404.083,38406846.42,Active,4/10/2012,90027,6.745404,38.406846,Valid
4,0.0,,,Abebech Tadesse,400100,6745138.083,38407034.5,Active,4/10/2012,90027,6.745138,38.407035,Valid
4,0.0,,,Zerfnesh Melke,400101,6745138.083,38407034.5,Active,4/10/2012,90027,6.745138,38.407035,Valid
4,0.0,,,Ambaye Tegegn,400102,0.0,0.0,DISCONNECT,4/10/2012,90027,,,Missing or Invalid GPS
4,0.0,,,Endiriyas Fulasa,400103,0.0,0.0,DISCONNECT,4/12/2011,90027,,,Missing or Invalid GPS
4,0.0,,,Adanech Agzew,400104,6745405.317,38406750.03,Active,4/10/2012,90027,6.745405,38.40675,Valid
4,0.0,Awada,916049889,Habte Lengato,400105,6745318.183,38406770.83,ACTIVE,41-22-011_,90027,6.745318,38.406771,Valid
4,0.0,,,Amelework G/Yesus,400106,0.0,0.0,DISCONNECT,4/10/2012,90027,,,Missing or Invalid GPS
4,0.0,,916517059,Nway W/Amanuel,400107,6745305.983,38406743.42,ACTIVE,4/12/2011,90027,6.745306,38.406743,Valid
4,0.0,,926052705,Chaltu Bonse,400108,6745465.483,38406661.63,ACTIVE,4/12/2011,90027,6.745465,38.406662,Valid
4,0.0,,,Tadesse Girma,400109,6746002.317,38407027.42,DISCONNECT,4/10/2012,90027,6.746002,38.407027,Valid
4,0.0,,916433521,Tsegaye Awash,400110,6745138.083,38407034.5,ACTIVE,4/12/2011,90027,6.745138,38.407035,Valid
4,0.0,,933181160,Fadlu Dinku,400111,6745138.083,38407034.5,ACTIVE,4/12/2011,90027,6.745138,38.407035,Valid
4,0.0,,916504595,Dereje Gezahegn ,400112,6745138.083,38407034.5,ACTIVE,4/12/2011,90027,6.745138,38.407035,Valid
4,0.0,,,Gezahegn Haile,400113,6745138.083,38407034.5,Active,4/10/2012,90027,6.745138,38.407035,Valid
4,0.0,,,Mohammed Sareta,400114,6745775.25,38407935.47,Active,4/10/2012,90027,6.745775,38.407935,Valid
4,0.0,,913390469,Husen Temam ,400115,6745550.783,38407650.9,ACTIVE,4/12/2011,90027,6.745551,38.407651,Valid
4,0.0,,916333028,Zewditu Abneh,400116,6745190.867,38407076.88,ACTIVE,4/12/2011,90027,6.745191,38.407077,Valid
4,0.0,,953805319,Yeshihareg Andualem,400117,6745138.083,38407034.5,ACTIVE,4/12/2011,90027,6.745138,38.407035,Valid
4,0.0,,,Redi Ahmed Tira,400118,6745138.083,38407034.5,Active,4/10/2012,90027,6.745138,38.407035,Valid
4,0.0,,938643054,Haile Tsige,400119,6745475.317,38408931.65,ACTIVE,4/12/2011,90027,6.745475,38.408932,Valid
4,0.0,,,Amelework Aliya,400120,6745165.083,38406510.62,Active,4/10/2012,90027,6.745165,38.406511,Valid
4,0.0,,994172187,Legesse Gemeda,400121,6745516.75,38407045.23,ACTIVE,4/12/2011,90027,6.745517,38.407045,Valid
4,0.0,,926317973,Yeshi Dinku,400122,6745000.1,38407989.15,ACTIVE,4/12/2011,90027,6.745,38.407989,Valid
4,0.0,,916373725,Wudnesh Bekele ,400123,6745189.15,38408388.03,ACTIVE,4/12/2011,90027,6.745189,38.408388,Valid
4,0.0,,,Radia Wedado,400124,6745475.2,38407266.37,Active,4/10/2012,90027,6.745475,38.407266,Valid
4,0.0,,,Alemayehu Wolde,400125,6745243.933,38408485.32,Active,4/10/2012,90027,6.745244,38.408485,Valid
4,0.0,,,Etenesh Wolde,400126,0.0,0.0,DISCONNECT,4/10/2012,90027,,,Missing or Invalid GPS
4,0.0,,916375008,Zewditu Bete,400127,6745581.917,38408535.53,ACTIVE,4/12/2011,90027,6.745582,38.408536,Valid
4,0.0,,,Medhanit Esayas,400128,6745618.433,38407969.17,Active,4/10/2012,90027,6.745618,38.407969,Valid
4,0.0,,,Sintayehu Negash,400129,6745618.433,38407969.17,Active,4/10/2012,90027,6.745618,38.407969,Valid
4,0.0,,908284990,Altaseb Mulugeta,400130,6745618.433,38407969.17,ACTIVE,41/02/012_,90027,6.745618,38.407969,Valid
4,0.0,,912924999,Kuri Bekele ,400131,6745618.433,38407969.17,ACTIVE,4/12/2011,90027,6.745618,38.407969,Valid
4,0.0,,916374916,Abebech Lanqamo ,400132,6745618.433,38407969.17,ACTIVE,4/12/2011,90027,6.745618,38.407969,Valid
4,0.0,,928858519,Jemanesh Regassa,400133,6745299.85,38408468.9,ACTIVE,41/02/012_,90027,6.7453,38.408469,Valid
4,0.0,,907931735,Shitaye Fereja ,400134,6745193.183,38408610.95,ACTIVE,4/12/2011,90027,6.745193,38.408611,Valid
4,0.0,,,Tafese Kitesa,400135,6745238.333,38408474.13,Active,4/10/2012,90027,6.745238,38.408474,Valid
4,0.0,,,Senait Bekele,400136,6745180.1,38408249.77,Active,4/10/2012,90027,6.74518,38.40825,Valid
4,0.0,,,Aregash Meto,400137,6745160.683,38408245.02,Active,4/10/2012,90027,6.745161,38.408245,Valid
4,0.0,,926989443,Yirba Yadete,400138,6745115.0,38408139.2,ACTIVE,4/12/2011,90027,6.745115,38.408139,Valid
4,0.0,,,Muse Dorsiso,400139,6745123.3,38408165.83,Active,4/10/2012,90027,6.745123,38.408166,Valid
4,0.0,,,Shafi Workicho,400140,6745006.6,38408373.98,Active,4/10/2012,90027,6.745007,38.408374,Valid
4,0.0,,,Kifle Asfaw,400141,6745005.217,38408063.53,Active,4/10/2012,90027,6.745005,38.408064,Valid
4,0.0,,912621294,Sofiya Abdela ,400142,6744945.983,38407939.0,ACTIVE,41-22-011_,90027,6.744946,38.407939,Valid
4,0.0,,,Tafese Dangura,400143,6744948.933,38407911.97,Active,4/10/2012,90027,6.744949,38.407912,Valid
4,0.0,,,Sherefa Mosa,400144,6744990.333,38408255.85,ACTIVE,4/10/2012,90027,6.74499,38.408256,Valid
4,0.0,,916862276,Yesuf Rahmeto ,400145,6745043.067,38408115.72,ACTIVE,4/12/2011,90027,6.745043,38.408116,Valid
4,0.0,,,Tsege Waktola,400146,6745138.533,38408236.88,Active,4/10/2012,90027,6.745139,38.408237,Valid
4,0.0,,,Mosque Nasir,400147,6745300.05,38408593.35,DISCONNECT,4/10/2012,90027,6.7453,38.408593,Valid
4,0.0,,,Tilahun Kabato,400148,6745014.35,38408013.03,Active,4/10/2012,90027,6.745014,38.408013,Valid
4,0.0,,902939259,Ahmed Salim,400149,6745045.183,38407962.43,ACTIVE,41/02/012_,90027,6.745045,38.407962,Valid
4,0.0,,,Sofia Usman,400150,6744956.833,38407857.22,Active,4/10/2012,90027,6.744957,38.407857,Valid
4,0.0,,,Alemayehu Belay,400151,6744896.667,38407559.28,Active,4/10/2012,90027,6.744897,38.407559,Valid
4,0.0,,927111972,Teka Sima,400152,6745051.683,38407769.55,ACTIVE,4/12/2011,90027,6.745052,38.40777,Valid
4,0.0,,916809836,Kassa Tesema,400153,6744955.883,38407748.23,ACTIVE,4/12/2011,90027,6.744956,38.407748,Valid
4,0.0,,,Kassa Buka,400154,6744915.817,38407785.7,Active,4/10/2012,90027,6.744916,38.407786,Valid
4,0.0,,,Sebrdawa Muzeyin,400155,6744386.467,38408100.77,Active,4/10/2012,90027,6.744386,38.408101,Valid
4,0.0,,983808782,Amarech Yirgadu,400156,6744641.617,38407698.55,ACTIVE,4/12/2011,90027,6.744642,38.407699,Valid
4,0.0,,969703262,Teka Shihu,400157,6744464.083,38407560.43,ACTIVE,4/12/2011,90027,6.744464,38.40756,Valid
4,0.0,,,Tesfanesh Beture,400158,6744667.117,38407693.03,Active,4/10/2012,90027,6.744667,38.407693,Valid
4,0.0,,,Asefa Haro,400159,6744574.067,38407496.9,Active,4/10/2012,90027,6.744574,38.407497,Valid
4,0.0,,968432582,Abinet Mekonen,400160,6744919.033,38407462.53,ACTIVE,4/12/2011,90027,6.744919,38.407463,Valid
4,0.0,,975709840,Zehara Jemal,400161,6744921.417,38407316.52,ACTIVE,4/12/2011,90027,6.744921,38.407317,Valid
4,0.0,,911783368,Shisema Girma ,400162,6746099.233,38408334.57,ACTIVE,4/12/2011,90027,6.746099,38.408335,Valid
4,0.0,,,Temune Aberu,400163,6744849.45,38407444.13,Active,4/10/2012,90027,6.744849,38.407444,Valid
4,0.0,,,Alima Hassen,400164,6744887.233,38407251.37,Active,4/10/2012,90027,6.744887,38.407251,Valid
4,0.0,,946373343,Aklilu Asegagne,400165,6744739.267,38407275.08,ACTIVE,4/12/2011,90027,6.744739,38.407275,Valid
4,0.0,,,Tamru Mamo,400166,6744748.433,38407194.28,Active,4/10/2012,90027,6.744748,38.407194,Valid
4,0.0,,,Rodamo Giriso,400167,6744911.4,38407303.92,Active,4/10/2012,90027,6.744911,38.407304,Valid
4,0.0,,902936921,Zeritu Aman ,400168,6744871.65,38407054.68,ACTIVE,4/12/2011,90027,6.744872,38.407055,Valid
4,0.0,,,W/Yohannes Asha,400169,6744686.3,38407024.53,Active,4/10/2012,90027,6.744686,38.407025,Valid
4,0.0,,,Desalegn Chikse,400170,6746538.583,38406394.27,Active,4/10/2012,90027,6.746539,38.406394,Valid
4,0.0,,,Alemitu Debiso,400171,6744771.75,38407227.53,Active,4/10/2012,90027,6.744772,38.407228,Valid
4,0.0,,990192173,Lemlem Bekele ,400172,6744866.133,38407019.53,ACTIVE,4/12/2011,90027,6.744866,38.40702,Valid
4,0.0,,916830240,Agyenew Firde,400173,6744860.45,38406965.65,ACTIVE,4/12/2011,90027,6.74486,38.406966,Valid
4,0.0,,990192173,Lemlem Bekele ,400174,6744720.733,38406821.77,ACTIVE,4/12/2011,90027,6.744721,38.406822,Valid
4,0.0,,,Ashenafi Yirba,400175,6744773.317,38407286.73,Active,4/10/2012,90027,6.744773,38.407287,Valid
4,0.0,,,Shewarega Tamre,400176,6744730.85,38406505.78,Active,4/10/2012,90027,6.744731,38.406506,Valid
4,0.0,,,Medina Mohamed ,400177,6744431.783,38406583.9,ACTIVE,4/12/2011,90027,6.744432,38.406584,Valid
4,0.0,,,Kedir Dinku,400178,6744176.35,38406719.68,Active,4/10/2012,90027,6.744176,38.40672,Valid
4,0.0,,,Seyfu Alemu,400179,6744985.217,38406517.37,Active,4/10/2012,90027,6.744985,38.406517,Valid
4,0.0,,913402761,Asegagne Zeru,400180,6744454.717,38406110.13,ACTIVE,4/12/2011,90027,6.744455,38.40611,Valid
4,0.0,,,Zeritu Fanta,400181,6744583.633,38406008.52,Active,4/10/2012,90027,6.744584,38.406009,Valid
4,0.0,,913627592,Ayinalem Hussen ,400182,6744532.567,38406050.35,ACTIVE,4/12/2011,90027,6.744533,38.40605,Valid
4,0.0,,,Wubsheta Amde,400183,6744412.417,38405757.73,Active,4/10/2012,90027,6.744412,38.405758,Valid
4,0.0,,,Mohammed Aman,400184,6744908.033,38405516.93,DISCONNECT,4/10/2012,90027,6.744908,38.405517,Valid
4,0.0,,,Abraham Hariso,400185,6745072.533,38406168.17,Active,4/10/2012,90027,6.745073,38.406168,Valid
4,0.0,,911741302,Mekonen Mochesa ,400186,6743945.7,38405753.63,ACTIVE,4/12/2011,90027,6.743946,38.405754,Valid
4,0.0,,,Zeritu Arfu,400187,6743934.583,38405751.52,Active,4/10/2012,90027,6.743935,38.405752,Valid
4,0.0,,,H/Meskel Geleta,400188,6743849.083,38405767.82,Active,4/10/2012,90027,6.743849,38.405768,Valid
4,0.0,,,Tesfaye Demse,400189,6743832.083,38405780.43,Active,4/10/2012,90027,6.743832,38.40578,Valid
4,0.0,,,Fikadu Asegagne,400190,6743721.733,38405900.88,Active,4/10/2012,90027,6.743722,38.405901,Valid
4,0.0,,,Yitagesu Asegagne,400191,6743655.983,38405988.03,Active,4/10/2012,90027,6.743656,38.405988,Valid
4,0.0,,,Yeshi Teka,400192,6743912.333,38406055.18,Active,4/10/2012,90027,6.743912,38.406055,Valid
4,0.0,,,Asegedech W/Argay,400193,6743797.483,38406062.6,Active,4/10/2012,90027,6.743797,38.406063,Valid
4,0.0,,994692962,Menbere Gebre,400194,6743989.467,38406514.82,ACTIVE,4/12/2011,90027,6.743989,38.406515,Valid
4,0.0,,912687008,Sema Gedano,400195,6744303.933,38406862.95,ACTIVE,4/12/2011,90027,6.744304,38.406863,Valid
4,0.0,,939156461,Sinafikish Bekele ,400196,6743457.533,38406642.75,ACTIVE,4/12/2011,90027,6.743458,38.406643,Valid
4,0.0,,,Merigeta Astereye Mewakegn,400197,6743434.7,38406650.18,Active,4/10/2012,90027,6.743435,38.40665,Valid
4,0.0,,910620415,Hussein Geremew,400198,6743631.017,38406620.73,ACTIVE,4/12/2011,90027,6.743631,38.406621,Valid
4,0.0,,,Denbele Sheh Hibela,400199,6743434.433,38406661.68,Active,4/10/2012,90027,6.743434,38.406662,Valid
4,0.0,,,Bedriya Kemal,400200,6743474.817,38406911.6,Active,4/10/2012,90027,6.743475,38.406912,Valid
4,0.0,,916435541,Daniel Hayaso ,400201,6743640.933,38406740.28,ACTIVE,4/12/2011,90027,6.743641,38.40674,Valid
4,0.0,,,Yirgadu Asfaw,400202,6743816.267,38406697.12,Active,4/10/2012,90027,6.743816,38.406697,Valid
4,0.0,,,Leyla Abdelaid,400203,6743685.317,38406683.43,Active,4/10/2012,90027,6.743685,38.406683,Valid
4,0.0,,,Zulfa Yesuf,400204,6743816.267,38406697.12,ACTIVE,4/10/2012,90027,6.743816,38.406697,Valid
4,0.0,,,Ayele Debiso,400205,6744073.033,38407004.08,Active,4/10/2012,90027,6.744073,38.407004,Valid
4,0.0,,,Abenker Behaga,400206,6744117.267,38407128.93,ACTIVE,4/10/2012,90027,6.744117,38.407129,Valid
4,0.0,,,Ali Kedir,400207,6744231.65,38407278.78,Active,4/10/2012,90027,6.744232,38.407279,Valid
4,0.0,,933406244,Leyla Abdela ,400208,6742677.567,38406688.45,ACTIVE,41-02-012_,90027,6.742678,38.406688,Valid
4,0.0,,937733016,Fantaye W/mariyam ,400209,6744245.1,38407602.43,ACTIVE,4/12/2011,90027,6.744245,38.407602,Valid
4,0.0,,936659910,Tadesse Gosaye,400210,6744027.233,38408061.42,DISCONNECT,4/12/2011,90027,6.744027,38.408061,Valid
4,0.0,,,Abebech Sulema,400211,6744293.367,38407715.68,Active,4/10/2012,90027,6.744293,38.407716,Valid
4,0.0,,934118183,Biralga Degaga,400212,6744077.117,38407789.2,ACTIVE,41-02-012_,90027,6.744077,38.407789,Valid
4,0.0,,,Masresha Yirgu,400213,6744045.45,38407813.68,Active,4/10/2012,90027,6.744045,38.407814,Valid
4,0.0,,,Alima Abdele,400214,6743989.383,38407827.75,Active,4/10/2012,90027,6.743989,38.407828,Valid
4,0.0,,941841638,Behayluwa Sewunet ,400215,6743779.183,38407823.13,ACTIVE,4/12/2011,90027,6.743779,38.407823,Valid
4,0.0,,916435266,Simeon Boe,400216,6743785.067,38407808.9,ACTIVE,4/12/2011,90027,6.743785,38.407809,Valid
4,0.0,,,Yirgu Yilma,400217,6743989.383,38407827.75,Active,4/10/2012,90027,6.743989,38.407828,Valid
4,0.0,,,Tewodros Abebe,400218,6744040.05,38407786.63,Active,4/10/2012,90027,6.74404,38.407787,Valid
4,0.0,,916444862,Fetiya Tadesse,400219,6744155.25,38407854.38,ACTIVE,4/12/2011,90027,6.744155,38.407854,Valid
4,0.0,,901551307,Tafese Basango,400220,6744155.25,38407854.38,ACTIVE,4/12/2011,90027,6.744155,38.407854,Valid
4,0.0,,,Belete Kassa,400221,6744350.717,38407836.42,Active,4/10/2012,90027,6.744351,38.407836,Valid
4,0.0,,916516319,Demeckeshegn Sirmolo,400222,6744330.7,38407882.25,ACTIVE,4/12/2011,90027,6.744331,38.407882,Valid
6,0.0,,,Yasin Hussein,600699,6746134.933,38409803.5,ACTIVE,4/12/2011,90009,6.746135,38.409804,Valid
4,0.0,,,Gebru Desalegn,400224,0.0,0.0,DISCONNECT,4/10/2012,90027,,,Missing or Invalid GPS
4,0.0,,969722603,Sintayehu Belay,400225,6744330.7,38407882.25,ACTIVE,4/12/2011,90027,6.744331,38.407882,Valid
4,0.0,,,Shikur Ahmed,400226,6744283.45,38408121.18,Active,4/10/2012,90027,6.744283,38.408121,Valid
4,0.0,,969722603,Senya Bashir,400227,6744259.617,38408220.9,ACTIVE,4/12/2011,90027,6.74426,38.408221,Valid
4,0.0,,985660145,Genet Desalegn ,400228,6744465.9,38408547.0,ACTIVE,41-02-012_,90027,6.744466,38.408547,Valid
4,0.0,,,Desalegn Abdela,400229,6745009.667,38406196.53,ACTIVE,4/10/2012,90027,6.74501,38.406197,Valid
4,0.0,,936532266,Zemzem Sirwana ,400230,6744567.133,38408771.57,ACTIVE,4/12/2011,90027,6.744567,38.408772,Valid
4,0.0,,,Beyene Abdi,400231,6747835.25,38412116.17,Active,4/10/2012,90027,6.747835,38.412116,Valid
4,0.0,,,Hana Alemu,400232,6744281.017,38408946.93,Active,4/10/2012,90027,6.744281,38.408947,Valid
4,0.0,,,Elfenesh Kitesa,400233,6743835.1,38409076.08,Active,4/10/2012,90027,6.743835,38.409076,Valid
4,0.0,,910913556,Tesfaye Solomon,400234,6743718.783,38409141.78,ACTIVE,4/12/2011,90027,6.743719,38.409142,Valid
4,0.0,,,Yosef Hakamo,400235,6743543.633,38409194.75,Active,4/10/2012,90027,6.743544,38.409195,Valid
4,0.0,,,Bogale Borsamo,400236,6742728.017,38408917.83,Active,4/10/2012,90027,6.742728,38.408918,Valid
4,0.0,,939834855,Kelifo Kebede,400237,6742718.217,38408896.15,ACTIVE,4/12/2011,90027,6.742718,38.408896,Valid
4,0.0,,,Boche Abebe,400238,0.0,0.0,DISCONNECT,4/10/2012,90027,,,Missing or Invalid GPS
4,0.0,,,Alemayehu Hayeso,400239,6742760.1,38408891.07,Active,4/10/2012,90027,6.74276,38.408891,Valid
4,0.0,,,Biruk Tesema,400240,6742718.217,38408896.15,Active,4/10/2012,90027,6.742718,38.408896,Valid
4,0.0,,,Abraham Adule,400241,6742671.783,38408876.68,Active,4/10/2012,90027,6.742672,38.408877,Valid
4,0.0,,,Darge Garsamo,400242,6742674.667,38408766.52,DISCONNECT,4/10/2012,90027,6.742675,38.408767,Valid
4,0.0,,916164065,Birhanu Ayele,400243,6743329.0,38408939.35,ACTIVE,4/12/2011,90027,6.743329,38.408939,Valid
4,0.0,,,Dotora Garamo,400244,6743306.75,38408764.55,Active,4/10/2012,90027,6.743307,38.408765,Valid
4,0.0,,,Ketema Bukura,400245,6743233.167,38408732.27,ACTIVE,4/12/2011,90027,6.743233,38.408732,Valid
4,0.0,,,Abebe Kume,400246,6743170.083,38408862.38,Active,4/10/2012,90027,6.74317,38.408862,Valid
4,0.0,,,Haji Takele Konso,400247,6743423.633,38408605.18,Active,4/10/2012,90027,6.743424,38.408605,Valid
4,0.0,,,Tingamo Basango,400248,6744071.8,38408754.93,ACTIVE,4/10/2012,90027,6.744072,38.408755,Valid
4,0.0,,926989303,Belaynesh Beyene,400249,6744007.65,38408537.68,ACTIVE,4/12/2011,90027,6.744008,38.408538,Valid
4,0.0,,,Adam Wedado,400250,6743959.933,38408456.37,Active,4/10/2012,90027,6.74396,38.408456,Valid
4,0.0,,,Sheikh Kiyar Ibraheem,400251,6744072.983,38407793.47,Active,4/10/2012,90027,6.744073,38.407793,Valid
4,0.0,,,Abebech Garo,400252,6743960.983,38408173.82,Active,4/10/2012,90027,6.743961,38.408174,Valid
4,0.0,,908304261,Fantaye Tiga,400253,6744064.533,38408309.2,ACTIVE,4/12/2011,90027,6.744065,38.408309,Valid
4,0.0,,,Demeckeshegn Misgana,400254,6743979.367,38408205.23,Active,4/10/2012,90027,6.743979,38.408205,Valid
4,0.0,,916856461,Sintayehu Doni,400255,6743801.583,38408226.28,ACTIVE,4/12/2011,90027,6.743802,38.408226,Valid
4,0.0,,,Zeyne Lalo,400256,6743900.467,38408195.42,Active,4/10/2012,90027,6.7439,38.408195,Valid
4,0.0,,,Tewawech Nibere,400257,6743933.767,38408147.98,Active,4/10/2012,90027,6.743934,38.408148,Valid
4,0.0,,,Buzayehu Mekete,400258,6743869.6,38408131.23,Active,4/10/2012,90027,6.74387,38.408131,Valid
4,0.0,,,Tadesse Tesfaye,400259,6746468.95,38407994.83,Active,4/10/2012,90027,6.746469,38.407995,Valid
4,0.0,,,Desta Dengiso,400260,6743503.383,38407910.2,Active,4/10/2012,90027,6.743503,38.40791,Valid
4,0.0,,,Mekonnen Tilahun,400261,6743514.417,38407901.37,Active,4/10/2012,90027,6.743514,38.407901,Valid
4,0.0,,,Werkinesh W/Cherkos,400262,6743146.15,38408012.38,ACTIVE,4/12/2011,90027,6.743146,38.408012,Valid
4,0.0,,,Kasech Ali,400263,6743669.867,38407594.0,Active,4/10/2012,90027,6.74367,38.407594,Valid
4,0.0,,916858842,Zeleke Gebiso,400264,6743684.933,38407699.28,ACTIVE,41-02-012_,90027,6.743685,38.407699,Valid
4,0.0,,,Nuriya Yilma,400265,6743333.767,38408080.92,Active,4/10/2012,90027,6.743334,38.408081,Valid
4,0.0,,,Adamu Tilahun,400266,6743452.9,38408221.28,Active,4/10/2012,90027,6.743453,38.408221,Valid
4,0.0,,,Kelemuwa Mengistu,400267,6743657.083,38407664.98,Active,4/10/2012,90027,6.743657,38.407665,Valid
4,0.0,,925649479,Mitiku Amido,400268,6743632.1,38407778.95,ACTIVE,4/12/2011,90027,6.743632,38.407779,Valid
4,0.0,,,Seyfu Fantu,400269,6743790.05,38407455.5,Active,4/10/2012,90027,6.74379,38.407455,Valid
4,0.0,,931393087,Seman Teka,400270,6743575.983,38407293.45,ACTIVE,4/12/2011,90027,6.743576,38.407293,Valid
4,0.0,,926988313,Zeleke Gebiso,400271,6743596.833,38407489.22,ACTIVE,41-02-012_,90027,6.743597,38.407489,Valid
4,0.0,,,Sirmolo Kereta,400272,6743465.883,38407271.18,Active,4/10/2012,90027,6.743466,38.407271,Valid
4,0.0,,,Alemneh Tefera,400273,6743478.833,38407034.2,Active,4/10/2012,90027,6.743479,38.407034,Valid
4,0.0,,994940659,Jemil Seyid,400274,6743494.95,38407067.13,ACTIVE,41/02/012_,90027,6.743495,38.407067,Valid
4,0.0,,,Belete Baramo,400275,6743194.35,38406991.97,Active,4/10/2012,90027,6.743194,38.406992,Valid
4,0.0,,906530249,Shumarga Keraga,400276,6743377.283,38406819.25,ACTIVE,4/12/2011,90027,6.743377,38.406819,Valid
4,0.0,,911087784,Nejmudin Kedir ,400277,6743120.05,38406847.28,ACTIVE,4/12/2011,90027,6.74312,38.406847,Valid
4,0.0,,,Tsehay Ashenafi,400278,6743348.35,38406715.97,Active,4/10/2012,90027,6.743348,38.406716,Valid
4,0.0,,911745156,Tejnesh Atrif,400279,6743312.05,38406417.52,ACTIVE,4/12/2011,90027,6.743312,38.406418,Valid
4,0.0,,913533329,Adane Asefa,400280,6743291.4,38406403.08,ACTIVE,4/12/2011,90027,6.743291,38.406403,Valid
4,0.0,,,Tigist Wolde,400281,6743302.383,38406434.07,ACTIVE,4/12/2011,90027,6.743302,38.406434,Valid
4,0.0,,,W/Gebriel Anchebi,400282,0.0,0.0,DISCONNECT,4/10/2012,90027,,,Missing or Invalid GPS
4,0.0,,911635617,Nishan Shiferaw,400283,6743046.217,38406022.53,ACTIVE,4/12/2011,90027,6.743046,38.406023,Valid
4,0.0,,,T/Radio Station,400284,6742978.967,38406203.53,DISCONNECT,4/12/2011,90027,6.742979,38.406204,Valid
4,0.0,,916407344,Demse Batiso,400285,6747597.283,38405416.67,ACTIVE,4/12/2011,90027,6.747597,38.405417,Valid
4,0.0,,,Wendimu Worana,400286,6745914.067,38407717.05,Active,4/10/2012,90027,6.745914,38.407717,Valid
4,0.0,,,Asfaw Genale,400287,6741952.55,38406348.38,Active,4/10/2012,90027,6.741953,38.406348,Valid
4,0.0,,916861555,Zelalem Zargaw,400288,6741965.817,38406483.38,ACTIVE,4/12/2011,90027,6.741966,38.406483,Valid
4,0.0,Stadium,924389241,Darimo Dange,400289,6740666.0,38409200.0,ACTIVE,41/02/012_,90027,6.740666,38.4092,Valid
4,0.0,,,Desalegn Gobena,400290,6741971.367,38406666.72,Active,4/10/2012,90027,6.741971,38.406667,Valid
4,0.0,,,Mekonnen Adela,400291,6741938.15,38406742.32,Active,4/10/2012,90027,6.741938,38.406742,Valid
4,0.0,,912149806,Alemneh Desalegn,400292,6742005.183,38406781.1,ACTIVE,4/12/2011,90027,6.742005,38.406781,Valid
4,0.0,,,Matiwos Didamo,400293,6742081.417,38407689.58,Active,4/10/2012,90027,6.742081,38.40769,Valid
4,0.0,,916473326,Eyasu Yosa,400294,6742007.4,38407066.57,ACTIVE,4/12/2011,90027,6.742007,38.407067,Valid
4,0.0,,,Bekele Balcha,400295,6741947.283,38407154.53,DISCONNECT,4/10/2012,90027,6.741947,38.407155,Valid
4,0.0,,913962810,Rekiso bekele ,400296,6742082.0,38407210.58,ACTIVE,4/12/2011,90027,6.742082,38.407211,Valid
4,0.0,,913520810,Kebede Mulugeta,400297,6742157.75,38407088.12,ACTIVE,4/12/2011,90027,6.742158,38.407088,Valid
4,0.0,Awada,911039224,Zerihun Basango,400298,6741396.7,38406384.17,ACTIVE,41-02-012_,90027,6.741397,38.406384,Valid
4,0.0,,916808346,Abinet Alemu,400299,6741987.95,38406848.33,ACTIVE,4/12/2011,90027,6.741988,38.406848,Valid
4,0.0,,,Abebe Fonta,400300,0.0,0.0,DISCONNECT,4/10/2012,90027,,,Missing or Invalid GPS
4,0.0,,,Semachew Daniel,400301,6741535.75,38406494.28,ACTIVE,4/10/2012,90027,6.741536,38.406494,Valid
4,0.0,,910524813,Fanose Getiso,400302,6741337.667,38406798.85,ACTIVE,4/12/2011,90027,6.741338,38.406799,Valid
4,0.0,,,Degefe Bocha,400303,6741766.55,38407145.47,Active,4/10/2012,90027,6.741767,38.407145,Valid
4,0.0,,,Abraham Evido,400304,6745864.633,38409270.32,ACTIVE,4/10/2012,90027,6.745865,38.40927,Valid
4,0.0,,,Fasene Daniso,400305,6741081.1,38406428.88,Active,4/10/2012,90027,6.741081,38.406429,Valid
4,0.0,,,Tariku Etiso,400306,6740717.567,38406611.67,Active,4/10/2012,90027,6.740718,38.406612,Valid
4,0.0,,916164913,Degefe Deribe,400307,6740738.067,38406662.3,ACTIVE,4/12/2011,90027,6.740738,38.406662,Valid
4,0.0,,,Nigussie Worana,400308,6740778.083,38406795.53,Active,4/10/2012,90027,6.740778,38.406796,Valid
4,0.0,,,Hailu Baramo,400309,6740998.6,38406408.33,Active,4/10/2012,90027,6.740999,38.406408,Valid
4,0.0,,,Tsegaye Kidane,400310,6740835.333,38406976.62,DISCONNECT,4/10/2012,90027,6.740835,38.406977,Valid
4,0.0,,,Legese Bika,400311,6740994.117,38407099.82,Active,4/10/2012,90027,6.740994,38.4071,Valid
4,0.0,,968776240,Worku Watango,400312,6740891.933,38406815.13,ACTIVE,4/12/2011,90027,6.740892,38.406815,Valid
4,0.0,,,Elasa Etiso,400313,6740929.933,38406381.05,Active,4/10/2012,90027,6.74093,38.406381,Valid
4,0.0,,,Zenebe Zerfu,400314,6742356.267,38406135.6,DISCONNECT,4/10/2012,90027,6.742356,38.406136,Valid
4,0.0,,,Balcha Genebo,400315,0.0,0.0,DISCONNECT,4/10/2012,90027,,,Missing or Invalid GPS
4,0.0,,911903789,Adaba Fenjaja,400316,6742444.633,38406435.23,ACTIVE,4/12/2011,90027,6.742445,38.406435,Valid
4,0.0,,939178975,Tesfaye Kebede,400317,6742454.717,38406479.02,ACTIVE,4/12/2011,90027,6.742455,38.406479,Valid
4,0.0,,,Daniso Worana,400318,6742328.6,38406748.08,Active,4/10/2012,90027,6.742329,38.406748,Valid
4,0.0,,,Legesse Lankamo,400319,6742533.717,38406704.18,ACTIVE,4/10/2012,90027,6.742534,38.406704,Valid
4,0.0,,,Mekiya Mosa,400320,0.0,0.0,DISCONNECT,4/10/2012,90027,,,Missing or Invalid GPS
4,0.0,,,Dawit Bogale,400321,6742655.833,38406950.55,Active,4/10/2012,90027,6.742656,38.406951,Valid
4,0.0,,916834127,Habte Dawit,400322,6742689.117,38407149.3,ACTIVE,4/12/2011,90027,6.742689,38.407149,Valid
4,0.0,,,Abera W/Giorgis,400323,6742682.733,38407317.88,ACTIVE,4/10/2012,90027,6.742683,38.407318,Valid
4,0.0,,916028435,Demse Beyene,400324,6742765.7,38407464.23,ACTIVE,4/12/2011,90027,6.742766,38.407464,Valid
4,0.0,,,Tumicha Tule,400325,6742789.067,38407369.52,Active,4/10/2012,90027,6.742789,38.40737,Valid
4,0.0,,,Aschalew Mechal,400326,6748609.067,38407779.75,ACTIVE,4/10/2012,90027,6.748609,38.40778,Valid
4,0.0,,913798820,Sileshi Wordofa,400327,6747271.933,38408241.82,ACTIVE,41-02-012_,90027,6.747272,38.408242,Valid
4,0.0,,921167905,Medhanit Laeke,400328,6747552.183,38406765.67,ACTIVE,4/12/2011,90027,6.747552,38.406766,Valid
4,0.0,,,Bilcha Asefa,400329,6746723.233,38407919.47,ACTIVE,4/12/2011,90027,6.746723,38.407919,Valid
4,0.0,,,Girma Sija,400330,6746775.5,38407888.52,DISCONNECT,4/10/2012,90027,6.746776,38.407889,Valid
4,0.0,,,Meseret Tadesse,400331,6746612.667,38407893.95,Active,4/10/2012,90027,6.746613,38.407894,Valid
4,0.0,,932187392,Mulugeta Mengistu,400332,6746249.383,38407980.82,ACTIVE,4/12/2011,90027,6.746249,38.407981,Valid
4,0.0,,989047244,Mershaye Getahun ,400333,6746493.217,38407816.87,ACTIVE,4/12/2011,90027,6.746493,38.407817,Valid
4,0.0,,920196895,Maregnesh Buta ,400334,6746476.567,38407251.5,ACTIVE,41-02-012_,90027,6.746477,38.407252,Valid
4,0.0,,,Michael Solomon,400335,6746992.35,38407930.43,ACTIVE,4/10/2012,90027,6.746992,38.40793,Valid
4,0.0,,,Sintayehu Birhanu,400336,6746736.583,38407850.05,DISCONNECT,4/10/2012,90027,6.746737,38.40785,Valid
4,0.0,,,Gete W/Tsadiq,400337,6747122.383,38408522.27,ACTIVE,4/10/2012,90027,6.747122,38.408522,Valid
4,0.0,,,Demse Teshoma,400338,0.0,0.0,DISCONNECT,4/10/2012,90027,,,Missing or Invalid GPS
4,0.0,,,Tizazu Choramo,400339,0.0,0.0,DISCONNECT,4/10/2012,90027,,,Missing or Invalid GPS
4,0.0,,926389348,Tariku Mulatu,400340,6746758.5,38409263.57,ACTIVE,4/12/2011,90027,6.746759,38.409264,Valid
4,0.0,,949832114,Alemwork W/senbet ,400341,6746674.4,38407942.32,ACTIVE,4/12/2011,90027,6.746674,38.407942,Valid
4,0.0,,,Birhanu Abe,400342,0.0,0.0,DISCONNECT,4/10/2012,90027,,,Missing or Invalid GPS
4,0.0,,,Hindia Kemal,400343,6746454.367,38406292.22,ACTIVE,4/12/2011,90027,6.746454,38.406292,Valid
4,0.0,,,Bezabih Debebe,400344,6746537.567,38407872.02,ACTIVE,4/10/2012,90027,6.746538,38.407872,Valid
4,0.0,,,Solomon Mereid,400345,6746448.25,38407229.92,ACTIVE,4/10/2012,90027,6.746448,38.40723,Valid
4,0.0,,969457562,Fikadu Ali,400346,6746476.567,38407251.5,ACTIVE,4/12/2011,90027,6.746477,38.407252,Valid
4,0.0,,,Bedriya Hussein,400347,6746213.0,38409601.0,ACTIVE,4/10/2012,90027,6.746213,38.409601,Valid
4,0.0,,,Genet Demeke,400348,6746476.567,38407251.5,Active,4/10/2012,90027,6.746477,38.407252,Valid
4,0.0,,916079595,Hayat Badebo Chechiso,400349,6746476.0,38407250.0,ACTIVE,41-02-012_,90027,6.746476,38.40725,Valid
4,0.0,,953785856,Andualem Tsegaye ,400350,6746346.2,38407383.7,ACTIVE,4/12/2011,90027,6.746346,38.407384,Valid
4,0.0,,979248290,Qonjit Nasir ,400351,6746537.3,38407496.3,ACTIVE,4/12/2011,90027,6.746537,38.407496,Valid
4,0.0,,972985200,Habte Gaga,400352,6746537.3,38407496.3,ACTIVE,4/12/2011,90027,6.746537,38.407496,Valid
4,0.0,,916028405,Sala Yesuf,400353,6746736.483,38407466.82,ACTIVE,4/12/2011,90027,6.746736,38.407467,Valid
4,0.0,,916444862,Kasahun Tesfaye,400354,6745877.167,38407864.63,ACTIVE,4/12/2011,90027,6.745877,38.407865,Valid
4,0.0,,,Alem Tewolde,400355,6746529.55,38407516.75,DISCONNECT,4/10/2012,90027,6.74653,38.407517,Valid
4,0.0,,,Zenebech Yohannes,400356,6746519.1,38407542.58,Active,4/10/2012,90027,6.746519,38.407543,Valid
4,0.0,,911737726,Tsehay Mekonen ,400357,6746626.517,38407590.28,ACTIVE,41/02/012_,90027,6.746627,38.40759,Valid
4,0.0,,,Kasahun Tesfaye,400358,6746580.633,38407960.13,ACTIVE,4/12/2011,90027,6.746581,38.40796,Valid
4,0.0,,934735620,Liulseged Mekonnen,400359,6746580.633,38407960.13,ACTIVE,4/12/2011,90027,6.746581,38.40796,Valid
4,0.0,,,Getahun Bekele,400360,6746583.117,38407448.82,ACTIVE,4/10/2012,90027,6.746583,38.407449,Valid
4,0.0,,,Anteneh Teshoma,400361,6746583.117,38407448.82,Active,4/10/2012,90027,6.746583,38.407449,Valid
4,0.0,,926396285,Birhane Yohannes,400362,6746602.367,38407499.7,ACTIVE,4/12/2011,90027,6.746602,38.4075,Valid
4,0.0,,,Seblewongel Yohannes,400363,6745961.217,38408092.63,ACTIVE,4/10/2012,90027,6.745961,38.408093,Valid
4,0.0,,,Senait Sharo,400364,0.0,0.0,DISCONNECT,4/10/2012,90027,,,Missing or Invalid GPS
4,0.0,,949034623,Ashenafi Yirba,400365,6746412.233,38407543.23,ACTIVE,41-02-012_,90027,6.746412,38.407543,Valid
4,0.0,,,Birhane Yohannes,400366,6746528.883,38406594.75,Active,4/10/2012,90027,6.746529,38.406595,Valid
4,0.0,,,Wogayehu Beyene,400367,0.0,0.0,DISCONNECT,4/10/2012,90027,,,Missing or Invalid GPS
4,0.0,,,Ababu Niguse ,400368,6745914.067,38407717.05,ACTIVE,4/12/2011,90027,6.745914,38.407717,Valid
4,0.0,,,Yishak Legese,400369,6745914.067,38407717.05,Active,4/10/2012,90027,6.745914,38.407717,Valid
4,0.0,,911069997,Selfuwa W/gebriel,400370,6745914.067,38407717.05,ACTIVE,4/12/2011,90027,6.745914,38.407717,Valid
4,0.0,,913132396,Shewandagn Teklu ,400371,6745914.067,38407717.05,ACTIVE,4/12/2011,90027,6.745914,38.407717,Valid
4,0.0,Stadium,916102026,Lemlem Kedir,400372,6746333.0,38407940.0,ACTIVE,41-22-011_,90027,6.746333,38.40794,Valid
4,0.0,,,Mebratu Melesse,400373,6745914.067,38407717.05,Active,4/10/2012,90027,6.745914,38.407717,Valid
4,0.0,,911907113,Wogene Tesfaye,400374,6745914.067,38407717.05,ACTIVE,4/12/2011,90027,6.745914,38.407717,Valid
4,0.0,,,Meseret Bekele,400375,6745914.067,38407717.05,ACTIVE,4/10/2012,90027,6.745914,38.407717,Valid
4,0.0,,,Abiyot Bekele,400376,6745914.067,38407717.05,ACTIVE,4/10/2012,90027,6.745914,38.407717,Valid
4,0.0,,,Debebe Kifle R. No. 1,400377,6745914.067,38407717.05,ACTIVE,4/12/2011,90027,6.745914,38.407717,Valid
4,0.0,,,Debebe Kifle,400378,6748581.967,38408145.03,ACTIVE,4/10/2012,90027,6.748582,38.408145,Valid
4,0.0,,916059686,Mubarek Kiyar ,400379,6746322.283,38407525.75,ACTIVE,41-02-012_,90027,6.746322,38.407526,Valid
4,0.0,,,Tolosa Zeleke,400380,6747082.433,38406992.22,ACTIVE,4/10/2012,90027,6.747082,38.406992,Valid
4,0.0,,,Habtamu G/Michael,400381,0.0,0.0,DISCONNECT,4/10/2012,90027,,,Missing or Invalid GPS
4,0.0,,,Abebe Tesfaye,400382,6746249.383,38407980.82,Active,4/10/2012,90027,6.746249,38.407981,Valid
4,0.0,,911718794,Serawit Teshome ,400383,6746249.383,38407980.82,ACTIVE,41-02-012_,90027,6.746249,38.407981,Valid
4,0.0,,904752742,Werkitu Yirba ,400384,6745558.05,38408128.6,ACTIVE,4/12/2011,90027,6.745558,38.408129,Valid
4,0.0,,916809490,Bezawit Haji ,400385,6746249.383,38407980.82,ACTIVE,41-02-012_,90027,6.746249,38.407981,Valid
4,0.0,,,Zinash W/Rufael,400386,6746327.5,38407239.93,DISCONNECT,4/10/2012,90027,6.746327,38.40724,Valid
4,0.0,,912147003,Abebe Siyum ,400387,6745914.067,38407717.05,ACTIVE,41-02-012_,90027,6.745914,38.407717,Valid
4,0.0,,983808782,Belay Yirgu,400388,6745914.067,38407717.05,ACTIVE,4/12/2011,90027,6.745914,38.407717,Valid
4,0.0,,903047764,Temam Esmael ,400389,6745914.067,38407717.05,ACTIVE,4/12/2011,90027,6.745914,38.407717,Valid
4,0.0,,967219321,Welansa Teklu ,400390,6631585.083,38011897.28,ACTIVE,4/12/2011,90027,6.631585,38.011897,Valid
4,0.0,,,Yodit Tariku,400391,0.0,0.0,DISCONNECT,4/10/2012,90027,,,Missing or Invalid GPS
4,0.0,,,Dagmawit Teklu,400392,6745914.067,38407717.05,ACTIVE,4/10/2012,90027,6.745914,38.407717,Valid
4,0.0,,,Shimelis Adiso No. 2,400393,6746144.267,38408307.87,DISCONNECT,4/10/2012,90027,6.746144,38.408308,Valid
4,0.0,,,Kefiyalew Senbaba,400394,6746469.117,38408478.72,Active,4/10/2012,90027,6.746469,38.408479,Valid
4,0.0,,,Genet Nway,400395,6745991.367,38408101.83,Active,4/10/2012,90027,6.745991,38.408102,Valid
4,0.0,,913348680,Mulu Belachew ,400396,6745974.883,38408053.35,ACTIVE,41-02-012_,90027,6.745975,38.408053,Valid
4,0.0,,,Yosef Simeon,400397,6745914.067,38407717.05,Active,4/10/2012,90027,6.745914,38.407717,Valid
4,0.0,,,Nabiyu Kedir,400398,6745914.067,38407717.05,Active,4/10/2012,90027,6.745914,38.407717,Valid
4,0.0,,986351401,Shimelis Edosa,400399,6746038.317,38408157.65,ACTIVE,4/12/2011,90027,6.746038,38.408158,Valid
4,0.0,,,Ashenk Bekanteamlak,400400,6746261.033,38408445.33,Active,4/10/2012,90027,6.746261,38.408445,Valid
4,0.0,,913190699,Zewde Ayele,400401,6745914.067,38407717.05,ACTIVE,41/02/012_,90027,6.745914,38.407717,Valid
4,0.0,,910216464,Sisay Getachew ,400402,6746211.05,38408307.6,ACTIVE,41-22-011_,90027,6.746211,38.408308,Valid
4,0.0,,911717285,Kifle Hailu,400403,6746714.583,38408103.68,ACTIVE,4/12/2011,90027,6.746715,38.408104,Valid
4,0.0,,932584868,Bahiru Teka ,400404,6745750.733,38407867.93,ACTIVE,4/12/2011,90027,6.745751,38.407868,Valid
4,0.0,,902937083,Dagimawit Tamirayehu ,400405,6746287.683,38408049.95,ACTIVE,4/12/2011,90027,6.746288,38.40805,Valid
4,0.0,,,Tenaye Nigussie,400406,0.0,0.0,TERMINATE,4/10/2012,90027,,,Missing or Invalid GPS
4,0.0,,,Dr. Zelalem Asefa,400407,6746469.117,38408478.72,ACTIVE,4/10/2012,90027,6.746469,38.408479,Valid
4,0.0,,,Meselech Habte,400408,6745970.45,38408144.57,ACTIVE,4/10/2012,90027,6.74597,38.408145,Valid
4,0.0,,913348680,Mulu Belachew,400409,6745068.383,38407766.4,ACTIVE,41/02/012_,90027,6.745068,38.407766,Valid
4,0.0,,,Agyenew Firde,400410,6745138.083,38407034.5,Active,4/10/2012,90027,6.745138,38.407035,Valid
4,0.0,,913941690,Adefirs Seyifu ,400411,6745762.083,38408171.5,ACTIVE,4/12/2011,90027,6.745762,38.408172,Valid
4,0.0,,,Meseret Mengistu,400412,6746008.283,38407982.35,Active,4/10/2012,90027,6.746008,38.407982,Valid
4,0.0,,,Alemgena Adisu,400413,6746105.983,38408193.78,Active,4/10/2012,90027,6.746106,38.408194,Valid
4,0.0,,911758886,Aschalew Lidetu ,400414,6745138.083,38407034.5,ACTIVE,4/12/2011,90027,6.745138,38.407035,Valid
4,0.0,,947758907,Tiriyet Seyfu ,400415,6746037.033,38408074.68,ACTIVE,4/12/2011,90027,6.746037,38.408075,Valid
4,0.0,,926269376,Etsegenet Shewarega ,400416,6746469.117,38408478.72,ACTIVE,4/12/2011,90027,6.746469,38.408479,Valid
4,0.0,,,Belay Tekola,400417,6746568.533,38407803.55,Active,4/10/2012,90027,6.746569,38.407804,Valid
4,0.0,,911017705,Tsiyon Bulbula,400418,6746058.55,38408126.78,ACTIVE,4/12/2011,90027,6.746059,38.408127,Valid
4,0.0,,934091177,Roza Tamirayew,400419,6746469.117,38408478.72,ACTIVE,4/12/2011,90027,6.746469,38.408479,Valid
4,0.0,,911563224,Kedriya Mohammed,400420,6746020.4,38408059.0,ACTIVE,4/12/2011,90027,6.74602,38.408059,Valid
4,,,,Hassen Argota,400421,6744766.017,38406875.53,Active,4/10/2012,90027,6.744766,38.406876,Valid
4,,,985109594,Simeon Dekamo,400422,6742041.517,38407318.78,ACTIVE,4/12/2011,90027,6.742042,38.407319,Valid
4,,,912484929,Nejimudin Kedir,400423,6745138.083,38407034.5,ACTIVE,41-02-012_,90027,6.745138,38.407035,Valid
4,,,984082192,Welde Abdu ,400424,6744052.983,38407693.97,ACTIVE,41-22-011_,90027,6.744053,38.407694,Valid
4,,,,H/Mariam Temesgen,400425,6744407.567,38405933.68,Active,4/10/2012,90027,6.744408,38.405934,Valid
4,,,924655605,Siyum Yutuna ,400426,6740778.85,38407167.6,ACTIVE,4/12/2011,90027,6.740779,38.407168,Valid
4,,,924389209,Ayelech Dubale,400427,6745138.083,38407034.5,ACTIVE,4/12/2011,90027,6.745138,38.407035,Valid
4,,,,Legesse Lebene,400428,0.0,0.0,DISCONNECT,4/10/2012,90027,,,Missing or Invalid GPS
4,,,,Belay Yirga,400429,0.0,0.0,DISCONNECT,4/10/2012,90027,,,Missing or Invalid GPS
4,,,,Mulualem Abebe,400430,0.0,0.0,TERMINATE,4/10/2012,90027,,,Missing or Invalid GPS
4,,,,Ayelech Dubale,400431,0.0,0.0,TERMINATE,4/10/2012,90027,,,Missing or Invalid GPS
4,,,,Sidama Radio Studio,400432,0.0,0.0,DISCONNECT,4/10/2012,90027,,,Missing or Invalid GPS
4,,,,Yishamu Wolde,400433,0.0,0.0,DISCONNECT,4/10/2012,90027,,,Missing or Invalid GPS
4,,,939149463,Kebede Kawiso,400434,6744440.8,38408617.58,ACTIVE,41/02/012_,90027,6.744441,38.408618,Valid
4,,,,BDW Business Association,400435,6747161.5,38407104.27,ACTIVE,4/12/2011,90027,6.747161,38.407104,Valid
4,,,,Belay Yirga,400436,0.0,0.0,DISCONNECT,4/10/2012,90027,,,Missing or Invalid GPS
4,,,,Temesgen Yeshialem,400437,6746626.517,38407590.28,Active,4/10/2012,90027,6.746627,38.40759,Valid
4,,,,Tizazu Choramo,400438,0.0,0.0,DISCONNECT,4/10/2012,90027,,,Missing or Invalid GPS
4,,,,Y/A/K/Council,400439,0.0,0.0,DISCONNECT,4/10/2012,90027,,,Missing or Invalid GPS
4,,,,Belay Yirga,400440,0.0,0.0,DISCONNECT,4/10/2012,90027,,,Missing or Invalid GPS
4,,,,Tizazu Choramo,400441,6746879.55,38407784.9,Active,4/10/2012,90027,6.74688,38.407785,Valid
4,,,,Yosef Budne,400442,0.0,0.0,DISCONNECT,4/10/2012,90027,,,Missing or Invalid GPS
4,,,,Yohannes Hamito,400443,0.0,0.0,DISCONNECT,4/10/2012,90027,,,Missing or Invalid GPS
4,,,,Legesse Lebene,400444,6746845.6,38406181.3,Active,4/10/2012,90027,6.746846,38.406181,Valid
4,,,926527287,Yosef Budne,400445,6742668.517,38408718.32,ACTIVE,4/12/2011,90027,6.742669,38.408718,Valid
4,,,,Yohannes Hamito,400446,6743177.9,38406210.93,Active,4/10/2012,90027,6.743178,38.406211,Valid
4,,,,Y/A/K/N/I/Office YeNege Tesfa,400447,0.0,0.0,DISCONNECT,4/10/2012,90027,,,Missing or Invalid GPS
4,,,,Y/A/K/N/I/Office /YeNege Tesfa,400448,0.0,0.0,DISCONNECT,4/10/2012,90027,,,Missing or Invalid GPS
4,,,912778291,Moges Tefera ,400449,6742851.217,38408931.75,ACTIVE,4/12/2011,90027,6.742851,38.408932,Valid
4,,,,Teshoma Siyum,400450,0.0,0.0,DISCONNECT,4/10/2012,90027,,,Missing or Invalid GPS
4,,,,Mesfin Kitesa,400451,6747522.05,38406093.67,Active,4/10/2012,90027,6.747522,38.406094,Valid
4,,,,Nega Firde,400452,6746472.967,38406407.3,Active,4/10/2012,90027,6.746473,38.406407,Valid
4,,,9168302040,Nega Firde,400453,6741990.717,38398305.17,DISCONNECT,4/12/2011,90027,6.741991,38.398305,Valid
4,,,,Zeyneba Kedir,400454,6743175.767,38406390.45,Active,4/10/2012,90027,6.743176,38.40639,Valid
4,,,,Huresa Guto,400455,6743227.783,38406366.0,ACTIVE,4/12/2011,90027,6.743228,38.406366,Valid
4,,,,Mahilet Samuel,400456,6746031.317,38408207.47,ACTIVE,4/10/2012,90027,6.746031,38.408207,Valid
4,,,,Tesfaye Workneh,400457,6744777.6,38406363.57,Active,4/10/2012,90027,6.744778,38.406364,Valid
4,,,,Yeromnesh W/Michael,400458,6746388.317,38406261.23,Active,4/10/2012,90027,6.746388,38.406261,Valid
4,,,,Dagim Ewuketu,400459,6744371.717,38405830.78,ACTIVE,4/10/2012,90027,6.744372,38.405831,Valid
4,,,,Sh/Amelo Kembata,400460,6743251.067,38409146.15,ACTIVE,4/12/2011,90027,6.743251,38.409146,Valid
4,,,916402848,Melkamu Asegahegn ,400461,6745270.217,38406587.15,ACTIVE,41-02-012_,90027,6.74527,38.406587,Valid
4,,,,Wudnesh Shihu,400462,6745147.45,38408596.1,Active,4/10/2012,90027,6.745147,38.408596,Valid
4,,,,Birhanu Dekamo,400463,6741934.717,38406688.52,Active,4/10/2012,90027,6.741935,38.406689,Valid
4,,,,Mengesha Kayeso,400464,6740921.95,38406948.18,Active,4/10/2012,90027,6.740922,38.406948,Valid
4,,,912187512,Markos Kontamo,400465,6742195.533,38407728.97,ACTIVE,41/02/012_,90027,6.742196,38.407729,Valid
4,,,923332207,Yohannes Mereid,400466,6741527.267,38406224.33,ACTIVE,4/12/2011,90027,6.741527,38.406224,Valid
4,,,,Kelemuwa Fekede,400467,6744095.617,38405696.67,Active,4/10/2012,90027,6.744096,38.405697,Valid
4,,,,Degu Debiso,400468,6742834.2,38407406.33,Active,4/10/2012,90027,6.742834,38.407406,Valid
4,,,926235426,Habtamu Asele ,400469,6742701.55,38408932.13,ACTIVE,4/12/2011,90027,6.742702,38.408932,Valid
4,,,,Tafese Turgamo,400470,6740344.35,38406623.32,Active,4/10/2012,90027,6.740344,38.406623,Valid
4,,,916333014,Dereje Aklilu,400471,6740277.1,38406636.32,ACTIVE,4/12/2011,90027,6.740277,38.406636,Valid
4,,,,Mekonnen Tilahun,400472,6742027.25,38406113.73,Active,4/10/2012,90027,6.742027,38.406114,Valid
4,,,,Kifiyalew Etiso,400473,6741497.0,38407430.7,Active,4/10/2012,90027,6.741497,38.407431,Valid
4,,,,Tafesech Alemu,400474,6741678.733,38407382.05,Active,4/10/2012,90027,6.741679,38.407382,Valid
4,,,,Nigussie Negash,400475,6742318.483,38407619.43,ACTIVE,4/10/2012,90027,6.742318,38.407619,Valid
4,,,,Mekonen Tilahun ,400476,6743461.183,38407041.68,ACTIVE,4/12/2011,90027,6.743461,38.407042,Valid
4,,,911853458,Kefiyalew Amelo,400477,6741410.967,38407204.93,ACTIVE,4/12/2011,90027,6.741411,38.407205,Valid
4,,,916184054,Dechasa Debaro,400478,6741678.733,38407382.05,ACTIVE,4/12/2011,90027,6.741679,38.407382,Valid
4,,,,Tenaye Nigussie,400479,6745970.983,38408039.97,ACTIVE,4/12/2011,90027,6.745971,38.40804,Valid
4,,,,Merdia Amza,400480,6743987.633,38408952.03,Active,4/10/2012,90027,6.743988,38.408952,Valid
4,,,,Asfaw Eshetu,400481,6741313.167,38406355.83,Active,4/10/2012,90027,6.741313,38.406356,Valid
4,,,,Tafese Zewde,400482,6741391.05,38406386.25,Active,4/10/2012,90027,6.741391,38.406386,Valid
4,,,926988414,Kefiyalew Irbamo,400483,6746178.1,38408311.72,ACTIVE,4/12/2011,90027,6.746178,38.408312,Valid
4,,,,Argaw Asefa,400484,6742289.567,38407679.98,Active,4/10/2012,90027,6.74229,38.40768,Valid
4,,,917672776,Endale Kedir,400485,6742718.867,38408874.98,ACTIVE,4/12/2011,90027,6.742719,38.408875,Valid
4,,,916165328,Desta Doyamo,400486,6743177.0,38408655.47,ACTIVE,4/12/2011,90027,6.743177,38.408655,Valid
4,,,,Letamo Funde,400487,6743317.25,38409195.72,Active,4/10/2012,90027,6.743317,38.409196,Valid
4,,,,Pawlos Markos,400488,6743027.75,38408669.48,Active,4/10/2012,90027,6.743028,38.408669,Valid
4,,,,Fanaye Fereja,400489,6743341.667,38408015.43,Active,4/10/2012,90027,6.743342,38.408015,Valid
4,,,968650663,Senait Goshu,400490,6747811.083,38406224.25,ACTIVE,4/12/2011,90027,6.747811,38.406224,Valid
4,,,908304261,Ayele Belay,400491,6743759.383,38408552.5,ACTIVE,4/12/2011,90027,6.743759,38.408552,Valid
4,,,,Wudnesh Buta,400492,6743758.117,38408259.32,Active,4/10/2012,90027,6.743758,38.408259,Valid
4,,,,Meymuna Surur,400493,6744496.9,38406591.23,Active,4/10/2012,90027,6.744497,38.406591,Valid
4,,,,Behaylu Biru,400494,6740983.733,38407237.72,Active,4/10/2012,90027,6.740984,38.407238,Valid
4,,,,Birke Ahmed,400495,6743850.833,38408282.75,Active,4/10/2012,90027,6.743851,38.408283,Valid
4,,,916943209,Kefelegn Dangso,400496,6741432.0,38406900.0,ACTIVE,41-02-012_,90027,6.741432,38.4069,Valid
4,,,,Simegn Zeleke,400497,6746368.7,38406275.55,Active,4/10/2012,90027,6.746369,38.406276,Valid
4,,,,Abush Gudeta,400498,6746025.3,38405171.15,ACTIVE,4/10/2012,90027,6.746025,38.405171,Valid
4,,,,Birhanu Dakamo,400499,6742662.433,38408628.07,Active,4/10/2012,90027,6.742662,38.408628,Valid
4,,,,BDW Association,400500,0.0,0.0,DISCONNECT,4/12/2011,90027,,,Missing or Invalid GPS
4,,,916908660,Wondesen Derese,400501,6742063.667,38407923.27,ACTIVE,4/12/2011,90027,6.742064,38.407923,Valid
4,,,926135678,Wubit Alemu,400502,6742063.667,38407923.27,ACTIVE,4/12/2011,90027,6.742064,38.407923,Valid
4,,,,Yaekob Dafursa,400503,6741460.517,38407980.82,Active,4/10/2012,90027,6.741461,38.407981,Valid
4,,,916082619,Belete Hamito,400504,6743223.483,38408443.05,ACTIVE,4/12/2011,90027,6.743223,38.408443,Valid
4,0.0,,936497026,Tsehay Nigussie,400506,6744879.2,38406360.57,ACTIVE,4/12/2011,90027,6.744879,38.406361,Valid
8,,,,Dereje Dotora,800466,0.0,0.0,DISCONNECT,4/12/2011,90010,,,Missing or Invalid GPS
4,,,,Abebe Desalegn,400508,6741604.467,38406717.05,Active,4/10/2012,90027,6.741604,38.406717,Valid
2,,Stadium,,Mulatu Boku,200869,6746096.817,38404756.7,ACTIVE,4/12/2011,90007,6.746097,38.404757,Valid
4,,,,Mulu Abshiro,400510,6744181.583,38405696.53,Active,4/10/2012,90027,6.744182,38.405697,Valid
4,,,,Girma Bedilu,400511,6743070.35,38408406.22,Active,4/10/2012,90027,6.74307,38.408406,Valid
4,,,,Biru Bizuneh,400512,6740906.667,38406875.72,Active,4/10/2012,90027,6.740907,38.406876,Valid
5,444.0,,916642459,Asnakech Botonka,500001,6750779.633,38414698.22,ACTIVE,4/12/2011,90007,6.75078,38.414698,Valid
5,0.0,,912059754,Nigatu Dubale,500002,6750693.383,38414442.12,ACTIVE,4/12/2011,90007,6.750693,38.414442,Valid
5,0.0,,916830079,Filpos Yaekob,500003,6750737.783,38414229.87,ACTIVE,4/12/2011,90007,6.750738,38.41423,Valid
5,0.0,,,Zelekash Berhe,500004,0.0,0.0,DISCONNECT,4/10/2012,90007,,,Missing or Invalid GPS
5,175.0,,,Tayech Feleke ,500005,6750204.25,38414175.97,ACTIVE,4/12/2011,90007,6.750204,38.414176,Valid
5,0.0,,987168451,Tesema Tagele,500006,6750979.533,38414160.27,ACTIVE,4/12/2011,90007,6.75098,38.41416,Valid
5,0.0,,927033061,Mihiret Mangesha,500007,6751075.55,38414036.2,ACTIVE,4/12/2011,90007,6.751076,38.414036,Valid
5,559.0,,,H/Mariam Doyo,500008,6750529.4,38414057.75,Active,4/10/2012,90007,6.750529,38.414058,Valid
5,445.0,,904782484,Aselefech Getachew,500009,6750426.983,38414114.68,ACTIVE,41/22/011_,90007,6.750427,38.414115,Valid
5,664.0,,949034538,Tamrat Tute,500010,6750701.85,38414356.77,ACTIVE,4/12/2011,90007,6.750702,38.414357,Valid
5,1456.0,,910186110,Y/A/Amh/Church,500011,6749553.583,38412459.08,ACTIVE,41-02-012_,90007,6.749554,38.412459,Valid
5,535.0,,916860280,Esheto Agonafer,500012,6750225.517,38414108.38,ACTIVE,4/12/2011,90007,6.750226,38.414108,Valid
5,0.0,,911995639,Fura Center,500013,6749562.25,38412777.93,ACTIVE,4/12/2011,90007,6.749562,38.412778,Valid
5,336.0,,913099687,Adis Admas,500014,6748958.683,38411962.38,ACTIVE,4/12/2011,90007,6.748959,38.411962,Valid
5,227.0,,,Binyam Kassa,500015,6748658.883,38410418.25,ACTIVE,4/10/2012,90007,6.748659,38.410418,Valid
5,154.0,,,Kebabuah Firko,500016,6748548.633,38410180.52,Active,4/10/2012,90007,6.748549,38.410181,Valid
5,0.0,,910208844,Tsehay Worku,500017,6748582.2,38410236.27,ACTIVE,4/12/2011,90007,6.748582,38.410236,Valid
5,155.0,,926396303,Weyinishet Mekonen ,500018,6748277.333,38410014.25,ACTIVE,4/12/2011,90007,6.748277,38.410014,Valid
5,220.0,,934335537,Marta Bafu ,500019,6748210.167,38410012.63,ACTIVE,4/12/2011,90007,6.74821,38.410013,Valid
5,0.0,,969761337,Dechasa Geda,500020,6747978.967,38409765.27,ACTIVE,4/12/2011,90007,6.747979,38.409765,Valid
5,0.0,,974707573,Zinash Kassa,500021,6748164.017,38409945.35,DISCONNECT,4/12/2011,90007,6.748164,38.409945,Valid
5,158.0,,934020126,Simegn Fukare,500022,6748359.283,38409940.02,ACTIVE,41/02/012_,90007,6.748359,38.40994,Valid
5,0.0,,916830092,Kassa G/Yes,500023,6748404.483,38409742.48,ACTIVE,41/22/011_,90007,6.748404,38.409742,Valid
5,0.0,,,From Kassa G/Yes,500024,6748385.3,38409748.88,DISCONNECT,4/10/2012,90007,6.748385,38.409749,Valid
5,17.0,,,Yeshi Bekele,500025,6748542.383,38409681.05,Active,4/10/2012,90007,6.748542,38.409681,Valid
5,0.0,,,M.I.R. Degefa Debesa,500026,6748486.2,38409742.58,Active,4/10/2012,90007,6.748486,38.409743,Valid
5,19.0,,911954688,Hassen Mohammed,500027,6748464.7,38409824.2,ACTIVE,4/12/2011,90007,6.748465,38.409824,Valid
5,0.0,,,Nigussie Yunka,500028,6748581.267,38409701.47,ACTIVE,4/10/2012,90007,6.748581,38.409701,Valid
5,0.0,,,Yihun Yinka,500029,6743025.217,38398142.52,ACTIVE,4/12/2011,90007,6.743025,38.398143,Valid
5,0.0,,916830161,Argaw Danole,500030,6748209.9,38409605.85,ACTIVE,4/12/2011,90007,6.74821,38.409606,Valid
5,48.0,,964040256,Kasa Ayele ,500031,6748141.4,38409643.55,ACTIVE,41-02-012_,90007,6.748141,38.409644,Valid
5,24.0,,913350472,Melketo Buya,500032,6748202.733,38409433.22,ACTIVE,4/12/2011,90007,6.748203,38.409433,Valid
5,0.0,,925597650,Abebe Alemu,500033,6748787.8,38409445.53,ACTIVE,4/12/2011,90007,6.748788,38.409446,Valid
5,0.0,,,H/Michael Borsamo,500034,6748386.433,38409325.9,ACTIVE,4/10/2012,90007,6.748386,38.409326,Valid
5,34.0,,,Shitaye Dulo,500035,6748076.733,38409090.12,Active,4/10/2012,90007,6.748077,38.40909,Valid
5,0.0,,964032120,Mengistu Kinfe,500036,6752253.633,38413960.13,ACTIVE,41/02/012_,90007,6.752254,38.41396,Valid
5,612.0,,932579097,Jemal Terefe,500037,6752077.983,38413987.07,ACTIVE,41/02/012_,90007,6.752078,38.413987,Valid
5,760.0,,934234578,Teshoma Mekonnen,500038,6751952.667,38413771.1,ACTIVE,41-02-012_,90007,6.751953,38.413771,Valid
5,595.0,,,Kayite Kechara,500039,6751838.883,38413745.52,Active,4/10/2012,90007,6.751839,38.413746,Valid
5,0.0,,912844709,Agere Seyid,500040,6751982.8,38413629.82,ACTIVE,4/12/2011,90007,6.751983,38.41363,Valid
5,609.0,,,Halma Museyid,500041,6752192.183,38413332.23,Active,4/10/2012,90007,6.752192,38.413332,Valid
5,0.0,,911569352,Wondesen Bekele,500042,6752224.067,38413283.03,ACTIVE,4/12/2011,90007,6.752224,38.413283,Valid
5,0.0,,,Benya Gafato,500043,0.0,0.0,DISCONNECT,4/10/2012,90007,,,Missing or Invalid GPS
5,607.0,,911090782,Tariku Benera,500044,6751967.633,38413232.62,ACTIVE,41/02/012_,90007,6.751968,38.413233,Valid
5,5970.0,,,Asnakech Bekele,500045,6751730.617,38413529.3,Active,4/10/2012,90007,6.751731,38.413529,Valid
5,0.0,,,Kebede Lema,500046,6751889.1,38413123.42,Active,4/10/2012,90007,6.751889,38.413123,Valid
5,898.0,,916169805,Bekele Kilesa,500047,6751837.333,38413296.23,ACTIVE,4/12/2011,90007,6.751837,38.413296,Valid
5,0.0,,,Tadele Desta,500048,6751653.083,38412970.95,Active,4/10/2012,90007,6.751653,38.412971,Valid
5,605.0,,916923425,Abebech G/Meskel,500049,6751758.167,38412859.68,ACTIVE,4/12/2011,90007,6.751758,38.41286,Valid
5,0.0,,916830061,Temesgen Shiferaw,500050,6751725.517,38408852.48,ACTIVE,4/12/2011,90007,6.751726,38.408852,Valid
5,0.0,,928173912,Tekle Gudura,500051,6751692.767,38408676.7,ACTIVE,41/02/012_,90007,6.751693,38.408677,Valid
5,0.0,,,Abebayeh Legese,500052,6751608.8,38408376.47,Active,4/10/2012,90007,6.751609,38.408376,Valid
5,0.0,,911875855,Gosaye Borsa,500053,6752064.567,38408233.15,ACTIVE,41/02/012_,90007,6.752065,38.408233,Valid
5,0.0,,916965055,Genet Guracha ,500054,6752199.95,38408207.03,ACTIVE,4/12/2011,90007,6.7522,38.408207,Valid
5,0.0,,934329250,Tejitu Tema,500055,6752274.167,38408223.75,ACTIVE,41/02/012_,90007,6.752274,38.408224,Valid
5,0.0,,903090603,Asirat Alemu,500056,6752433.75,38408186.93,ACTIVE,4/12/2011,90007,6.752434,38.408187,Valid
5,0.0,,913363305,Kebede Kia,500057,6752186.617,38407990.47,ACTIVE,4/12/2011,90007,6.752187,38.40799,Valid
5,0.0,,936499464,Sinkinesh Alemu ,500058,6752152.283,38408069.0,ACTIVE,4/12/2011,90007,6.752152,38.408069,Valid
5,0.0,,,Musema Abdela,500059,6751896.683,38408008.97,Active,4/10/2012,90007,6.751897,38.408009,Valid
5,0.0,,916139417,Tadesse Wachemo,500060,6751764.267,38407806.37,ACTIVE,41/02/012_,90007,6.751764,38.407806,Valid
5,0.0,,931560063,Melke Shibru,500061,6751680.383,38407730.02,ACTIVE,4/12/2011,90007,6.75168,38.40773,Valid
5,0.0,,,Benena Techane,500062,6751702.517,38407574.9,Active,4/10/2012,90007,6.751703,38.407575,Valid
5,0.0,,,Esheto Demeke,500063,6751671.883,38407479.8,Active,4/10/2012,90007,6.751672,38.40748,Valid
5,0.0,,,Shode Anbese,500064,6751615.7,38407365.17,ACTIVE,4/12/2011,90007,6.751616,38.407365,Valid
5,166.0,,924329838,Tesfaye Worku Gemechu,500065,6752039.717,38407061.0,ACTIVE,41/02/012_,90007,6.75204,38.407061,Valid
5,0.0,,916021003,Matiwos Dona,500066,6751982.267,38408084.97,ACTIVE,4/12/2011,90007,6.751982,38.408085,Valid
5,0.0,,912150953,Abebe Bekele,500067,6751673.717,38408652.82,ACTIVE,4/12/2011,90007,6.751674,38.408653,Valid
5,0.0,,913370576,Kibebew Tsehay,500068,6751953.533,38408513.55,ACTIVE,4/12/2011,90007,6.751954,38.408514,Valid
5,0.0,,,Asfa,500069,0.0,0.0,TERMINATE,4/10/2012,90007,,,Missing or Invalid GPS
5,0.0,,979851405,Taeme Berhe,500070,6749502.283,38412239.47,ACTIVE,4/12/2011,90007,6.749502,38.412239,Valid
5,0.0,,923409278,Tamru Tadele,500071,0.0,0.0,ACTIVE,41/02/012_,90007,,,Missing or Invalid GPS
5,64.0,,,Sura Dunfa,500072,0.0,0.0,DISCONNECT,4/10/2012,90007,,,Missing or Invalid GPS
5,0.0,,,Anteneh Ashenafi,500073,6748548.95,38408807.57,DISCONNECT,4/10/2012,90007,6.748549,38.408808,Valid
5,4.0,,,Sifrash Desalegn,500074,6748007.4,38408979.92,Active,4/10/2012,90007,6.748007,38.40898,Valid
5,0.0,,,Damtew Seyfu,500075,6747667.2,38409639.52,Active,4/10/2012,90007,6.747667,38.40964,Valid
5,0.0,,,Adisu Dimeto,500076,6747916.767,38408776.92,Active,4/10/2012,90007,6.747917,38.408777,Valid
5,0.0,,,Ketema Admin/Bakery,500077,6747999.65,38408784.88,ACTIVE,4/10/2012,90007,6.748,38.408785,Valid
5,0.0,,,Dereje Smeyneh,500078,6747975.0,38408447.27,Active,4/10/2012,90007,6.747975,38.408447,Valid
5,0.0,,,Tadese G/Silasse,500079,6747895.533,38408430.95,ACTIVE,41-02-012_,90007,6.747896,38.408431,Valid
5,0.0,,911069997,Selfa W/Gebriel,500080,6747745.733,38407994.68,ACTIVE,41/02/012_,90007,6.747746,38.407995,Valid
5,0.0,,928993405,Mengesha Giriso,500081,6748142.767,38408738.78,ACTIVE,41/02/012_,90007,6.748143,38.408739,Valid
5,0.0,,,Seyfu Sila,500082,6748026.9,38407855.12,ACTIVE,4/12/2011,90007,6.748027,38.407855,Valid
5,0.0,,945830010,Berasa Wayu,500083,6748343.1,38407850.13,ACTIVE,4/12/2011,90007,6.748343,38.40785,Valid
5,75.0,,,Asegedech Gullilat,500084,0.0,0.0,DISCONNECT,4/10/2012,90007,,,Missing or Invalid GPS
5,0.0,,,Dereje Haile,500085,6748400.3,38407994.95,DISCONNECT,4/12/2011,90007,6.7484,38.407995,Valid
5,0.0,,901553670,Werkineh Asefa ,500086,6748596.767,38407835.58,ACTIVE,4/12/2011,90007,6.748597,38.407836,Valid
5,72.0,,,Zebideru Kebede,500087,6748451.183,38407769.5,DISCONNECT,4/12/2011,90007,6.748451,38.40777,Valid
5,71.0,,929712583,Kebed Tsgaye,500088,6748679.117,38407911.43,ACTIVE,4/12/2011,90007,6.748679,38.407911,Valid
5,88.0,,916077271,Muse Hassen,500089,6748365.967,38407937.67,ACTIVE,4/12/2011,90007,6.748366,38.407938,Valid
5,68.0,,,Merigeta Yitbarek,500090,6748547.4,38407729.0,ACTIVE,4/10/2012,90007,6.748547,38.407729,Valid
5,80.0,,916868362,Gerawork W/Michael,500091,6748332.0,38408140.0,ACTIVE,41-22-011_,90007,6.748332,38.40814,Valid
5,78.0,,916868362,Gerawork W/Michael,500092,6748334.0,38408210.0,ACTIVE,41-02-012_,90007,6.748334,38.40821,Valid
5,67.0,,,Mandafro Tadesse,500093,6748927.233,38408022.92,ACTIVE,4/12/2011,90007,6.748927,38.408023,Valid
5,93.0,,,Wondwosen Jemberu,500094,0.0,0.0,TERMINATE,4/10/2012,90007,,,Missing or Invalid GPS
5,66.0,,934619162,Yeshihareg Worku,500095,6748445.5,38408080.7,ACTIVE,4/12/2011,90007,6.748445,38.408081,Valid
5,95.0,,944237759,Shitaye Asefa,500096,6748469.583,38408170.3,ACTIVE,4/12/2011,90007,6.74847,38.40817,Valid
5,17.0,,,Abebech Kebede,500097,0.0,0.0,DISCONNECT,4/10/2012,90007,,,Missing or Invalid GPS
5,58.0,,932056124,Deboch Birhanu,500098,6748441.35,38408307.0,ACTIVE,41/22/011_,90007,6.748441,38.408307,Valid
5,0.0,,,Lema Yohannes,500099,0.0,0.0,DISCONNECT,4/10/2012,90007,,,Missing or Invalid GPS
5,18.0,,924302873,Mulunesh Werku ,500100,6748452.0,38408347.42,ACTIVE,4/12/2011,90007,6.748452,38.408347,Valid
5,19.0,,,Sofia Andeta,500101,6748480.933,38408386.9,Active,4/10/2012,90007,6.748481,38.408387,Valid
5,0.0,,916076064,Meseret Getachew,500102,6748610.433,38408549.18,ACTIVE,4/12/2011,90007,6.74861,38.408549,Valid
5,55.0,,,Abaynesh Gelana,500103,6748500.733,38408410.2,Active,4/10/2012,90007,6.748501,38.40841,Valid
5,0.0,,,Banja Berasa,500104,0.0,0.0,DISCONNECT,4/10/2012,90007,,,Missing or Invalid GPS
5,0.0,,,Debrity Abraham,500105,6748466.183,38408658.33,Active,4/10/2012,90007,6.748466,38.408658,Valid
5,74.0,,,Jemal Abdela,500106,6748506.4,38408473.62,ACTIVE,4/12/2011,90007,6.748506,38.408474,Valid
5,110.0,,934233588,Almaz Bekele,500107,6749066.317,38408418.93,ACTIVE,4/12/2011,90007,6.749066,38.408419,Valid
5,27.0,,,Damtew Seyfu,500108,6747210.333,38408552.72,ACTIVE,4/12/2011,90007,6.74721,38.408553,Valid
5,0.0,,,Kidane Desalegn,500109,6748668.9,38408902.13,Active,4/10/2012,90007,6.748669,38.408902,Valid
5,39.0,,911533795,Mesfin Tikemo,500110,6748880.45,38408904.23,ACTIVE,4/12/2011,90007,6.74888,38.408904,Valid
5,93.0,,916863023,Hailu Ayele,500111,6748977.35,38408844.87,ACTIVE,4/12/2011,90007,6.748977,38.408845,Valid
5,0.0,,,Neja Kedir,500112,6748988.533,38408836.25,ACTIVE,4/12/2011,90007,6.748989,38.408836,Valid
5,0.0,,916333012,Kedir Ahmedin,500113,6749056.533,38409134.02,ACTIVE,41/02/012_,90007,6.749057,38.409134,Valid
5,0.0,,,Ashenafi Sunado,500114,6748763.65,38409112.0,Active,4/10/2012,90007,6.748764,38.409112,Valid
5,8.0,,984713141,Birhane Kasa ,500115,6748566.467,38409245.43,ACTIVE,4/12/2011,90007,6.748566,38.409245,Valid
5,7.0,,916390363,Bogalech Delelign,500116,6748874.45,38409754.55,ACTIVE,41/02/012_,90007,6.748874,38.409755,Valid
5,0.0,,916081044,Almaz Gizaw,500117,6748765.25,38409231.05,ACTIVE,41/02/012_,90007,6.748765,38.409231,Valid
5,0.0,,,Aster Kedir,500118,0.0,0.0,DISCONNECT,4/10/2012,90007,,,Missing or Invalid GPS
5,0.0,,,Biruh Tesfa H/Sh/Association,500119,0.0,0.0,DISCONNECT,4/10/2012,90007,,,Missing or Invalid GPS
5,57.0,,,H/Yesus H/Michael,500120,6748531.6,38409319.4,Active,4/10/2012,90007,6.748532,38.409319,Valid
5,13.0,,923364108,Taye Tadesse,500121,6748714.15,38409348.93,ACTIVE,41/02/012_,90007,6.748714,38.409349,Valid
5,32.0,,,Abebech Kebede,500122,6748810.883,38409375.95,Active,4/10/2012,90007,6.748811,38.409376,Valid
5,3.0,,,Boche Abebe,500123,6748719.6,38409445.7,Active,4/10/2012,90007,6.74872,38.409446,Valid
5,35.0,,,Zenebech H/Mariam,500124,6748819.533,38409566.17,Active,4/10/2012,90007,6.74882,38.409566,Valid
5,85.0,,913052435,Hariya Siraj,500125,6748850.6,38409289.08,ACTIVE,4/12/2011,90007,6.748851,38.409289,Valid
5,0.0,,,Wogayehu Tena,500126,6748635.383,38409593.35,Active,4/10/2012,90007,6.748635,38.409593,Valid
5,36.0,,,Asnakech Haile,500127,6748811.6,38409530.75,Active,4/10/2012,90007,6.748812,38.409531,Valid
5,0.0,,,Yeshi Abebe,500128,6748812.333,38409620.78,Active,4/10/2012,90007,6.748812,38.409621,Valid
5,40.0,,,Demeke Desta,500129,6749020.467,38409549.13,Active,4/10/2012,90007,6.74902,38.409549,Valid
5,41.0,,,Mestawet Yitagedu,500130,6749082.367,38409559.47,Active,4/10/2012,90007,6.749082,38.409559,Valid
5,42.0,,,Kelemuwa W/Amanuel,500131,6749122.267,38409539.85,Active,4/10/2012,90007,6.749122,38.40954,Valid
5,43.0,,925342592,Zinash Mitiku,500132,6749279.7,38409550.45,ACTIVE,41/02/012_,90007,6.74928,38.40955,Valid
5,0.0,,977861746,Abebech Lukas,500133,6749299.75,38409591.83,ACTIVE,4/12/2011,90007,6.7493,38.409592,Valid
5,0.0,,913826346,Zeleke Ayele,500134,6749053.667,38408014.95,ACTIVE,4/12/2011,90007,6.749054,38.408015,Valid
5,20.0,,,Solomon Lale,500135,6750214.967,38409031.68,ACTIVE,4/10/2012,90007,6.750215,38.409032,Valid
5,55.0,,916641694,Worku H/Mariam,500136,6749956.433,38409607.42,ACTIVE,41/02/012_,90007,6.749956,38.409607,Valid
5,0.0,,,Etenesh Bolka,500137,6750188.017,38409630.9,Active,4/10/2012,90007,6.750188,38.409631,Valid
5,0.0,,,Amde Mekonnen,500138,6750308.433,38409834.73,Active,4/10/2012,90007,6.750308,38.409835,Valid
5,70.0,,,Kebede Bedane,500139,0.0,0.0,DISCONNECT,4/10/2012,90007,,,Missing or Invalid GPS
5,5.0,,913259705,Mulu Asrat,500140,6749972.817,38409137.25,ACTIVE,4/12/2011,90007,6.749973,38.409137,Valid
5,0.0,,,Solomon Desalegn,500141,6749966.517,38411694.5,Active,4/10/2012,90007,6.749967,38.411695,Valid
5,0.0,,984259189,Zala G/Yorgis,500142,6749887.867,38411709.3,ACTIVE,4/12/2011,90007,6.749888,38.411709,Valid
5,194.0,,932178999,Mulushewa Alemayehu,500143,6750623.583,38411511.57,ACTIVE,4/12/2011,90007,6.750624,38.411512,Valid
5,0.0,,912164087,Abayneh Ashango,500144,6750037.5,38411443.52,ACTIVE,4/12/2011,90007,6.750038,38.411444,Valid
5,0.0,,996762621,Asfaw Agaro,500145,6750643.3,38411511.13,ACTIVE,4/12/2011,90007,6.750643,38.411511,Valid
5,0.0,,,W/Michael Amde,500146,6750128.3,38411091.17,Active,4/10/2012,90007,6.750128,38.411091,Valid
5,218.0,,916562139,Fikire Alemu ,500147,6750649.35,38411491.17,ACTIVE,4/12/2011,90007,6.750649,38.411491,Valid
5,195.0,,,Demse Yana,500148,6749822.85,38411303.88,Active,4/10/2012,90007,6.749823,38.411304,Valid
5,0.0,,926614441,Petros Yatiso,500149,6749842.85,38411214.18,ACTIVE,4/12/2011,90007,6.749843,38.411214,Valid
5,261.0,,984258614,Gosaye H/Mariam,500150,6750113.1,38411231.27,ACTIVE,41/02/012_,90007,6.750113,38.411231,Valid
5,0.0,,968426799,Getahun Yitaktu,500151,6749955.983,38411038.3,ACTIVE,4/12/2011,90007,6.749956,38.411038,Valid
5,0.0,,,Solomon Seyfi,500152,6749757.267,38411024.65,Active,4/10/2012,90007,6.749757,38.411025,Valid
5,0.0,,,Gonder Mameru,500153,6750004.4,38410985.22,Active,4/10/2012,90007,6.750004,38.410985,Valid
5,0.0,,969796626,Yeshi Tesfaye,500154,6749885.75,38411002.32,ACTIVE,41/02/012_,90007,6.749886,38.411002,Valid
5,0.0,,,Tsege Zewde,500155,6749672.067,38410990.63,Active,4/10/2012,90007,6.749672,38.410991,Valid
5,0.0,,,Hailu Kayeso,500156,6749621.783,38410976.28,ACTIVE,4/10/2012,90007,6.749622,38.410976,Valid
5,303.0,,941841656,Matiwos Daniel,500157,6749701.767,38410705.1,ACTIVE,4/12/2011,90007,6.749702,38.410705,Valid
5,286.0,,925500982,Azenegash Tesfaye,500158,6749812.783,38410788.13,ACTIVE,41/02/012_,90007,6.749813,38.410788,Valid
5,211.0,,,Seyfu Teshoma,500159,6749719.7,38410604.37,DISCONNECT,4/10/2012,90007,6.74972,38.410604,Valid
5,203.0,,916830057,Dafursa Hayeso,500160,6749703.2,38410614.8,ACTIVE,4/12/2011,90007,6.749703,38.410615,Valid
5,210.0,,989047294,Mulu Negafo,500161,6749775.933,38410523.28,ACTIVE,4/12/2011,90007,6.749776,38.410523,Valid
5,0.0,,993732446,Amsale Adisu ,500162,6749750.783,38410523.37,ACTIVE,4/12/2011,90007,6.749751,38.410523,Valid
5,204.0,,,Mershaye Bekele,500163,6749670.283,38410455.47,Active,4/10/2012,90007,6.74967,38.410455,Valid
5,205.0,,,Aynalem Biratu,500164,6749601.483,38410393.42,Active,4/10/2012,90007,6.749601,38.410393,Valid
5,207.0,,986479585,Yaekob Kelo,500165,6749634.817,38410367.78,ACTIVE,41/02/012_,90007,6.749635,38.410368,Valid
5,206.0,,,Aster Manche,500166,6749446.633,38409963.02,Active,4/10/2012,90007,6.749447,38.409963,Valid
5,0.0,,916169564,Shimelis Dide,500167,6749914.55,38410298.77,ACTIVE,4/12/2011,90007,6.749915,38.410299,Valid
5,0.0,,,Tadesse G/Silasse,500168,6750124.467,38410434.13,Active,4/10/2012,90007,6.750124,38.410434,Valid
5,233.0,,,Wagaye Zekariyas ,500169,6750433.6,38410782.47,ACTIVE,4/12/2011,90007,6.750434,38.410782,Valid
5,1334.0,,,Mershaye Bekele,500170,6750285.933,38410544.28,ACTIVE,4/10/2012,90007,6.750286,38.410544,Valid
5,234.0,,989153339,Birle Gitora,500171,6750339.967,38410697.3,ACTIVE,4/12/2011,90007,6.75034,38.410697,Valid
5,307.0,,947179484,Beregena Dengo,500172,6750300.917,38410513.58,ACTIVE,4/12/2011,90007,6.750301,38.410514,Valid
5,0.0,,,Woldesilase Tadesse,500173,6750702.183,38410935.38,ACTIVE,4/12/2011,90007,6.750702,38.410935,Valid
5,227.0,,924457454,Belaynesh Mamo,500174,6750307.183,38410714.43,ACTIVE,4/12/2011,90007,6.750307,38.410714,Valid
5,0.0,,910920539,Alimaz G/tsadik,500175,6750185.183,38410974.1,ACTIVE,4/12/2011,90007,6.750185,38.410974,Valid
5,225.0,,,Bizelki Abaro,500177,6750348.083,38410871.8,Active,4/10/2012,90007,6.750348,38.410872,Valid
5,0.0,,908943252,Wendimagegn Fekede ,500178,6750304.033,38410991.7,ACTIVE,4/12/2011,90007,6.750304,38.410992,Valid
5,223.0,,,Lakech Lema,500179,6750248.817,38411036.17,Active,4/10/2012,90007,6.750249,38.411036,Valid
5,0.0,,,Beyene Gelaye,500180,6750733.567,38411111.45,Active,4/10/2012,90007,6.750734,38.411111,Valid
5,222.0,,916829384,Kuma Mamo,500181,6750499.15,38411381.82,ACTIVE,41/22/011_,90007,6.750499,38.411382,Valid
5,0.0,,,Teklu Tamrat,500182,6750703.367,38411437.82,Active,4/10/2012,90007,6.750703,38.411438,Valid
5,242.0,,964040043,Asnakech Atnafu,500183,6750092.55,38411900.37,DISCONNECT,41-02-012_,90007,6.750093,38.4119,Valid
5,0.0,,968426799,Tigist Getahun ,500184,6750833.6,38411357.52,ACTIVE,4/12/2011,90007,6.750834,38.411358,Valid
5,0.0,,968624504,Tilahun W/Giorgis,500185,6752040.467,38411498.83,ACTIVE,4/12/2011,90007,6.75204,38.411499,Valid
5,467.0,,912072973,Dawit Denbelo,500186,6750667.433,38411874.22,ACTIVE,41/02/012_,90007,6.750667,38.411874,Valid
5,465.0,,,05 Kebele Office,500187,0.0,0.0,DISCONNECT,4/10/2012,90007,,,Missing or Invalid GPS
5,0.0,,916165461,Fikadu butita ,500188,6750059.233,38412285.62,ACTIVE,4/12/2011,90007,6.750059,38.412286,Valid
5,0.0,,,Kerfe Kentata,500189,6750695.717,38412246.2,Active,4/10/2012,90007,6.750696,38.412246,Valid
5,0.0,,933202657,Gio Keta,500190,6750719.617,38412314.93,ACTIVE,4/12/2011,90007,6.75072,38.412315,Valid
5,0.0,,,Mebratu Tsegaye,500191,6750809.6,38412479.25,Active,4/10/2012,90007,6.75081,38.412479,Valid
5,458.0,,916642451,Shibesh Gurmu,500192,6750618.683,38412532.5,ACTIVE,4/12/2011,90007,6.750619,38.412532,Valid
5,471.0,,926206497,Dinkinesh Kebede ,500193,6750881.083,38412447.88,ACTIVE,4/12/2011,90007,6.750881,38.412448,Valid
5,392.0,,916051325,Mestawet Fanta,500194,6750928.983,38412547.83,ACTIVE,4/12/2011,90007,6.750929,38.412548,Valid
5,393.0,,916808767,Ashenafi Dibabe,500195,6750902.833,38412650.95,ACTIVE,4/12/2011,90007,6.750903,38.412651,Valid
5,332.0,,,Abdirkadir Hussein,500196,6750886.333,38412680.07,Active,4/10/2012,90007,6.750886,38.41268,Valid
5,478.0,,934602966,Abera Wendimu,500197,6750935.183,38412797.32,ACTIVE,4/12/2011,90007,6.750935,38.412797,Valid
5,600.0,,926287514,Ageze Lamiso,500198,6751265.833,38412764.93,ACTIVE,41/02/012_,90007,6.751266,38.412765,Valid
5,479.0,,913825753,Girum Sileshi,500199,6750731.4,38412526.68,ACTIVE,4/12/2011,90007,6.750731,38.412527,Valid
5,477.0,,966614014,Abera Reta,500200,6750962.367,38412739.08,ACTIVE,4/12/2011,90007,6.750962,38.412739,Valid
5,584.0,,916581277,Mekonnen Asfaw,500201,6751268.85,38413660.7,ACTIVE,4/12/2011,90007,6.751269,38.413661,Valid
5,0.0,,,Simegne Abesha,500202,6751080.3,38413063.12,Active,4/10/2012,90007,6.75108,38.413063,Valid
5,526.0,,916164739,Kaleab Lale ,500203,6751197.183,38413202.5,ACTIVE,41-22-011_,90007,6.751197,38.413202,Valid
5,428.0,,,Esayas Kayeso,500204,6750868.417,38413161.85,Active,4/10/2012,90007,6.750868,38.413162,Valid
5,428.0,,916116849,Zewditu Gete,500205,6750894.083,38413326.85,ACTIVE,41/02/012_,90007,6.750894,38.413327,Valid
5,0.0,,925650057,Hajamo Hanfato,500206,6751234.117,38413214.77,ACTIVE,4/12/2011,90007,6.751234,38.413215,Valid
5,0.0,,,Belete Kidane,500207,6750873.833,38413406.42,Active,4/10/2012,90007,6.750874,38.413406,Valid
5,0.0,,,Beyenech Berasa,500208,6751160.0,38413418.45,Active,4/10/2012,90007,6.75116,38.413418,Valid
5,0.0,,911952835,Berasa Azihata,500209,6751216.433,38413454.75,ACTIVE,4/12/2011,90007,6.751216,38.413455,Valid
5,579.0,,931553266,Tibebu Abebe,500210,6751038.667,38413596.28,ACTIVE,41/02/012_,90007,6.751039,38.413596,Valid
5,0.0,,910810941,Biru Anebo,500211,6751421.35,38412072.28,ACTIVE,4/12/2011,90007,6.751421,38.412072,Valid
5,693.0,,904771417,Chode Banata,500212,6752214.25,38413014.4,ACTIVE,4/12/2011,90007,6.752214,38.413014,Valid
5,0.0,,,Tagele Mute,500213,6752247.45,38412915.13,Active,4/10/2012,90007,6.752247,38.412915,Valid
5,0.0,,,Tadesse Tsegaye,500214,0.0,0.0,DISCONNECT,4/10/2012,90007,,,Missing or Invalid GPS
5,622.0,,,Dercho Genebo,500215,0.0,0.0,DISCONNECT,4/10/2012,90007,,,Missing or Invalid GPS
5,0.0,,,Muhidin Zeyne,500216,6752232.117,38413064.62,Active,4/10/2012,90007,6.752232,38.413065,Valid
5,0.0,,,Alemu Tesfaye,500217,6752339.833,38413177.12,Active,4/10/2012,90007,6.75234,38.413177,Valid
5,623.0,,968426972,Yotera Hashisho,500218,6752355.8,38413526.23,ACTIVE,4/12/2011,90007,6.752356,38.413526,Valid
5,0.0,,,Feleke Abebe,500219,6752324.983,38413515.67,Active,4/10/2012,90007,6.752325,38.413516,Valid
5,626.0,,,Meaza Alemayehu,500220,6752536.217,38414122.57,Active,4/10/2012,90007,6.752536,38.414123,Valid
5,0.0,,916830215,Hailu Habtamu,500221,6752874.0,38414553.2,ACTIVE,41/02/012_,90007,6.752874,38.414553,Valid
5,0.0,,944304861,Detemo Sunkemo ,500222,6752884.517,38414662.82,ACTIVE,4/12/2011,90007,6.752885,38.414663,Valid
5,0.0,,986311731,Melaku Mengistu,500223,6752898.35,38413576.55,ACTIVE,41/02/012_,90007,6.752898,38.413577,Valid
5,0.0,,931553483,Teacher Abera Mengistu,500224,6752938.05,38413689.25,ACTIVE,4/12/2011,90007,6.752938,38.413689,Valid
5,0.0,,953376884,Mekonnen Mazengiya,500225,6752781.533,38413340.75,ACTIVE,4/12/2011,90007,6.752782,38.413341,Valid
5,0.0,,916809215,Aklilu Yohannes,500226,6752775.417,38413066.85,ACTIVE,4/12/2011,90007,6.752775,38.413067,Valid
5,0.0,,,Hensula Ututa,500227,0.0,0.0,TERMINATE,4/10/2012,90007,,,Missing or Invalid GPS
5,0.0,,989446281,Zinash Yirgu,500228,6753085.867,38412725.57,ACTIVE,41/02/012_,90007,6.753086,38.412726,Valid
5,0.0,,916139404,Teshoma Belay,500229,6752853.617,38412536.52,ACTIVE,4/12/2011,90007,6.752854,38.412537,Valid
5,0.0,,913490888,Mengesha Debiso,500230,6753117.867,38412524.1,ACTIVE,4/12/2011,90007,6.753118,38.412524,Valid
5,0.0,,916641717,Bekele Tuke,500231,6752823.45,38412464.37,ACTIVE,4/12/2011,90007,6.752823,38.412464,Valid
5,0.0,,927153132,Mulatu Tamru,500232,6752900.467,38412164.6,ACTIVE,41/02/012_,90007,6.7529,38.412165,Valid
5,516.0,,916333349,Genet Bekele,500233,6752928.767,38412137.68,ACTIVE,4/12/2011,90007,6.752929,38.412138,Valid
5,0.0,,927153617,Sintayehu Tefera,500234,6752912.233,38412046.3,ACTIVE,4/12/2011,90007,6.752912,38.412046,Valid
5,0.0,,949031907,Hailu Hanka,500235,6752993.9,38411959.58,ACTIVE,4/12/2011,90007,6.752994,38.41196,Valid
5,0.0,,946830567,Tariku Gesara,500236,6753162.833,38412103.83,ACTIVE,41/22/011_,90007,6.753163,38.412104,Valid
5,0.0,,916076064,Meseret G/Mariam,500237,6753087.967,38412241.02,ACTIVE,4/12/2011,90007,6.753088,38.412241,Valid
5,0.0,,916371682,Sinkinesh kabiso ,500238,6753154.65,38411842.42,ACTIVE,4/12/2011,90007,6.753155,38.411842,Valid
5,0.0,,935511819,Adunya Bogale,500239,6752677.9,38411881.52,ACTIVE,4/12/2011,90007,6.752678,38.411882,Valid
5,287.0,,913257399,Melke Kore,500240,6752306.5,38411233.27,ACTIVE,4/12/2011,90007,6.752307,38.411233,Valid
5,288.0,,,Shure Zewdu,500241,6752288.917,38411046.7,Active,4/10/2012,90007,6.752289,38.411047,Valid
5,289.0,,916043404,Debebe Tilahun,500242,6752406.433,38410931.8,ACTIVE,4/12/2011,90007,6.752406,38.410932,Valid
5,0.0,,926412888,Mengesha Genebo,500243,6752496.217,38410756.85,ACTIVE,41/02/012_,90007,6.752496,38.410757,Valid
5,0.0,,904414308,Birhanu Gesa,500244,6752255.95,38410614.98,ACTIVE,4/12/2011,90007,6.752256,38.410615,Valid
5,0.0,,916434428,Tadesse Letemo,500245,6752509.35,38410664.95,ACTIVE,4/12/2011,90007,6.752509,38.410665,Valid
5,601.0,,995998522,Bitew Abate,500246,6751655.967,38412641.17,ACTIVE,41/02/012_,90007,6.751656,38.412641,Valid
5,617.0,,926308657,Zerihun Aleneh,500247,6751856.75,38412510.68,ACTIVE,4/12/2011,90007,6.751857,38.412511,Valid
5,616.0,,901551191,Demeckech Mekuriya,500248,6751972.633,38412504.78,ACTIVE,4/12/2011,90007,6.751973,38.412505,Valid
5,615.0,,916581277,Tadele Mekonnen,500249,6752058.75,38412457.27,ACTIVE,4/12/2011,90007,6.752059,38.412457,Valid
5,0.0,,916830146,Dawit Hanka,500250,6751904.85,38412414.28,ACTIVE,4/12/2011,90007,6.751905,38.412414,Valid
5,490.0,,912271572,Amare Girma ,500251,6751520.767,38412349.1,ACTIVE,4/12/2011,90007,6.751521,38.412349,Valid
5,397.0,,,Cheru G/Hana,500252,6751465.283,38412416.85,Active,4/10/2012,90007,6.751465,38.412417,Valid
5,0.0,,,Bayu G/Hana,500253,6751393.167,38412269.63,Active,4/10/2012,90007,6.751393,38.41227,Valid
5,0.0,,,05 Kebele Mutual Aid Idir,500254,6751378.567,38412160.58,DISCONNECT,4/10/2012,90007,6.751379,38.412161,Valid
5,489.0,,,Girma Tsege,500255,6751486.733,38412268.18,Active,4/10/2012,90007,6.751487,38.412268,Valid
5,0.0,,912082444,Solomon Takele,500256,6751455.417,38412061.38,ACTIVE,4/12/2011,90007,6.751455,38.412061,Valid
5,486.0,,,Henok Lema,500257,6751467.367,38411830.22,ACTIVE,4/12/2011,90007,6.751467,38.41183,Valid
5,0.0,,912144493,Getachew Ayele,500258,6751529.7,38412007.57,ACTIVE,4/12/2011,90007,6.75153,38.412008,Valid
5,0.0,,926317812,Shigultish Tegegn ,500259,6751393.9,38411495.75,ACTIVE,4/12/2011,90007,6.751394,38.411496,Valid
5,0.0,,,Getahun Mekonnen,500260,6751305.317,38411715.78,Active,4/10/2012,90007,6.751305,38.411716,Valid
5,0.0,,941048030,Elfenesh Dula,500261,6751208.083,38411466.62,ACTIVE,41/02/012_,90007,6.751208,38.411467,Valid
5,0.0,,913075724,Derese Asifa Belachew ,500262,6749877.85,38408819.62,ACTIVE,41/22/011_,90007,6.749878,38.40882,Valid
5,245.0,,969796114,Asnakech Deboch,500263,6750880.9,38411358.15,ACTIVE,4/12/2011,90007,6.750881,38.411358,Valid
5,0.0,,,Haimanot Mengesha,500264,6751176.4,38411194.22,Active,4/10/2012,90007,6.751176,38.411194,Valid
5,0.0,,926988263,Alemu Arera,500265,6751286.983,38411072.73,ACTIVE,41-22-011_,90007,6.751287,38.411073,Valid
5,0.0,,,Hailu Kassaye,500266,6750632.15,38411493.97,Active,4/10/2012,90007,6.750632,38.411494,Valid
5,248.0,,916108034,Admasu Demrew,500267,6750837.783,38411074.77,ACTIVE,4/12/2011,90007,6.750838,38.411075,Valid
5,0.0,,,Alemu Alisa,500268,6750858.35,38410979.47,Active,4/10/2012,90007,6.750858,38.410979,Valid
5,0.0,,,Zebiba Kedir,500269,6750955.35,38410855.23,Active,4/10/2012,90007,6.750955,38.410855,Valid
5,0.0,,916800300,Efrem Hailu,500270,6750931.483,38410806.35,ACTIVE,4/12/2011,90007,6.750931,38.410806,Valid
5,0.0,,916163650,Girma Guye,500271,6751124.5,38410768.13,ACTIVE,4/12/2011,90007,6.751125,38.410768,Valid
5,263.0,,926389272,Petros Yonas,500272,6751159.433,38410786.3,ACTIVE,4/12/2011,90007,6.751159,38.410786,Valid
5,0.0,,,Ageze Adato,500273,6750859.983,38410736.67,Active,4/10/2012,90007,6.75086,38.410737,Valid
5,0.0,,915597625,Tsedale Hunde ,500274,6750924.667,38410640.95,ACTIVE,4/12/2011,90007,6.750925,38.410641,Valid
5,0.0,,,Yusuf Shure,500275,6751075.767,38410557.22,Active,4/10/2012,90007,6.751076,38.410557,Valid
5,0.0,,916164243,Kedir Shifa,500276,6750922.767,38410544.63,ACTIVE,41/02/012_,90007,6.750923,38.410545,Valid
5,0.0,,,Anjilo Alenbo,500277,6751039.683,38410305.9,Active,4/10/2012,90007,6.75104,38.410306,Valid
5,0.0,,944133971,Yaekob Alito,500278,6750774.667,38409546.85,ACTIVE,4/12/2011,90007,6.750775,38.409547,Valid
5,0.0,,916333158,Teshoma Tesfaye,500279,6751031.483,38410361.0,ACTIVE,4/12/2011,90007,6.751031,38.410361,Valid
5,54.0,,938075585,Shibru Cherkos,500280,6749520.05,38408774.6,ACTIVE,41/02/012_,90007,6.74952,38.408775,Valid
5,0.0,,902076080,Etalema Tsege,500281,6749753.367,38410100.7,ACTIVE,41/02/012_,90007,6.749753,38.410101,Valid
5,53.0,,986489755,Aynalem Abebe,500282,6749600.517,38410074.67,ACTIVE,4/12/2011,90007,6.749601,38.410075,Valid
5,0.0,,,Demse Mena,500283,0.0,0.0,TERMINATE,4/10/2012,90007,,,Missing or Invalid GPS
5,51.0,,,Kassa Ayele,500284,6749795.217,38410004.02,Active,4/10/2012,90007,6.749795,38.410004,Valid
5,122.0,,,Kassa G/Yes,500285,6749759.85,38409778.87,Active,4/10/2012,90007,6.74976,38.409779,Valid
5,50.0,,930280328,Kassa G/Yes,500286,6749801.733,38409850.1,ACTIVE,4/12/2011,90007,6.749802,38.40985,Valid
5,49.0,,,Mestawet Taye,500287,6749548.017,38409710.02,Active,4/10/2012,90007,6.749548,38.40971,Valid
5,178.0,,916031896,Tigisit Aregay,500288,6749239.817,38409786.85,ACTIVE,4/12/2011,90007,6.74924,38.409787,Valid
5,179.0,,,Daniel Dawit,500289,6749473.05,38409886.85,ACTIVE,4/12/2011,90007,6.749473,38.409887,Valid
5,48.0,,,Fikadu Mulugeta,500290,6749679.0,38409456.82,Active,4/10/2012,90007,6.749679,38.409457,Valid
5,5.0,,916830158,Tamrat Hailu,500291,6749469.917,38409537.2,ACTIVE,4/12/2011,90007,6.74947,38.409537,Valid
5,0.0,,,Wube Berasa,500292,0.0,0.0,DISCONNECT,4/10/2012,90007,,,Missing or Invalid GPS
5,0.0,,916508604,Alemseged derso,500293,6749483.85,38409146.15,ACTIVE,4/12/2011,90007,6.749484,38.409146,Valid
5,45.0,,916608302,Hamere Abera,500294,6749485.95,38409067.98,ACTIVE,4/12/2011,90007,6.749486,38.409068,Valid
5,126.0,,916164425,Wodere Begashaw,500295,6749507.2,38408692.58,ACTIVE,41/22/011_,90007,6.749507,38.408693,Valid
5,60.0,,,Biyakoyegn Mekonnen,500296,6749641.933,38408763.82,Active,4/10/2012,90007,6.749642,38.408764,Valid
5,52.0,,916164040,Ayita Sherif,500297,6749840.5,38408938.62,ACTIVE,4/12/2011,90007,6.749841,38.408939,Valid
5,0.0,,,Solomon Haile,500298,6749281.0,38408846.05,Active,4/10/2012,90007,6.749281,38.408846,Valid
5,124.0,,,Legesse H/Meskel,500299,6749778.4,38408812.85,DISCONNECT,4/10/2012,90007,6.749778,38.408813,Valid
5,58.0,,,Kasun Balcha,500300,6749872.9,38408944.28,Active,4/10/2012,90007,6.749873,38.408944,Valid
5,139.0,,,Kelemuwa Begashaw,500301,6749150.383,38408535.67,Active,4/10/2012,90007,6.74915,38.408536,Valid
5,98.0,,,Demeckech Mitiku,500302,6749207.25,38408648.92,ACTIVE,4/12/2011,90007,6.749207,38.408649,Valid
5,0.0,,,Gesese Muse,500303,0.0,0.0,TERMINATE,4/10/2012,90007,,,Missing or Invalid GPS
5,0.0,,927153178,Kedriya Nasir,500304,6749133.6,38408564.38,ACTIVE,4/12/2011,90007,6.749134,38.408564,Valid
5,89.0,,916332742,Yeshi Asefa,500305,6749096.767,38408538.85,ACTIVE,41/02/012_,90007,6.749097,38.408539,Valid
5,88.0,,916043494,Emebet Tesfaye ,500306,6749053.183,38408540.45,ACTIVE,4/12/2011,90007,6.749053,38.40854,Valid
5,0.0,,941393162,Abebe Lebene,500307,6749037.75,38408411.05,ACTIVE,4/12/2011,90007,6.749038,38.408411,Valid
5,162.0,,934736217,Meseret Tilahun Hakamo,500308,6749089.883,38408437.77,ACTIVE,4/12/2011,90007,6.74909,38.408438,Valid
5,105.0,,,Ademe Argiso,500309,6749071.05,38408374.58,DISCONNECT,4/10/2012,90007,6.749071,38.408375,Valid
5,86.0,,911851764,Getu Tabota ,500310,6748983.717,38408364.18,ACTIVE,4/12/2011,90007,6.748984,38.408364,Valid
5,160.0,,913671512,Zerihun Negash,500311,6749339.517,38408188.5,ACTIVE,4/12/2011,90007,6.74934,38.408189,Valid
5,34.0,,,Meseret Tilahun,500312,6749520.05,38408774.6,Active,4/10/2012,90007,6.74952,38.408775,Valid
5,187.0,,,Shibru Desalegn,500313,6748890.833,38408022.35,Active,4/10/2012,90007,6.748891,38.408022,Valid
5,0.0,,910208844,Tirunesh Awgicho,500314,6749054.117,38408443.17,ACTIVE,4/12/2011,90007,6.749054,38.408443,Valid
5,578.0,,910187784,Dejene Kia,500315,6751016.883,38413726.8,ACTIVE,4/12/2011,90007,6.751017,38.413727,Valid
5,591.0,,,Demeckech Yimer,500316,6751242.217,38413843.53,Active,4/10/2012,90007,6.751242,38.413844,Valid
5,0.0,,,Habte Daniel,500317,6751310.133,38413867.55,Active,4/10/2012,90007,6.75131,38.413868,Valid
5,0.0,,916433948,Worknesh Musema,500318,6751035.583,38413870.58,ACTIVE,41/02/012_,90007,6.751036,38.413871,Valid
5,668.0,,911203289,Zelalem Waqeyo,500319,6751330.0,38414110.0,ACTIVE,41-22-011_,90007,6.75133,38.41411,Valid
5,425.0,,,Kenene Dingide,500320,6751757.317,38414034.72,Active,4/10/2012,90007,6.751757,38.414035,Valid
5,534.0,,,Deraro Kanasho,500321,6751667.817,38413909.77,Active,4/10/2012,90007,6.751668,38.41391,Valid
5,669.0,,968751285,Kassech Kayeso,500322,6751597.8,38414142.2,ACTIVE,4/12/2011,90007,6.751598,38.414142,Valid
5,403.0,,,Dinberu Wagiso,500323,6751884.667,38414080.45,Active,4/10/2012,90007,6.751885,38.41408,Valid
5,422.0,,,Basha Eshetu,500324,0.0,0.0,DISCONNECT,4/10/2012,90007,,,Missing or Invalid GPS
5,0.0,,993787779,Shewaye Tadesse,500325,0.0,0.0,DISCONNECT,4/12/2011,90007,,,Missing or Invalid GPS
5,685.0,,,Hailu Soresa,500326,0.0,0.0,DISCONNECT,4/10/2012,90007,,,Missing or Invalid GPS
5,676.0,,,Mesfin Kelbesa,500327,0.0,0.0,DISCONNECT,4/10/2012,90007,,,Missing or Invalid GPS
5,619.0,,916165407,Senbeto Degiso,500328,6752258.25,38414114.6,ACTIVE,4/12/2011,90007,6.752258,38.414115,Valid
5,678.0,,,Negash Beyene,500329,0.0,0.0,DISCONNECT,4/10/2012,90007,,,Missing or Invalid GPS
5,0.0,,,Derese Mengesha,500330,0.0,0.0,DISCONNECT,4/10/2012,90007,,,Missing or Invalid GPS
5,115.0,,,Girma Desiye,500331,6749126.917,38407721.92,ACTIVE,4/10/2012,90007,6.749127,38.407722,Valid
5,0.0,,,Adane Arfane,500332,6749143.45,38407611.55,ACTIVE,4/12/2011,90007,6.749143,38.407612,Valid
5,0.0,,,Gete Kebede,500333,6749344.0,38407712.4,Active,4/10/2012,90007,6.749344,38.407712,Valid
5,0.0,,916223343,Gullilat Gujo,500334,6749806.0,38407550.0,ACTIVE,41-22-011_,90007,6.749806,38.40755,Valid
5,0.0,,,Derbew Beyene,500335,0.0,0.0,TERMINATE,4/10/2012,90007,,,Missing or Invalid GPS
5,0.0,,,Hassen Sirgota,500336,6749511.367,38408076.55,Active,4/10/2012,90007,6.749511,38.408077,Valid
5,179.0,,923409286,Gizaw G/Yes,500337,6749619.75,38408120.08,ACTIVE,41/02/012_,90007,6.74962,38.40812,Valid
5,596.0,,,Molla G/Medhin,500338,6749531.45,38408093.67,Active,4/10/2012,90007,6.749531,38.408094,Valid
5,422.0,,9410048936,Eshete Zelelew,500339,6749602.55,38408309.73,ACTIVE,41/02/012_,90007,6.749603,38.40831,Valid
5,0.0,,,Tiruneh Desalegn,500340,0.0,0.0,DISCONNECT,4/10/2012,90007,,,Missing or Invalid GPS
5,0.0,,,Genet Negash,500341,6749906.633,38408795.53,Active,4/10/2012,90007,6.749907,38.408796,Valid
5,0.0,,,Beyene Gizaw,500342,6750248.65,38408596.85,Active,4/10/2012,90007,6.750249,38.408597,Valid
5,0.0,,993973269,Abebe Rabiso,500343,6750396.217,38408356.9,ACTIVE,4/12/2011,90007,6.750396,38.408357,Valid
5,79.0,,916288030,Basa Degaro,500344,6750280.133,38408711.75,ACTIVE,4/12/2011,90007,6.75028,38.408712,Valid
5,62.0,,916942394,Serkalem Adunya,500345,6750029.667,38408966.12,ACTIVE,41/02/012_,90007,6.75003,38.408966,Valid
5,91.0,,,Atsbha Woldu,500346,6750023.3,38408898.25,Active,4/10/2012,90007,6.750023,38.408898,Valid
5,256.0,,916023860,Elsabet Debebe,500347,6750617.083,38410294.67,ACTIVE,4/12/2011,90007,6.750617,38.410295,Valid
5,0.0,,901550143,Girma Birimo,500348,6750645.583,38410160.37,ACTIVE,4/12/2011,90007,6.750646,38.41016,Valid
5,0.0,,,Yonas Gota,500349,6750934.85,38410122.42,Active,4/10/2012,90007,6.750935,38.410122,Valid
5,0.0,,916067279,Wogederes Mamo,500350,6751062.967,38409893.4,ACTIVE,41/02/012_,90007,6.751063,38.409893,Valid
5,0.0,,,Bogale Argaw,500351,6750813.233,38409872.3,Active,4/10/2012,90007,6.750813,38.409872,Valid
5,0.0,,,Debebe Bekele,500352,0.0,0.0,DISCONNECT,4/10/2012,90007,,,Missing or Invalid GPS
5,890.0,,,Tsedalech Tesfaye,500353,6750956.25,38409761.28,Active,4/10/2012,90007,6.750956,38.409761,Valid
5,1074.0,,,Alemayehu Desta,500354,6750749.433,38409730.73,Active,4/10/2012,90007,6.750749,38.409731,Valid
5,508.0,,,T/Mariam Desalegn,500355,6750889.833,38409664.62,Active,4/10/2012,90007,6.75089,38.409665,Valid
5,0.0,,,Mitiku Osa,500356,6750695.283,38409573.18,Active,4/10/2012,90007,6.750695,38.409573,Valid
5,0.0,,,Amezench Bekele,500357,6750757.95,38409524.03,Active,4/10/2012,90007,6.750758,38.409524,Valid
5,0.0,,,Melesse Maru,500358,6750430.033,38408655.15,ACTIVE,4/10/2012,90007,6.75043,38.408655,Valid
5,0.0,,,Abebe B/Mariam,500359,6751525.833,38409151.35,Active,4/10/2012,90007,6.751526,38.409151,Valid
5,0.0,,,Tewawech Gebru,500360,6750822.583,38409118.32,Active,4/10/2012,90007,6.750823,38.409118,Valid
5,0.0,,,Fantaye Ejigu,500361,6750754.817,38409169.18,Active,4/10/2012,90007,6.750755,38.409169,Valid
5,0.0,,916830111,Zewdnesh Eshete,500362,6750624.85,38409432.0,ACTIVE,41/02/012_,90007,6.750625,38.409432,Valid
5,0.0,,910005895,Bekele H/Silasse,500363,6750530.417,38409406.37,ACTIVE,41/02/012_,90007,6.75053,38.409406,Valid
5,0.0,,,Legesse Abegaz,500364,0.0,0.0,DISCONNECT,4/10/2012,90007,,,Missing or Invalid GPS
5,0.0,,,T/Yohannes Fantahun,500365,6750567.967,38409185.95,Active,4/10/2012,90007,6.750568,38.409186,Valid
5,0.0,,,Basazinew Kebede,500366,6750757.283,38409010.57,Active,4/10/2012,90007,6.750757,38.409011,Valid
5,0.0,,,Yeshi Kasha,500367,6750370.75,38408954.45,Active,4/10/2012,90007,6.750371,38.408954,Valid
5,0.0,,911711934,Sharew Wubsheta,500368,6750443.067,38408666.57,ACTIVE,4/12/2011,90007,6.750443,38.408667,Valid
5,0.0,,,Mulu Zerihun,500369,6750617.517,38408788.35,Active,4/10/2012,90007,6.750618,38.408788,Valid
5,0.0,,,G/Kidan G/Michael,500370,6750797.767,38408575.2,Active,4/10/2012,90007,6.750798,38.408575,Valid
5,0.0,,,Meskele Mamo,500371,6744818.367,38407489.37,Active,4/10/2012,90007,6.744818,38.407489,Valid
5,143.0,,911711934,Temesgen Belachew,500372,6750887.683,38408422.17,ACTIVE,4/12/2011,90007,6.750888,38.408422,Valid
5,0.0,,,Samuel Dalecha,500373,0.0,0.0,DISCONNECT,4/12/2011,90007,,,Missing or Invalid GPS
5,0.0,,916069153,Ayele Kachara ,500374,6750241.483,38408264.75,ACTIVE,4/12/2011,90007,6.750241,38.408265,Valid
5,0.0,,,Tesfaye Mandefro,500375,6750215.883,38408094.68,Active,4/10/2012,90007,6.750216,38.408095,Valid
5,0.0,,,Gugsa Tesfaye,500376,0.0,0.0,DISCONNECT,4/10/2012,90007,,,Missing or Invalid GPS
5,0.0,,,W/Senbet Orisa,500377,0.0,0.0,TERMINATE,4/10/2012,90007,,,Missing or Invalid GPS
5,0.0,,912471856,Bizuneh Worku,500378,6751307.2,38408476.88,ACTIVE,4/12/2011,90007,6.751307,38.408477,Valid
5,0.0,,960919722,Demse Dengiso,500379,6751128.317,38408609.65,ACTIVE,4/12/2011,90007,6.751128,38.40861,Valid
5,0.0,,,Belete Metaferiya,500380,0.0,0.0,DISCONNECT,4/10/2012,90007,,,Missing or Invalid GPS
5,0.0,,989153728,Ahmedin Jemal,500381,6751457.617,38408711.83,ACTIVE,4/12/2011,90007,6.751458,38.408712,Valid
5,319.0,,,Lema Belayneh,500382,0.0,0.0,DISCONNECT,4/10/2012,90007,,,Missing or Invalid GPS
5,0.0,,,Lema G/Meskel,500383,0.0,0.0,DISCONNECT,4/10/2012,90007,,,Missing or Invalid GPS
5,0.0,,,Yihun Yunka,500384,6751691.483,38409951.28,Active,4/10/2012,90007,6.751691,38.409951,Valid
5,0.0,,,Tamru Wachebo,500385,0.0,0.0,DISCONNECT,4/10/2012,90007,,,Missing or Invalid GPS
5,276.0,,,Mesfin Desalegn,500386,6751780.65,38409767.05,Active,4/10/2012,90007,6.751781,38.409767,Valid
5,0.0,,916412275,Qelemuwa Abate ,500387,6751037.267,38409940.67,ACTIVE,4/12/2011,90007,6.751037,38.409941,Valid
5,0.0,,908924456,Wono Buchacha,500388,6751917.667,38410079.05,ACTIVE,41/02/012_,90007,6.751918,38.410079,Valid
5,0.0,,,Hagriso Findiga,500389,6751763.183,38410351.33,Active,4/10/2012,90007,6.751763,38.410351,Valid
5,0.0,,916332229,Desalegn Bezabih,500390,6751612.383,38410273.35,ACTIVE,41/02/012_,90007,6.751612,38.410273,Valid
5,0.0,,913052435,Kedir Mohamed,500391,6751624.35,38410464.77,ACTIVE,4/12/2011,90007,6.751624,38.410465,Valid
5,0.0,,910104906,Mohammed Shafi,500392,6751653.483,38410434.53,ACTIVE,41/02/012_,90007,6.751653,38.410435,Valid
5,0.0,,,Eliyas Alemayehu,500393,6751831.733,38410515.98,Active,4/10/2012,90007,6.751832,38.410516,Valid
5,0.0,,,Genene Argeta,500394,6751749.55,38410710.95,Active,4/10/2012,90007,6.75175,38.410711,Valid
5,0.0,,996762540,Mekuriya Mecho,500395,6751649.783,38410713.02,ACTIVE,4/12/2011,90007,6.75165,38.410713,Valid
5,0.0,,,Teshoma Keta,500396,6751867.283,38410762.25,Active,4/10/2012,90007,6.751867,38.410762,Valid
5,0.0,,,Abserash Mushira,500397,6751677.3,38410843.17,Active,4/10/2012,90007,6.751677,38.410843,Valid
5,0.0,,,Gadisa Garamo,500398,6751740.5,38411001.27,Active,4/10/2012,90007,6.751741,38.411001,Valid
5,0.0,,916169453,Daniel Mulugeta ,500399,6751951.917,38410927.7,ACTIVE,4/12/2011,90007,6.751952,38.410928,Valid
5,0.0,,916164405,Kifle Yilma,500400,6751680.4,38411306.47,ACTIVE,41/22/011_,90007,6.75168,38.411306,Valid
5,0.0,,919662538,Sewunet Mulugeta ,500401,6751972.783,38411431.02,ACTIVE,4/12/2011,90007,6.751973,38.411431,Valid
5,0.0,,916165526,Anteneh Girma,500402,6752002.483,38411700.45,ACTIVE,4/12/2011,90007,6.752002,38.4117,Valid
5,0.0,,,Tsega Alemayehu,500403,6751723.367,38411392.42,Active,4/10/2012,90007,6.751723,38.411392,Valid
5,0.0,,925718957,Teshome Galfato ,500404,6751974.95,38411280.1,ACTIVE,4/12/2011,90007,6.751975,38.41128,Valid
5,0.0,,926987911,Mindaye Tsegaye,500405,6751791.517,38411665.93,ACTIVE,41/02/012_,90007,6.751792,38.411666,Valid
5,0.0,,,Terefe Mame,500406,6751889.267,38411984.13,Active,4/10/2012,90007,6.751889,38.411984,Valid
5,0.0,,911854358,Kefelegn W/Argaye,500407,6752057.967,38411803.42,ACTIVE,4/12/2011,90007,6.752058,38.411803,Valid
5,0.0,,916515543,Birhanu Bimbawu,500408,6751972.25,38411861.6,ACTIVE,4/12/2011,90007,6.751972,38.411862,Valid
5,0.0,,916580761,Tizita Tilahun,500409,6751872.383,38411377.55,ACTIVE,41/02/012_,90007,6.751872,38.411378,Valid
5,0.0,,,Beletech Gatiso,500410,6752060.133,38412183.17,ACTIVE,4/12/2011,90007,6.75206,38.412183,Valid
5,0.0,,916273451,Abebech Asele ,500411,6752348.6,38412414.13,ACTIVE,41/22/011_,90007,6.752349,38.412414,Valid
5,0.0,,948081960,Daniel Lencha,500412,6752447.7,38412589.48,ACTIVE,4/12/2011,90007,6.752448,38.412589,Valid
5,0.0,,,Getachew Lencho,500413,6752231.217,38412811.38,Active,4/10/2012,90007,6.752231,38.412811,Valid
5,0.0,,,Tadesse Tsegaye,500414,0.0,0.0,DISCONNECT,4/10/2012,90007,,,Missing or Invalid GPS
5,0.0,,911354102,Hailu Tilahun,500415,6752710.0,38406820.0,ACTIVE,41-02-012_,90007,6.75271,38.40682,Valid
5,0.0,,926998320,Shito Kebede,500416,6752224.967,38407043.17,ACTIVE,4/12/2011,90007,6.752225,38.407043,Valid
5,0.0,,,Misale Tsege,500417,6752364.083,38407139.92,ACTIVE,4/10/2012,90007,6.752364,38.40714,Valid
5,0.0,,916807636,Tesfaye Kumo,500418,6752210.8,38407300.03,ACTIVE,4/12/2011,90007,6.752211,38.4073,Valid
5,0.0,,,Legesse Hanka,500419,6752221.683,38407321.52,Active,4/10/2012,90007,6.752222,38.407322,Valid
5,0.0,,916433541,Asefa Konso,500420,6752295.983,38407434.72,ACTIVE,4/12/2011,90007,6.752296,38.407435,Valid
5,0.0,,,Kibebew Dekamo,500421,6751232.567,38408735.42,Active,4/10/2012,90007,6.751233,38.408735,Valid
5,0.0,,916164946,Weliyu Zeyine ,500422,6752308.45,38407243.07,ACTIVE,4/12/2011,90007,6.752308,38.407243,Valid
5,0.0,,,Bekele Kia,500423,6752352.267,38407916.47,ACTIVE,4/10/2012,90007,6.752352,38.407916,Valid
5,0.0,,,Mengistu Mamo,500424,6752695.35,38408306.37,Active,4/10/2012,90007,6.752695,38.408306,Valid
5,0.0,,916501508,Tefera Tekola,500425,6752626.583,38407976.78,ACTIVE,4/12/2011,90007,6.752627,38.407977,Valid
5,0.0,,,Selamawit Nuri,500426,6753642.45,38407731.12,Active,4/10/2012,90007,6.753642,38.407731,Valid
5,0.0,,916165384,Petros Beta,500427,6753279.467,38408002.02,ACTIVE,4/12/2011,90007,6.753279,38.408002,Valid
5,0.0,,,Aster Godana,500428,6752868.683,38407463.98,Active,4/10/2012,90007,6.752869,38.407464,Valid
5,0.0,,,Dide Dima,500429,6752859.65,38407375.47,Active,4/10/2012,90007,6.75286,38.407375,Valid
5,0.0,,911755563,Girma Kirba,500430,6752922.8,38407392.32,ACTIVE,41/02/012_,90007,6.752923,38.407392,Valid
5,0.0,,,Adanech Efrem,500431,6752955.433,38407268.62,ACTIVE,4/10/2012,90007,6.752955,38.407269,Valid
5,0.0,,916923590,Bekele Berasa,500432,6752939.683,38407287.43,ACTIVE,4/12/2011,90007,6.75294,38.407287,Valid
5,0.0,,,Yaekob Hanfato,500433,6752768.267,38407221.05,Active,4/10/2012,90007,6.752768,38.407221,Valid
5,0.0,,,Shala Dingeto,500434,6752860.317,38407156.2,Active,4/10/2012,90007,6.75286,38.407156,Valid
5,0.0,,,Mulugeta Motosa,500435,6752757.133,38407000.22,Active,4/10/2012,90007,6.752757,38.407,Valid
5,0.0,,916162838,Tamru Tadele ,500436,6752811.867,38406945.42,ACTIVE,41/02/012_,90007,6.752812,38.406945,Valid
5,0.0,,,Goa Ganole,500437,6753215.85,38406744.18,Active,4/10/2012,90007,6.753216,38.406744,Valid
5,0.0,,916152005,Daniel Haro,500438,6753046.65,38408468.28,ACTIVE,41/02/012_,90007,6.753047,38.408468,Valid
5,0.0,,,Yohannes Daniel,500439,0.0,0.0,DISCONNECT,4/10/2012,90007,,,Missing or Invalid GPS
5,0.0,,,Yimenyushal Demse,500440,0.0,0.0,TERMINATE,4/10/2012,90007,,,Missing or Invalid GPS
5,0.0,,,Kassa Adisu,500441,0.0,0.0,TERMINATE,4/10/2012,90007,,,Missing or Invalid GPS
5,0.0,,,Tesfaye Motora,500442,6753369.117,38406909.22,Active,4/10/2012,90007,6.753369,38.406909,Valid
5,0.0,,,Zelalem Dereje,500443,0.0,0.0,TERMINATE,4/10/2012,90007,,,Missing or Invalid GPS
5,0.0,,926523979,Melkamu Kebede,500444,6753467.717,38407067.65,DISCONNECT,4/12/2011,90007,6.753468,38.407068,Valid
5,0.0,,908944536,Kebede Kaye,500445,6753264.333,38406666.95,ACTIVE,4/12/2011,90007,6.753264,38.406667,Valid
5,0.0,,,Petros Dubso,500446,0.0,0.0,DISCONNECT,4/10/2012,90007,,,Missing or Invalid GPS
5,0.0,,,Milkiyas Bokansa,500447,0.0,0.0,DISCONNECT,4/10/2012,90007,,,Missing or Invalid GPS
5,0.0,,916808816,Matiwos Tadesse,500448,6750086.633,38409514.73,ACTIVE,4/12/2011,90007,6.750087,38.409515,Valid
5,0.0,,924455908,Adinet Tesfaye,500449,6750209.183,38409716.12,ACTIVE,4/12/2011,90007,6.750209,38.409716,Valid
5,0.0,,,Kemal Jemal,500450,0.0,0.0,TERMINATE,4/10/2012,90007,,,Missing or Invalid GPS
5,0.0,,,Ayele G/Tsadiq,500451,0.0,0.0,TERMINATE,4/10/2012,90007,,,Missing or Invalid GPS
5,0.0,,939170735,Abera Angaso,500452,6753751.117,38408105.85,ACTIVE,4/12/2011,90007,6.753751,38.408106,Valid
5,0.0,,928903878,Nasir Kedir,500453,6752924.083,38407073.68,ACTIVE,4/12/2011,90007,6.752924,38.407074,Valid
5,0.0,,,Desalegn Danka,500454,0.0,0.0,TERMINATE,4/10/2012,90007,,,Missing or Invalid GPS
5,0.0,,,Doctor Kabiso,500455,6753444.5,38407292.35,ACTIVE,4/10/2012,90007,6.753444,38.407292,Valid
5,0.0,,,Mekonnen Bekele,500456,6753479.833,38407493.9,Active,4/10/2012,90007,6.75348,38.407494,Valid
5,0.0,,,Dubale Duresa,500457,6753530.3,38407521.22,Active,4/10/2012,90007,6.75353,38.407521,Valid
5,0.0,,,Gemechu Tiba,500458,0.0,0.0,TERMINATE,4/10/2012,90007,,,Missing or Invalid GPS
5,0.0,,913482026,Bekele Kia,500459,6752992.967,38408315.3,ACTIVE,41/02/012_,90007,6.752993,38.408315,Valid
5,0.0,,,Degefe Senbaba,500460,0.0,0.0,TERMINATE,4/10/2012,90007,,,Missing or Invalid GPS
5,0.0,,916332166,Argeta Jilo,500461,6753665.517,38408004.8,ACTIVE,4/12/2011,90007,6.753666,38.408005,Valid
5,0.0,,901553474,Kema Kayamo,500462,6753794.817,38408296.77,ACTIVE,4/12/2011,90007,6.753795,38.408297,Valid
5,0.0,,,Simeon Tobe,500463,0.0,0.0,TERMINATE,4/10/2012,90007,,,Missing or Invalid GPS
5,0.0,,934233424,Tesfaye Kifle,500464,6753276.0,38408167.03,ACTIVE,41/02/012_,90007,6.753276,38.408167,Valid
5,0.0,,916371463,Shurbe Tafese,500465,6753944.283,38408181.67,ACTIVE,4/12/2011,90007,6.753944,38.408182,Valid
5,0.0,,,Yenenesh Bezu,500466,6753649.667,38408227.42,Active,4/10/2012,90007,6.75365,38.408227,Valid
5,0.0,,920200564,Abraham Bekele,500467,6753729.95,38408394.93,ACTIVE,41/02/012_,90007,6.75373,38.408395,Valid
5,0.0,,,Eliyas Worana,500468,6753599.633,38408774.13,ACTIVE,4/10/2012,90007,6.7536,38.408774,Valid
5,0.0,,,Ganura Gae,500469,6753612.567,38408614.27,Active,4/10/2012,90007,6.753613,38.408614,Valid
5,0.0,,,Zerihun Roma,500470,6753771.567,38408654.45,Active,4/10/2012,90007,6.753772,38.408654,Valid
5,0.0,,916374517,Tumicha Tule,500471,6753720.067,38408756.72,ACTIVE,4/12/2011,90007,6.75372,38.408757,Valid
5,0.0,,962852146,Filagot Zewuge,500472,6753583.767,38408748.93,ACTIVE,4/12/2011,90007,6.753584,38.408749,Valid
5,0.0,,916164649,Workagen Haleshet,500473,6753652.35,38408884.63,ACTIVE,4/12/2011,90007,6.753652,38.408885,Valid
5,0.0,,924655421,Fikire Beyene ,500474,6753756.283,38408227.05,ACTIVE,41-02-012_,90007,6.753756,38.408227,Valid
5,0.0,,931553492,Bogale Borsamo,500475,6753740.5,38409088.83,DISCONNECT,41-02-012_,90007,6.753741,38.409089,Valid
5,0.0,,,Tezera Sintayehu,500476,6753578.35,38408961.0,Active,4/10/2012,90007,6.753578,38.408961,Valid
5,0.0,,,Ayelech G/Ab,500477,6753701.533,38409058.28,Active,4/10/2012,90007,6.753702,38.409058,Valid
5,0.0,,916169018,Yumra Yurke,500478,6752880.133,38414368.48,ACTIVE,4/12/2011,90007,6.75288,38.414368,Valid
5,0.0,,,Beza W/Association,500479,0.0,0.0,DISCONNECT,4/10/2012,90007,,,Missing or Invalid GPS
5,0.0,,916333012,Kedir Ahmedin,500480,6748977.1,38409223.68,ACTIVE,41/02/012_,90007,6.748977,38.409224,Valid
5,0.0,,916809876,Ahza Ibraheem,500481,6749056.1,38408435.9,ACTIVE,4/12/2011,90007,6.749056,38.408436,Valid
5,0.0,,,Tesfaye Gutema,500482,6750880.85,38412338.42,ACTIVE,4/10/2012,90007,6.750881,38.412338,Valid
5,0.0,,,Tamrat Yurke,500483,6748840.833,38409798.88,DISCONNECT,4/12/2011,90007,6.748841,38.409799,Valid
5,0.0,,935933615,muhidin Nasir,500484,6752441.517,38415179.55,ACTIVE,4/12/2011,90007,6.752442,38.41518,Valid
5,0.0,,,Mimi Dora,500485,6751273.283,38409912.43,Active,4/10/2012,90007,6.751273,38.409912,Valid
5,0.0,,,Abebe G/Medhin,500486,6750768.3,38409343.95,Active,4/10/2012,90007,6.750768,38.409344,Valid
5,0.0,,,Adane Arfane,500487,6753053.667,38410376.4,Active,4/10/2012,90007,6.753054,38.410376,Valid
5,0.0,,,Abezaz Harso,500488,6749246.283,38408816.97,ACTIVE,4/12/2011,90007,6.749246,38.408817,Valid
5,0.0,,,Adisu Asefa,500489,0.0,0.0,DISCONNECT,4/10/2012,90007,,,Missing or Invalid GPS
5,0.0,,,Wobetu Endiriyas,500490,6752847.367,38414235.48,Active,4/10/2012,90007,6.752847,38.414235,Valid
5,0.0,,916360037,Aynalem Abebe,500491,6748480.95,38408338.52,ACTIVE,41/22/011_,90007,6.748481,38.408339,Valid
5,0.0,,913744571,Bogale Boe,500492,6752928.85,38408466.97,ACTIVE,4/12/2011,90007,6.752929,38.408467,Valid
5,0.0,,934735457,Basazin Kebede,500493,6750072.217,38412478.63,ACTIVE,4/12/2011,90007,6.750072,38.412479,Valid
5,0.0,,,Matiwos Dana,500494,0.0,0.0,DISCONNECT,4/10/2012,90007,,,Missing or Invalid GPS
5,0.0,,916433552,Thomas Gebre,500495,6754317.667,38408629.83,ACTIVE,41/02/012_,90007,6.754318,38.40863,Valid
5,0.0,,916830219,Wondwu Wolde,500496,6753817.217,38412231.25,ACTIVE,4/12/2011,90007,6.753817,38.412231,Valid
5,0.0,,931393096,Ayele Habte,500497,6753243.567,38411053.73,ACTIVE,4/12/2011,90007,6.753244,38.411054,Valid
5,0.0,,916868069,Aklilu Yosef,500498,6752996.9,38410609.97,ACTIVE,41/22/011_,90007,6.752997,38.41061,Valid
5,0.0,,925649205,Kess Asefa Alito,500499,6753070.517,38410316.3,ACTIVE,41/02/012_,90007,6.753071,38.410316,Valid
5,0.0,,926206567,Roman Kebede Adiko,500500,6753584.85,38410789.13,ACTIVE,41/22/011_,90007,6.753585,38.410789,Valid
5,0.0,,,Ermiya Ayele,500501,6755817.917,38408973.27,Active,4/10/2012,90007,6.755818,38.408973,Valid
5,0.0,,,Tamrat Tadele,500502,6753285.917,38411059.3,DISCONNECT,4/10/2012,90007,6.753286,38.411059,Valid
5,0.0,,916039714,Daniel Mecho,500503,6754988.85,38409340.33,ACTIVE,4/12/2011,90007,6.754989,38.40934,Valid
5,0.0,,910857550,Hailu Hakaye,500504,6763204.45,38430883.38,ACTIVE,4/12/2011,90007,6.763204,38.430883,Valid
5,0.0,,916964146,Dinkinesh Amalo ,500505,6753418.7,38413897.97,ACTIVE,4/12/2011,90007,6.753419,38.413898,Valid
5,0.0,,926306141,Nigussie Nane,500506,6755465.75,38409425.88,ACTIVE,4/12/2011,90007,6.755466,38.409426,Valid
5,0.0,,936904018,Zekariyas Yohannes,500507,6755018.25,38409820.77,ACTIVE,41/02/012_,90007,6.755018,38.409821,Valid
5,0.0,,,Gezahegn Geremew,500508,6755200.4,38409802.08,Active,4/10/2012,90007,6.7552,38.409802,Valid
5,0.0,,,Sh/L Demse Wagol,500509,6754197.367,38410178.75,Active,4/10/2012,90007,6.754197,38.410179,Valid
5,0.0,,,Aselefech Batiso,500510,6753800.067,38410253.8,Active,4/10/2012,90007,6.7538,38.410254,Valid
5,0.0,,,Gesese Gebre,500511,6754339.333,38409517.63,DISCONNECT,4/10/2012,90007,6.754339,38.409518,Valid
5,0.0,,916164881,Bizuneh Fita ,500512,6753065.617,38410305.65,ACTIVE,4/12/2011,90007,6.753066,38.410306,Valid
5,0.0,,913536390,Dika Adato,500513,6753420.017,38409692.73,ACTIVE,41/02/012_,90007,6.75342,38.409693,Valid
5,0.0,,,Molla Yote,500514,6754357.467,38409254.35,Active,4/10/2012,90007,6.754357,38.409254,Valid
5,0.0,,,Endeshaw Yigezu,500515,6754212.533,38409934.42,Active,4/10/2012,90007,6.754213,38.409934,Valid
5,0.0,,,Solomon Adam,500516,6753683.683,38411271.05,Active,4/10/2012,90007,6.753684,38.411271,Valid
5,0.0,,,Workie Kake,500517,6753398.317,38410460.97,Active,4/10/2012,90007,6.753398,38.410461,Valid
5,0.0,,916022747,Tezera Shunana ,500518,6754284.9,38409618.87,ACTIVE,4/12/2011,90007,6.754285,38.409619,Valid
5,0.0,,,Melaku Demeke,500519,6755481.067,38408690.02,Active,4/10/2012,90007,6.755481,38.40869,Valid
5,0.0,,,Legesse Abegaz,500520,0.0,0.0,DISCONNECT,4/10/2012,90007,,,Missing or Invalid GPS
5,0.0,,,Petros Beta,500521,0.0,0.0,DISCONNECT,4/10/2012,90007,,,Missing or Invalid GPS
5,0.0,,939793351,Abdi Lale,500522,6751079.45,38407807.88,ACTIVE,41/02/012_,90007,6.751079,38.407808,Valid
5,0.0,,916075419,Yohannes Kore,500523,6752874.767,38413310.62,ACTIVE,4/12/2011,90007,6.752875,38.413311,Valid
5,0.0,,,Martha Sisay,500524,6748060.917,38409030.75,DISCONNECT,4/12/2011,90007,6.748061,38.409031,Valid
5,0.0,,975245581,Mulu Haile,500525,6748466.333,38408910.45,ACTIVE,4/12/2011,90007,6.748466,38.40891,Valid
5,0.0,,924886309,Haymanot Mergiya ,500526,6748628.817,38408758.6,ACTIVE,4/12/2011,90007,6.748629,38.408759,Valid
5,0.0,,,Gebre Bogale,500527,6748617.683,38409127.43,Active,4/10/2012,90007,6.748618,38.409127,Valid
5,0.0,,916851590,Anteneh Hebiso,500528,6753308.35,38411722.45,ACTIVE,4/12/2011,90007,6.753308,38.411722,Valid
5,0.0,,,Mena Gojebo,500529,6749249.633,38408729.88,Active,4/10/2012,90007,6.74925,38.40873,Valid
5,0.0,,926551988,Eliyas Argaw,500530,6750395.667,38415014.78,DISCONNECT,4/12/2011,90007,6.750396,38.415015,Valid
5,0.0,,,Jilo Tiro,500531,0.0,0.0,DISCONNECT,4/10/2012,90007,,,Missing or Invalid GPS
5,0.0,,985135682,Amarech Sahlu,500532,6752288.317,38408149.25,ACTIVE,4/12/2011,90007,6.752288,38.408149,Valid
5,0.0,,916075003,Teshale Findiga ,500533,6748965.617,38408249.65,ACTIVE,4/12/2011,90007,6.748966,38.40825,Valid
5,0.0,,,Ayele Adam,500534,6753329.133,38409366.45,Active,4/10/2012,90007,6.753329,38.409366,Valid
5,0.0,,916504705,Anaro Garno ,500535,6752074.167,38409348.35,ACTIVE,4/12/2011,90007,6.752074,38.409348,Valid
5,0.0,,,Zubeyda Abdela,500536,0.0,0.0,DISCONNECT,4/10/2012,90007,,,Missing or Invalid GPS
5,0.0,,916167690,Tareken Abate,500537,6752942.517,38411168.1,ACTIVE,4/12/2011,90007,6.752943,38.411168,Valid
5,0.0,,986491405,Asefa Hailu,500538,6753119.0,38414119.43,ACTIVE,41/02/012_,90007,6.753119,38.414119,Valid
5,0.0,,,Hashim Hassen,500539,6752839.067,38411381.08,Active,4/10/2012,90007,6.752839,38.411381,Valid
5,0.0,,,Abush Yosef,500540,6750371.317,38413065.98,DISCONNECT,4/10/2012,90007,6.750371,38.413066,Valid
5,0.0,,916306989,Endeshaw Kebede,500541,6752685.583,38414515.27,ACTIVE,4/12/2011,90007,6.752686,38.414515,Valid
5,0.0,,,Shurbicha Giriso,500542,6753650.217,38408408.97,Active,4/10/2012,90007,6.75365,38.408409,Valid
5,0.0,,,Mesafint Takele,500543,6753141.633,38411683.77,Active,4/10/2012,90007,6.753142,38.411684,Valid
5,0.0,,916022274,Ashenkaki Zerihun,500544,6750471.0,38413765.88,ACTIVE,4/12/2011,90007,6.750471,38.413766,Valid
5,0.0,,,Kure Soresa,500545,6750593.117,38408533.82,ACTIVE,4/12/2011,90007,6.750593,38.408534,Valid
5,0.0,,916643054,Asefa Harka,500546,6752692.083,38411038.47,ACTIVE,4/12/2011,90007,6.752692,38.411038,Valid
5,0.0,,,Tamrat Tafese,500547,0.0,0.0,DISCONNECT,4/10/2012,90007,,,Missing or Invalid GPS
5,0.0,,943975082,Kelemuwa Dirba,500548,6748690.583,38409202.1,ACTIVE,41/22/011_,90007,6.748691,38.409202,Valid
5,0.0,,984149247,Tesfaye Dukemo,500549,6752290.45,38409963.47,ACTIVE,4/12/2011,90007,6.75229,38.409963,Valid
5,0.0,,,Beyene Berasa,500550,6753567.117,38409188.83,Active,4/10/2012,90007,6.753567,38.409189,Valid
5,0.0,,925592697,Dansamo Kamiso,500551,6755770.717,38408602.62,ACTIVE,41/02/012_,90007,6.755771,38.408603,Valid
5,0.0,,,Bire Legamo,500552,6754217.55,38410024.3,Active,4/10/2012,90007,6.754218,38.410024,Valid
5,0.0,,916078715,Yohannes Hargamo,500553,6753445.567,38409883.55,ACTIVE,4/12/2011,90007,6.753446,38.409884,Valid
5,0.0,,979631271,Horsa Godebo,500554,6753976.883,38411263.65,ACTIVE,41/02/012_,90007,6.753977,38.411264,Valid
5,0.0,,926323942,Fikadu Bimbo,500555,6754867.267,38409941.45,ACTIVE,4/12/2011,90007,6.754867,38.409941,Valid
5,0.0,,,Tariku Entako,500556,6754141.633,38410917.8,Active,4/10/2012,90007,6.754142,38.410918,Valid
5,0.0,,953360403,S/Michael Gobaro,500557,6754892.217,38409343.47,ACTIVE,41/02/012_,90007,6.754892,38.409343,Valid
5,0.0,,,Daniel Zeleke,500558,6753413.683,38410546.52,ACTIVE,4/10/2012,90007,6.753414,38.410547,Valid
5,0.0,,,Wolansa Darego,500559,6754756.167,38410005.7,Active,4/10/2012,90007,6.754756,38.410006,Valid
5,0.0,,927089250,Biliso Birga,500560,6753388.6,38410761.6,ACTIVE,4/12/2011,90007,6.753389,38.410762,Valid
5,0.0,,916244504,Bogale Hankalo,500561,6755807.8,38408758.53,ACTIVE,41/02/012_,90007,6.755808,38.408759,Valid
5,0.0,,916168850,Eliyas Buka,500562,6752881.7,38410516.22,ACTIVE,41/22/011_,90007,6.752882,38.410516,Valid
5,0.0,,913884528,Zinash Hailu,500563,6753557.467,38409891.08,ACTIVE,41/02/012_,90007,6.753557,38.409891,Valid
5,0.0,,,Bekelech Mergiya,500564,6750416.083,38410384.48,Active,4/10/2012,90007,6.750416,38.410384,Valid
5,0.0,,,Mengesha Simeno,500565,6753446.6,38409771.03,Active,4/10/2012,90007,6.753447,38.409771,Valid
5,0.0,,,Nigist Demeke,500566,6754214.133,38409798.12,ACTIVE,4/12/2011,90007,6.754214,38.409798,Valid
5,0.0,,,Regassa Giletew,500567,6753083.083,38410057.63,Active,4/10/2012,90007,6.753083,38.410058,Valid
5,0.0,,,Firew Kasahun,500568,6753982.85,38410233.0,Active,4/10/2012,90007,6.753983,38.410233,Valid
5,0.0,,916333171,Beyene Luku,500569,6754938.25,38409137.12,ACTIVE,4/12/2011,90007,6.754938,38.409137,Valid
5,0.0,,,Germamo Gerje,500570,6754214.35,38410303.57,Active,4/10/2012,90007,6.754214,38.410304,Valid
5,0.0,,916664189,Kebede Adem ,500571,6755440.233,38409291.7,ACTIVE,4/12/2011,90007,6.75544,38.409292,Valid
5,0.0,,,Teacher Hailu Hansaro,500572,6753863.033,38410240.37,ACTIVE,4/10/2012,90007,6.753863,38.41024,Valid
5,0.0,,,Mesfin Shune,500573,6755360.867,38409584.32,Active,4/10/2012,90007,6.755361,38.409584,Valid
5,0.0,,,Tadele Dedaniso,500574,6754960.667,38409483.78,Active,4/10/2012,90007,6.754961,38.409484,Valid
5,0.0,,949218366,Fantu Bekele  ,500575,6748676.6,38408833.13,ACTIVE,4/12/2011,90007,6.748677,38.408833,Valid
5,0.0,,,Tesfaye Berasa,500576,0.0,0.0,TERMINATE,4/10/2012,90007,,,Missing or Invalid GPS
5,0.0,,,Tezera Tesfaye,500577,6754104.033,38411443.93,Active,4/10/2012,90007,6.754104,38.411444,Valid
5,0.0,,,Tsegaye Hailu,500578,6753135.8,38412279.72,ACTIVE,4/10/2012,90007,6.753136,38.41228,Valid
5,0.0,,936904922,Alemayehu Adisu,500579,6753028.183,38409767.62,ACTIVE,4/12/2011,90007,6.753028,38.409768,Valid
5,0.0,,916103096,Derese Hafita,500580,6754891.267,38409622.98,ACTIVE,4/12/2011,90007,6.754891,38.409623,Valid
5,0.0,,916312045,Abebech Tefera ,500581,6752979.367,38410242.83,ACTIVE,4/12/2011,90007,6.752979,38.410243,Valid
5,0.0,,906096446,Asfaw Jaji,500582,6754878.5,38409862.0,ACTIVE,4/12/2011,90007,6.754879,38.409862,Valid
5,0.0,,916165806,Taye Kemal,500583,6754601.55,38409808.95,ACTIVE,4/12/2011,90007,6.754602,38.409809,Valid
5,0.0,,916809239,Almaz Adam,500584,6753504.483,38410298.15,ACTIVE,4/12/2011,90007,6.753504,38.410298,Valid
5,0.0,,938622840,Daniel Yete,500585,6754858.767,38409459.38,ACTIVE,4/12/2011,90007,6.754859,38.409459,Valid
5,0.0,,931549362,Genet Worku ,500586,6748530.617,38410819.98,ACTIVE,41/22/011_,90007,6.748531,38.41082,Valid
5,0.0,,,Feleke W/Tsadiq,500587,6748738.05,38409687.93,ACTIVE,4/12/2011,90007,6.748738,38.409688,Valid
5,0.0,,911825708,Yirgalem Reta ,500588,6748767.0,38409950.0,ACTIVE,41-22-011_,90007,6.748767,38.40995,Valid
5,0.0,,,Tirunesh Gonsemo,500589,6748875.217,38409990.5,ACTIVE,4/12/2011,90007,6.748875,38.40999,Valid
5,0.0,,,Hamelmal Ayele,500590,6749439.417,38409904.98,Active,4/10/2012,90007,6.749439,38.409905,Valid
5,0.0,,993787779,Shewaye Tadesse ,500591,6749147.267,38410121.22,ACTIVE,41-02-012_,90007,6.749147,38.410121,Valid
5,0.0,,,X. Bogale Tenkulu,500592,6748782.4,38410351.95,ACTIVE,4/12/2011,90007,6.748782,38.410352,Valid
5,0.0,,901553880,Atsede Desta,500593,6748824.1,38409818.6,ACTIVE,4/12/2011,90007,6.748824,38.409819,Valid
5,0.0,,919375334,Yeshi Birhanu,500594,6748742.083,38409684.73,ACTIVE,41/02/012_,90007,6.748742,38.409685,Valid
5,0.0,,983383482,Shalo senbeto ,500595,6748846.917,38410072.47,ACTIVE,41-02-012_,90007,6.748847,38.410072,Valid
5,0.0,,,Halala Kapesa,500596,6750978.933,38410078.4,ACTIVE,4/12/2011,90007,6.750979,38.410078,Valid
5,0.0,,,Elfenesh Solomon,500597,6749366.417,38411018.33,ACTIVE,4/12/2011,90007,6.749366,38.411018,Valid
5,0.0,,,Kedir Ahmed,500598,6749298.2,38411030.85,Active,4/10/2012,90007,6.749298,38.411031,Valid
5,0.0,,916050251,Andualem Tadese  ,500599,6749118.817,38411496.5,ACTIVE,4/12/2011,90007,6.749119,38.411496,Valid
5,0.0,,913275696,Tsehay Cherinet,500600,6749310.833,38411538.75,ACTIVE,41/02/012_,90007,6.749311,38.411539,Valid
5,0.0,,916374545,Arga Hewiso,500601,6749645.267,38411734.32,ACTIVE,41-22-011_,90007,6.749645,38.411734,Valid
5,0.0,,916517017,Yeshi Hailu ,500602,6749517.55,38411795.78,ACTIVE,41/22/011_,90007,6.749518,38.411796,Valid
5,0.0,,936449824,Senayit Semunigus ,500603,6749510.433,38411945.05,ACTIVE,4/12/2011,90007,6.74951,38.411945,Valid
5,0.0,,,Almaz Abebe,500604,6749549.817,38411714.52,Active,4/10/2012,90007,6.74955,38.411715,Valid
5,0.0,,916503966,Yosef Hariso,500605,6749390.1,38411944.62,ACTIVE,4/12/2011,90007,6.74939,38.411945,Valid
5,0.0,,963991937,Mengesha Asres,500606,6749638.167,38412011.15,ACTIVE,4/12/2011,90007,6.749638,38.412011,Valid
5,0.0,,,Bezabih H/Mariam,500607,6749596.083,38412491.15,Active,4/10/2012,90007,6.749596,38.412491,Valid
5,0.0,,,Aweke Abdela,500608,6749553.65,38411981.8,Active,4/10/2012,90007,6.749554,38.411982,Valid
5,0.0,,,Tesfaye Huriso,500609,6749539.583,38412284.82,Active,4/10/2012,90007,6.74954,38.412285,Valid
5,0.0,,912188703,H/Mariam Dulecha,500610,6749598.05,38412479.35,ACTIVE,4/12/2011,90007,6.749598,38.412479,Valid
5,0.0,,,Yesemay Amlak Yakenawunal ,500611,6749684.0,38412591.13,ACTIVE,4/12/2011,90007,6.749684,38.412591,Valid
5,0.0,,916515819,Ersite Zeleke,500612,6749681.7,38412846.37,ACTIVE,4/12/2011,90007,6.749682,38.412846,Valid
5,0.0,,989545504,Tadelech Abebe,500613,6750115.35,38413629.88,ACTIVE,41/02/012_,90007,6.750115,38.41363,Valid
5,0.0,,,Tsege Gemechu,500614,6750059.5,38413692.87,Active,4/10/2012,90007,6.750059,38.413693,Valid
5,0.0,,916331523,Tsehay Debebe,500615,6749857.417,38413843.32,ACTIVE,4/12/2011,90007,6.749857,38.413843,Valid
5,0.0,,916336265,Atsede Yirdaw,500616,6750046.45,38413831.77,ACTIVE,41/02/012_,90007,6.750046,38.413832,Valid
5,0.0,,,Mesfin Tagele,500617,0.0,0.0,DISCONNECT,4/10/2012,90007,,,Missing or Invalid GPS
5,0.0,,,Denu Zewde,500618,6750122.617,38413978.53,Active,4/10/2012,90007,6.750123,38.413979,Valid
5,0.0,,926034635,Kemeriya Kedir,500619,6750127.65,38414072.35,ACTIVE,4/12/2011,90007,6.750128,38.414072,Valid
5,0.0,,916143677,Dawit Tino,500620,6752858.033,38410598.42,ACTIVE,4/12/2011,90007,6.752858,38.410598,Valid
5,0.0,,,Mena Danole,500621,6748933.833,38407804.32,Active,4/10/2012,90007,6.748934,38.407804,Valid
5,0.0,,938622781,Keredin Mohammed,500622,6753051.383,38414111.23,ACTIVE,4/12/2011,90007,6.753051,38.414111,Valid
5,0.0,,,Sata Mandedo,500623,6748836.867,38408744.52,Active,4/10/2012,90007,6.748837,38.408745,Valid
5,0.0,,,Hussein Temami,500624,6751988.883,38411173.33,ACTIVE,4/12/2011,90007,6.751989,38.411173,Valid
5,0.0,,,Etenesh Eshete,500625,6748679.15,38408943.07,Active,4/10/2012,90007,6.748679,38.408943,Valid
5,0.0,,,Kassech Fantu,500626,6749236.617,38408437.38,ACTIVE,4/12/2011,90007,6.749237,38.408437,Valid
5,0.0,,921900776,Bizunesh Elso,500627,6749846.483,38410177.67,ACTIVE,4/12/2011,90007,6.749846,38.410178,Valid
5,0.0,,,Batili Kamiso,500628,6750408.633,38410980.93,ACTIVE,4/12/2011,90007,6.750409,38.410981,Valid
5,0.0,,920997010,Petros Dubiso,500629,6754366.933,38409103.68,ACTIVE,4/12/2011,90007,6.754367,38.409104,Valid
5,0.0,,924394116,Tilahun Kanbe,500630,6753030.933,38409201.52,ACTIVE,41-02-012_,90007,6.753031,38.409202,Valid
5,0.0,,,Adisie Erdaloo,500631,6752973.083,38408996.63,ACTIVE,4/12/2011,90007,6.752973,38.408997,Valid
5,0.0,,,Shurbe Botonka,500632,6753060.717,38408166.62,Active,4/10/2012,90007,6.753061,38.408167,Valid
5,0.0,,,Aynalem Getachew,500633,6751729.4,38412763.63,Active,4/10/2012,90007,6.751729,38.412764,Valid
5,0.0,,934233634,Abay Angawu,500634,6749910.667,38413395.4,ACTIVE,4/12/2011,90007,6.749911,38.413395,Valid
5,0.0,,,Tariku Tadesse,500635,6754402.667,38409474.23,Active,4/10/2012,90007,6.754403,38.409474,Valid
5,0.0,,,Kassa Dubale,500636,6748540.95,38408616.72,ACTIVE,4/12/2011,90007,6.748541,38.408617,Valid
5,0.0,,949840781,Mengesha Yetera,500637,6754748.4,38409740.22,DISCONNECT,4/12/2011,90007,6.754748,38.40974,Valid
5,0.0,,916808767,Ashenafi Dibabe,500638,6754095.717,38411407.1,ACTIVE,4/12/2011,90007,6.754096,38.411407,Valid
5,0.0,,916641712,Demse Debela,500639,6752482.717,38415104.7,ACTIVE,4/12/2011,90007,6.752483,38.415105,Valid
5,0.0,,916078104,Habtamu Biru,500640,6754380.967,38408534.08,ACTIVE,4/12/2011,90007,6.754381,38.408534,Valid
5,0.0,,912075877,Ashenafi Daimo,500641,6753435.7,38411181.82,ACTIVE,4/12/2011,90007,6.753436,38.411182,Valid
5,0.0,,,Daniel Dareso,500642,0.0,0.0,DISCONNECT,4/10/2012,90007,,,Missing or Invalid GPS
5,0.0,,977864468,Tariku Boe,500643,6752938.483,38407552.92,ACTIVE,41/02/012_,90007,6.752938,38.407553,Valid
5,0.0,,,Aster Abebe,500644,0.0,0.0,DISCONNECT,4/10/2012,90007,,,Missing or Invalid GPS
5,0.0,,916164659,Tariku Eshetu,500645,6748970.9,38408247.1,ACTIVE,4/12/2011,90007,6.748971,38.408247,Valid
5,0.0,,,Tariku Barsamo,500646,6756071.8,38408774.03,Active,4/10/2012,90007,6.756072,38.408774,Valid
5,0.0,,,Shimelis Getahun,500647,6755685.7,38408809.35,Active,4/10/2012,90007,6.755686,38.408809,Valid
5,0.0,,,Y/A/K/Market Center,500648,0.0,0.0,DISCONNECT,4/10/2012,90007,,,Missing or Invalid GPS
5,0.0,,916317904,Bezabih G/Yes,500649,6749510.8,38411718.37,ACTIVE,41/02/012_,90007,6.749511,38.411718,Valid
5,0.0,,913351991,Melesse Arega,500650,6751100.7,38408229.12,ACTIVE,41/02/012_,90007,6.751101,38.408229,Valid
5,0.0,,910073573,Yeshi Ayele,500651,6753082.05,38407885.73,ACTIVE,4/12/2011,90007,6.753082,38.407886,Valid
5,0.0,,916851358,Tamru Kebede,500652,6752722.7,38414168.87,ACTIVE,4/12/2011,90007,6.752723,38.414169,Valid
5,0.0,,,Marta Kiyamo,500653,6750935.367,38408310.68,Active,4/10/2012,90007,6.750935,38.408311,Valid
5,0.0,,919375202,Mechal Abera ,500654,6749227.85,38408855.53,ACTIVE,4/12/2011,90007,6.749228,38.408856,Valid
5,0.0,,,Duresa Asefa,500655,6751651.933,38412600.98,Active,4/10/2012,90007,6.751652,38.412601,Valid
5,0.0,,969761337,Bereket Dechasa,500656,6752377.85,38410446.27,ACTIVE,4/12/2011,90007,6.752378,38.410446,Valid
5,0.0,,,Teshoma Yigezu,500657,6754926.133,38409227.08,Active,4/10/2012,90007,6.754926,38.409227,Valid
5,0.0,,,Yosef Dimato,500658,6755828.8,38408850.05,Active,4/10/2012,90007,6.755829,38.40885,Valid
5,0.0,,916165986,Girma Heliso,500659,6754386.25,38408447.27,ACTIVE,4/12/2011,90007,6.754386,38.408447,Valid
5,0.0,,916108928,Mirtinesh Tomas ,500660,6753851.7,38411318.38,ACTIVE,41-02-012_,90007,6.753852,38.411318,Valid
5,0.0,,916833389,Matiwos Burcho,500661,6754384.067,38408290.35,ACTIVE,41-02-012_,90007,6.754384,38.40829,Valid
5,0.0,,,Mengesha Hatiya,500662,0.0,0.0,TERMINATE,4/10/2012,90007,,,Missing or Invalid GPS
5,0.0,,,Deisa Gilato,500663,6755392.733,38409318.05,Active,4/10/2012,90007,6.755393,38.409318,Valid
5,0.0,,,Demse Dekamo,500664,6752375.4,38407596.47,Active,4/10/2012,90007,6.752375,38.407596,Valid
5,0.0,,,Abebaw Desta,500665,6751042.35,38408191.83,Active,4/10/2012,90007,6.751042,38.408192,Valid
5,0.0,,,Muse Hariso,500666,6750431.217,38414102.37,Active,4/10/2012,90007,6.750431,38.414102,Valid
5,,,913667407,Hayeso Hasso,500667,6750149.35,38411650.07,ACTIVE,4/12/2011,90007,6.750149,38.41165,Valid
5,,,,Tefera Bifato,500668,6751971.683,38408649.67,ACTIVE,4/10/2012,90007,6.751972,38.40865,Valid
5,,,,Kin/Kindergarten School,500669,6752129.617,38408810.25,Active,4/10/2012,90007,6.75213,38.40881,Valid
5,,,983506036,Habtamu Pawlos,500670,6751083.233,38408802.53,ACTIVE,4/12/2011,90007,6.751083,38.408803,Valid
5,,,,Kassa Leda,500671,6751175.617,38408853.88,Active,4/10/2012,90007,6.751176,38.408854,Valid
5,,,,Feleke Tesfaye,500672,0.0,0.0,TERMINATE,4/10/2012,90007,,,Missing or Invalid GPS
5,,,,Feleke Tesfaye,500673,6750538.517,38413731.68,Active,4/10/2012,90007,6.750539,38.413732,Valid
5,,,,Zenebe Worku,500674,6750623.283,38413727.85,Active,4/10/2012,90007,6.750623,38.413728,Valid
5,,,913025694,Aschalew Asefa,500675,6750632.4,38413868.32,ACTIVE,41/02/012_,90007,6.750632,38.413868,Valid
5,,,916830141,Tesfaye Desalegn,500676,6750324.767,38413581.7,ACTIVE,41-02-012_,90007,6.750325,38.413582,Valid
5,,,926196167,Mekonnen Bashir,500677,6750561.667,38413606.97,ACTIVE,41/02/012_,90007,6.750562,38.413607,Valid
5,,,974175759,Abera Angesew,500678,6750663.533,38413478.3,ACTIVE,4/12/2011,90007,6.750664,38.413478,Valid
5,,,,Minalu Tekola,500679,6750524.467,38413493.58,DISCONNECT,4/10/2012,90007,6.750524,38.413494,Valid
5,,,,Mulu Worku,500680,6750481.767,38413362.08,Active,4/10/2012,90007,6.750482,38.413362,Valid
5,,,,Adane Tesema,500681,6750815.45,38413185.95,Active,4/10/2012,90007,6.750815,38.413186,Valid
5,,,,Cambridge School,500682,6750344.683,38412850.48,Active,4/10/2012,90007,6.750345,38.41285,Valid
5,,,911007595,Cambridge School No. 2,500683,0.0,0.0,DISCONNECT,4/12/2011,90007,,,Missing or Invalid GPS
5,,,916516125,Yeshume Worku,500684,6750226.917,38412779.7,ACTIVE,4/12/2011,90007,6.750227,38.41278,Valid
5,,,916159618,Argeta Alito,500685,0.0,0.0,DISCONNECT,41/02/012_,90007,,,Missing or Invalid GPS
5,,,913813783,Tsegaye Mekuriya,500686,6752828.033,38410654.05,ACTIVE,4/12/2011,90007,6.752828,38.410654,Valid
5,,,,Gebru Hameso,500687,6752353.9,38410504.08,Active,4/10/2012,90007,6.752354,38.410504,Valid
5,,,922463113,Andinet Weldeab,500688,6752225.483,38410343.53,ACTIVE,4/12/2011,90007,6.752225,38.410344,Valid
5,,,964031044,Gebre Garsamo,500689,6752219.483,38410206.33,ACTIVE,4/12/2011,90007,6.752219,38.410206,Valid
5,,,912109715,Tesfaye Tule,500690,6752289.367,38410103.03,ACTIVE,4/12/2011,90007,6.752289,38.410103,Valid
5,,,986492440,Tafese Legamo,500691,6752308.9,38410042.73,ACTIVE,41/02/012_,90007,6.752309,38.410043,Valid
5,,,,Tesema Girma,500692,6752347.617,38409865.52,ACTIVE,4/12/2011,90007,6.752348,38.409866,Valid
5,,,,Manisa Mecho,500693,6753089.733,38409569.85,Active,4/10/2012,90007,6.75309,38.40957,Valid
5,,,913533687,Banja Berasa,500694,6751984.6,38409761.45,ACTIVE,4/12/2011,90007,6.751985,38.409761,Valid
5,,,,Thomas Toga,500695,6752116.183,38409594.38,ACTIVE,4/12/2011,90007,6.752116,38.409594,Valid
5,,,,Tesfaye Motosa,500696,6752020.35,38409168.38,Active,4/10/2012,90007,6.75202,38.409168,Valid
5,,,916331930,M/W/Church,500697,6752310.55,38409001.52,ACTIVE,41/02/012_,90007,6.752311,38.409002,Valid
5,,,931393383,Yenenesh Zeleke,500698,6751893.767,38409093.53,ACTIVE,4/12/2011,90007,6.751894,38.409094,Valid
5,,,924329310,Mamo Mamecha,500699,6751221.8,38408929.88,ACTIVE,4/12/2011,90007,6.751222,38.40893,Valid
5,,,911905908,Adugna Qabato ,500700,6751083.25,38409917.9,ACTIVE,4/12/2011,90007,6.751083,38.409918,Valid
5,,,926988352,Girma Jima,500701,6751339.6,38409059.28,ACTIVE,4/12/2011,90007,6.75134,38.409059,Valid
5,,,,Sultan Kedir,500702,6751315.917,38409033.77,Active,4/10/2012,90007,6.751316,38.409034,Valid
5,,,,Benya Tura,500703,6751435.833,38409162.78,Active,4/10/2012,90007,6.751436,38.409163,Valid
5,,,,Alemtshehay Bahiru,500704,6751299.317,38409379.52,Active,4/10/2012,90007,6.751299,38.40938,Valid
5,,,916170394,Fikadu Mulugeta,500705,6751292.867,38409398.15,ACTIVE,4/12/2011,90007,6.751293,38.409398,Valid
5,,,,Mahilet Teshoma ,500706,6751409.367,38409496.12,ACTIVE,4/12/2011,90007,6.751409,38.409496,Valid
5,,,916374610,Birtukan Bekele ,500707,6751073.45,38409918.12,ACTIVE,41-02-012_,90007,6.751073,38.409918,Valid
5,,,936462688,Zelalem Ayachew ,500708,6752375.917,38414201.93,ACTIVE,4/12/2011,90007,6.752376,38.414202,Valid
5,,,916503694,Asfaw Bedane,500709,6748907.05,38407884.27,ACTIVE,41/02/012_,90007,6.748907,38.407884,Valid
5,,,987168362,Belayneh Debeko,500710,6750262.25,38409868.8,ACTIVE,41/02/012_,90007,6.750262,38.409869,Valid
5,,,,Mamo Guyale,500711,6750053.35,38409199.65,Active,4/10/2012,90007,6.750053,38.4092,Valid
5,,,913354515,Ledemo Techane ,500712,6750179.867,38408951.87,ACTIVE,4/12/2011,90007,6.75018,38.408952,Valid
5,,,,Alemayehu Mekonnen,500713,6749842.983,38409064.1,Active,4/10/2012,90007,6.749843,38.409064,Valid
5,,,,Hailu Tadesse,500714,0.0,0.0,DISCONNECT,4/10/2012,90007,,,Missing or Invalid GPS
5,,,919694044,Hailu Hameso,500715,6752382.183,38410022.38,ACTIVE,4/12/2011,90007,6.752382,38.410022,Valid
5,,,,Daniel Shibru,500716,0.0,0.0,DISCONNECT,4/10/2012,90007,,,Missing or Invalid GPS
5,,,910373754,Meseret Zala,500717,6748766.833,38410126.03,ACTIVE,41/02/012_,90007,6.748767,38.410126,Valid
5,,,,Bonja Adane,500718,6753326.433,38410944.58,Active,4/10/2012,90007,6.753326,38.410945,Valid
5,,,,Dinke Ayele,500719,0.0,0.0,DISCONNECT,4/10/2012,90007,,,Missing or Invalid GPS
5,,,919734024,Petros Garsamo,500720,6754316.167,38409069.48,ACTIVE,4/12/2011,90007,6.754316,38.409069,Valid
5,,,920573189,Gezahegn Gebre,500721,6749587.667,38408187.72,ACTIVE,4/12/2011,90007,6.749588,38.408188,Valid
5,,,,Gugsa Tesfaye,500722,0.0,0.0,TERMINATE,4/10/2012,90007,,,Missing or Invalid GPS
5,,,,Bizuneh Worku,500723,0.0,0.0,DISCONNECT,4/10/2012,90007,,,Missing or Invalid GPS
5,,,,Demse Dengiso,500724,0.0,0.0,DISCONNECT,4/10/2012,90007,,,Missing or Invalid GPS
5,,,,Belete Metaferiya,500725,0.0,0.0,DISCONNECT,4/10/2012,90007,,,Missing or Invalid GPS
5,,,,Lema Belayneh,500726,0.0,0.0,DISCONNECT,4/10/2012,90007,,,Missing or Invalid GPS
5,,,,Lema G/Meskel,500727,0.0,0.0,DISCONNECT,4/10/2012,90007,,,Missing or Invalid GPS
5,,,,Yihun Yunka,500728,0.0,0.0,DISCONNECT,4/10/2012,90007,,,Missing or Invalid GPS
5,,,,Tamru Wachebo,500729,0.0,0.0,DISCONNECT,4/10/2012,90007,,,Missing or Invalid GPS
5,,,916168338,Gesese Gariso,500730,6750281.717,38412636.62,ACTIVE,4/12/2011,90007,6.750282,38.412637,Valid
5,,,,Tesfaye Dora,500731,6750413.817,38412557.93,Active,4/10/2012,90007,6.750414,38.412558,Valid
5,,,903092270,Markos G/Silasse,500732,6750384.5,38412410.83,ACTIVE,41/02/012_,90007,6.750385,38.412411,Valid
5,,,916164080,Bizunsh Hayile,500733,6750137.017,38412484.48,ACTIVE,4/12/2011,90007,6.750137,38.412484,Valid
5,,,,G/Hiwot Gebiso,500734,6750490.233,38413064.07,Active,4/10/2012,90007,6.75049,38.413064,Valid
5,,,941844227,Abera Nigussie,500735,6750364.833,38412191.83,ACTIVE,41/22/011_,90007,6.750365,38.412192,Valid
5,,,,Amelmal Bekele,500736,6750359.883,38411900.97,Active,4/10/2012,90007,6.75036,38.411901,Valid
5,,,,Mekete Fanta,500737,6749930.767,38411988.97,Active,4/10/2012,90007,6.749931,38.411989,Valid
5,,,,Dinke Ayele,500738,6750184.05,38412240.27,DISCONNECT,4/10/2012,90007,6.750184,38.41224,Valid
5,,,927103190,Mestawet Gidey,500739,6750390.883,38411937.75,ACTIVE,4/12/2011,90007,6.750391,38.411938,Valid
5,,,916000305,Mihiret Asefa ,500740,6750099.5,38411672.65,ACTIVE,4/12/2011,90007,6.7501,38.411673,Valid
5,,,926129557,Kasech Fantaye,500741,6748650.333,38408784.82,ACTIVE,4/12/2011,90007,6.74865,38.408785,Valid
5,,,,Gezahegn G/Yes,500742,0.0,0.0,DISCONNECT,4/10/2012,90007,,,Missing or Invalid GPS
5,,,,Bogale Amelo,500743,6752890.883,38414759.38,Active,4/10/2012,90007,6.752891,38.414759,Valid
5,,,,Daniel Dareso,500744,0.0,0.0,TERMINATE,4/10/2012,90007,,,Missing or Invalid GPS
5,,,913517501,Fikadu Petros,500745,6753502.017,38410100.32,ACTIVE,4/12/2011,90007,6.753502,38.4101,Valid
5,,,,Belay Bekele,500746,0.0,0.0,DISCONNECT,4/10/2012,90007,,,Missing or Invalid GPS
5,,,934708172,Abera Teterso ,500747,6753742.967,38410401.02,ACTIVE,4/12/2011,90007,6.753743,38.410401,Valid
5,,,,Fantu Gone,500748,0.0,0.0,DISCONNECT,4/10/2012,90007,,,Missing or Invalid GPS
5,,,923460846,Adanech Lidetu,500749,6754273.583,38411216.7,ACTIVE,41/02/012_,90007,6.754274,38.411217,Valid
5,,,942082731,Tadesse Dakamo,500750,6753567.117,38409188.83,ACTIVE,4/12/2011,90007,6.753567,38.409189,Valid
5,,,972320088,Yisehak Bekele,500751,6750503.367,38413271.12,ACTIVE,41/02/012_,90007,6.750503,38.413271,Valid
5,,,,Eliyas Kitesa,500752,6754922.317,38409206.5,Active,4/10/2012,90007,6.754922,38.409207,Valid
5,,,954787224,Demse Debela,500753,6752101.45,38407746.1,ACTIVE,4/12/2011,90007,6.752101,38.407746,Valid
5,,,,Wolete/Yes T/Yes,500754,6752128.45,38411177.93,Active,4/10/2012,90007,6.752128,38.411178,Valid
5,,,,Kess Kakabo Kamiso,500755,6752766.217,38412773.08,ACTIVE,4/12/2011,90007,6.752766,38.412773,Valid
5,,,916434320,Genene Degefe,500756,6751783.967,38410708.67,ACTIVE,41-02-012_,90007,6.751784,38.410709,Valid
5,,,,Muhdin Sala,500757,6754449.1,38409115.12,Active,4/10/2012,90007,6.754449,38.409115,Valid
5,,,916503649,Deraro Harka,500758,6749264.733,38411524.5,ACTIVE,4/12/2011,90007,6.749265,38.411524,Valid
5,,,,Mengesha Hatiya,500759,6753022.017,38408359.55,Active,4/10/2012,90007,6.753022,38.40836,Valid
5,,,926989302,Fantu Gone,500760,6753612.483,38409341.37,ACTIVE,41-02-012_,90007,6.753612,38.409341,Valid
5,,,,Y/Alem Technical/Vocational School,500761,6754267.883,38407683.07,Active,4/10/2012,90007,6.754268,38.407683,Valid
5,,,,Dale Woreda Council,500762,6751949.583,38412411.07,DISCONNECT,4/10/2012,90007,6.75195,38.412411,Valid
5,,,,Electric Power Office,500763,6749437.167,38412329.58,ACTIVE,4/10/2012,90007,6.749437,38.41233,Valid
5,,,,Yirgalem Town Administration,500764,6749869.367,38413835.53,ACTIVE,4/10/2012,90007,6.749869,38.413836,Valid
5,,,,Ministry of Finance,500765,6751073.45,38409918.12,ACTIVE,4/10/2012,90007,6.751073,38.409918,Valid
5,,,,Public Police,500766,6752412.117,38412138.82,ACTIVE,4/10/2012,90007,6.752412,38.412139,Valid
5,,,911596068,Telecommunication No. 2,500767,6750205.717,38414495.82,ACTIVE,4/12/2011,90007,6.750206,38.414496,Valid
5,,,,Dale Woreda Court No. 2,500768,6750838.533,38411998.55,ACTIVE,4/12/2011,90007,6.750839,38.411999,Valid
5,,,,Library,500769,6750048.017,38413632.58,Active,4/10/2012,90007,6.750048,38.413633,Valid
5,,,,Trade and Price Control,500770,6750278.667,38414654.38,ACTIVE,4/10/2012,90007,6.750279,38.414654,Valid
5,,,,Dilla Science College,500771,0.0,0.0,DISCONNECT,4/10/2012,90007,,,Missing or Invalid GPS
5,,,916941684,Health Station,500772,6751434.333,38415270.37,DISCONNECT,4/12/2011,90007,6.751434,38.41527,Valid
5,,,911596068,Telecommunication No. 1,500773,6750231.85,38414641.7,ACTIVE,4/12/2011,90007,6.750232,38.414642,Valid
5,,,,Yirgalem Technical and Vocational School,500774,0.0,0.0,DISCONNECT,4/10/2012,90007,,,Missing or Invalid GPS
5,,,,Municipality Savings No. 1,500775,6753006.617,38414281.98,DISCONNECT,4/10/2012,90007,6.753007,38.414282,Valid
5,,,,Municipality Savings No. 2,500776,6752869.833,38414499.5,ACTIVE,4/10/2012,90007,6.75287,38.414499,Valid
5,,,966901629,Bahira G/hiwot,500777,6752852.0,38414660.0,ACTIVE,41-22-011_,90007,6.752852,38.41466,Valid
5,,,916941684,Health Station Kebele 2,500778,6750229.467,38413825.93,DISCONNECT,4/12/2011,90007,6.750229,38.413826,Valid
5,455.0,,911066867,Tadese Yore,500779,6749004.3,38407959.18,ACTIVE,4/12/2011,90007,6.749004,38.407959,Valid
5,,,,Aynalem Biratu,500780,0.0,0.0,DISCONNECT,4/10/2012,90007,,,Missing or Invalid GPS
5,,,,Mamo Bilelign,500781,0.0,0.0,DISCONNECT,4/10/2012,90007,,,Missing or Invalid GPS
5,,,,Habtamu Harka,500782,0.0,0.0,TERMINATE,4/10/2012,90007,,,Missing or Invalid GPS
5,,,,Habtamu Harkecha,500783,0.0,0.0,TERMINATE,4/10/2012,90007,,,Missing or Invalid GPS
5,,,,Muhdin Sala,500784,0.0,0.0,TERMINATE,4/10/2012,90007,,,Missing or Invalid GPS
5,,,,Muhdin Sala,500785,0.0,0.0,TERMINATE,4/10/2012,90007,,,Missing or Invalid GPS
5,,,,W/Yes T/Yes,500786,0.0,0.0,TERMINATE,4/10/2012,90007,,,Missing or Invalid GPS
5,,,,W/Yes T/Yes,500787,0.0,0.0,TERMINATE,4/10/2012,90007,,,Missing or Invalid GPS
5,,,,Yohannes Harka,500788,0.0,0.0,TERMINATE,4/10/2012,90007,,,Missing or Invalid GPS
5,,,,Tsege Gemechu,500789,0.0,0.0,DISCONNECT,4/10/2012,90007,,,Missing or Invalid GPS
5,,,,Tadesse Dakamo,500790,0.0,0.0,TERMINATE,4/10/2012,90007,,,Missing or Invalid GPS
5,,,,Solomon Seyfu,500791,0.0,0.0,DISCONNECT,4/10/2012,90007,,,Missing or Invalid GPS
5,,,,Smeyneh Menjo,500792,0.0,0.0,DISCONNECT,4/10/2012,90007,,,Missing or Invalid GPS
5,,,,Daniel Shibru,500793,0.0,0.0,DISCONNECT,4/10/2012,90007,,,Missing or Invalid GPS
5,,,,Mamo Bilelign,500794,0.0,0.0,DISCONNECT,4/10/2012,90007,,,Missing or Invalid GPS
5,,,,Kebede Wubsheta,500795,6750363.567,38412764.62,Active,4/10/2012,90007,6.750364,38.412765,Valid
5,,,,Tiruneh Desalegn,500796,0.0,0.0,DISCONNECT,4/10/2012,90007,,,Missing or Invalid GPS
5,,,,Solomon Seyfu,500797,0.0,0.0,DISCONNECT,4/10/2012,90007,,,Missing or Invalid GPS
5,,,916504777,Roman Hansaro,500798,6750720.4,38411206.68,ACTIVE,41-22-011_,90007,6.75072,38.411207,Valid
5,,,912147907,Mengiste Abebe,500799,6750099.533,38412515.43,ACTIVE,4/12/2011,90007,6.7501,38.412515,Valid
5,,,,Abayneh Botala,500800,0.0,0.0,TERMINATE,4/10/2012,90007,,,Missing or Invalid GPS
5,,,,Deraro Harka,500801,0.0,0.0,TERMINATE,4/10/2012,90007,,,Missing or Invalid GPS
5,,,, Alebachew Adko,500802,0.0,0.0,TERMINATE,4/10/2012,90007,,,Missing or Invalid GPS
5,,,916049162,Meaza Siyum,500803,6752906.85,38412733.03,ACTIVE,41/02/012_,90007,6.752907,38.412733,Valid
5,,,,Lema Belayneh,500804,0.0,0.0,DISCONNECT,4/10/2012,90007,,,Missing or Invalid GPS
5,,,,Tadesse Tsegaye,500805,0.0,0.0,DISCONNECT,4/10/2012,90007,,,Missing or Invalid GPS
5,,,,Yohannes Daniel,500806,0.0,0.0,DISCONNECT,4/10/2012,90007,,,Missing or Invalid GPS
5,,,,Tamru Wachebo,500807,0.0,0.0,DISCONNECT,4/10/2012,90007,,,Missing or Invalid GPS
5,,,,Legesse Abegaz,500808,0.0,0.0,DISCONNECT,4/10/2012,90007,,,Missing or Invalid GPS
5,,,,Lema G/Meskel,500809,0.0,0.0,DISCONNECT,4/10/2012,90007,,,Missing or Invalid GPS
5,,,,Basha Eshetu,500810,0.0,0.0,DISCONNECT,4/10/2012,90007,,,Missing or Invalid GPS
5,,,,Mesele Dogiso,500811,0.0,0.0,DISCONNECT,4/10/2012,90007,,,Missing or Invalid GPS
5,,,,Hailu Soresa,500812,0.0,0.0,DISCONNECT,4/10/2012,90007,,,Missing or Invalid GPS
5,,,,Mesfin Kelbesa,500813,0.0,0.0,DISCONNECT,4/10/2012,90007,,,Missing or Invalid GPS
5,,,,Tamrat Tafese,500814,6752910.017,38410640.6,Active,4/10/2012,90007,6.75291,38.410641,Valid
5,,,,Aster Abebe,500815,6751807.283,38408225.88,Active,4/10/2012,90007,6.751807,38.408226,Valid
5,,,,Wondwosen Jemberu,500816,0.0,0.0,DISCONNECT,4/10/2012,90007,,,Missing or Invalid GPS
5,,,,Wondwosen Jemberu,500817,0.0,0.0,DISCONNECT,4/10/2012,90007,,,Missing or Invalid GPS
5,,,,Tesfaye Berasa,500818,0.0,0.0,DISCONNECT,4/10/2012,90007,,,Missing or Invalid GPS
5,,,939793351,Abdi Lale,500819,6753154.083,38411354.35,ACTIVE,4/12/2011,90007,6.753154,38.411354,Valid
5,,,,Tesfaye Tesiso Building Contractor,500820,0.0,0.0,DISCONNECT,4/10/2012,90007,,,Missing or Invalid GPS
5,,,,Yisak Bekele,500821,0.0,0.0,DISCONNECT,4/10/2012,90007,,,Missing or Invalid GPS
5,,,,Fikadu Petros,500822,0.0,0.0,DISCONNECT,4/10/2012,90007,,,Missing or Invalid GPS
5,,,,Mirga Mamo,500823,6753091.4,38411642.87,Active,4/10/2012,90007,6.753091,38.411643,Valid
5,,,,Gizaw Debola,500824,6755965.217,38408476.47,Active,4/10/2012,90007,6.755965,38.408476,Valid
5,,,916851790,Mamo Bilelign,500825,6750402.433,38410256.73,ACTIVE,4/12/2011,90007,6.750402,38.410257,Valid
5,,,916375252,Hirut Ferede ,500826,6748894.3,38407800.8,ACTIVE,4/12/2011,90007,6.748894,38.407801,Valid
5,,,,Smeyneh Menjo,500827,6752601.633,38412056.08,ACTIVE,4/10/2012,90007,6.752602,38.412056,Valid
5,,,,Lema Belayneh,500828,6751523.017,38409480.37,Active,4/10/2012,90007,6.751523,38.40948,Valid
5,,,926412607,Tadesse Tsegaye,500829,6752302.25,38413280.17,ACTIVE,4/12/2011,90007,6.752302,38.41328,Valid
5,,,909511324,Yohannes Daniel,500830,6753483.55,38409389.65,ACTIVE,4/12/2011,90007,6.753484,38.40939,Valid
5,,,977377584,Tamru Wachebo,500831,6751685.017,38410113.75,ACTIVE,4/12/2011,90007,6.751685,38.410114,Valid
5,,,,Legesse Abegaz,500832,6750567.4,38409245.47,Active,4/10/2012,90007,6.750567,38.409245,Valid
5,,,,Lema G/Meskel,500833,6751564.017,38409736.78,Active,4/10/2012,90007,6.751564,38.409737,Valid
5,,,,Basha Eshetu,500834,6751923.667,38414041.42,Active,4/10/2012,90007,6.751924,38.414041,Valid
5,,,,Mesele Dogiso,500835,6751945.467,38414079.7,Active,4/10/2012,90007,6.751945,38.41408,Valid
5,,,916374650,Hailu Soresa,500836,6752559.367,38414611.53,ACTIVE,4/12/2011,90007,6.752559,38.414612,Valid
5,,,,Mesfin Kelbesa,500837,6752104.517,38414137.08,Active,4/10/2012,90007,6.752105,38.414137,Valid
5,,,913368757,Wondwosen Jemberu,500838,6748485.15,38408115.9,ACTIVE,4/12/2011,90007,6.748485,38.408116,Valid
5,,,911150816,Tiruneh Desalegn,500839,6749589.75,38408521.47,ACTIVE,4/12/2011,90007,6.74959,38.408521,Valid
5,,,,Tibebework Tesfaye,500840,0.0,0.0,DISCONNECT,4/10/2012,90007,,,Missing or Invalid GPS
5,,,,Tegegn Gujo,500841,0.0,0.0,DISCONNECT,4/10/2012,90007,,,Missing or Invalid GPS
5,,,,Belete Metaferiya,500842,6751365.583,38408708.02,Active,4/10/2012,90007,6.751366,38.408708,Valid
5,,,,Tesfaye Berasa,500843,0.0,0.0,DISCONNECT,4/10/2012,90007,,,Missing or Invalid GPS
5,,,926355213,Desalegn Demire,500844,6753069.967,38412398.25,ACTIVE,4/12/2011,90007,6.75307,38.412398,Valid
5,,,916932627,Yohannes Harka,500845,6753050.883,38410031.7,ACTIVE,4/12/2011,90007,6.753051,38.410032,Valid
5,,,,Gizaw Dobola,500846,0.0,0.0,DISCONNECT,4/10/2012,90007,,,Missing or Invalid GPS
5,,,977496492,Tibebework Tesfaye,500847,6749513.033,38412208.32,ACTIVE,41/02/012_,90007,6.749513,38.412208,Valid
5,,,915597500,Tegegn Gujo,500848,6750516.95,38413336.85,ACTIVE,4/12/2011,90007,6.750517,38.413337,Valid
5,,,916536546,Mesfin Girma,500849,6754447.117,38409174.33,ACTIVE,4/12/2011,90007,6.754447,38.409174,Valid
5,,,939178843,Adisu Asefa,500850,6751575.4,38408037.93,ACTIVE,4/12/2011,90007,6.751575,38.408038,Valid
5,,,,Adisu Asefa,500851,0.0,0.0,DISCONNECT,4/10/2012,90007,,,Missing or Invalid GPS
5,,,926942020,Kidist Belay,500852,6751766.083,38411337.02,ACTIVE,4/12/2011,90007,6.751766,38.411337,Valid
5,,,,Daniel Shibru,500853,6753128.917,38411139.93,Active,4/10/2012,90007,6.753129,38.41114,Valid
5,,,916128043,Argeta Alito,500854,6750197.933,38412579.53,ACTIVE,4/12/2011,90007,6.750198,38.41258,Valid
5,,,,Tatek Leta,500855,6752297.35,38408187.8,DISCONNECT,4/10/2012,90007,6.752297,38.408188,Valid
6,,,,Gete Kebed,600718,6746990.9,38409500.55,ACTIVE,4/12/2011,90009,6.746991,38.409501,Valid
5,,,912748757,Dawit Wesola,500857,6753748.2,38411181.35,ACTIVE,4/12/2011,90007,6.753748,38.411181,Valid
5,,,932546501,Mitiku Kifle,500858,6752736.133,38410779.98,ACTIVE,4/12/2011,90007,6.752736,38.41078,Valid
5,,,,Wolde Bati,500859,6749780.4,38410432.2,Active,4/10/2012,90007,6.74978,38.410432,Valid
5,,,916375221,Adane Nema,500860,6753371.05,38411616.8,ACTIVE,4/12/2011,90007,6.753371,38.411617,Valid
5,,,926332777,Deribe Sankura,500861,6753494.383,38409942.38,ACTIVE,41/02/012_,90007,6.753494,38.409942,Valid
5,,,964032120,Seblewongul Lanka,500862,6752756.167,38413848.2,ACTIVE,41/02/012_,90007,6.752756,38.413848,Valid
5,,,916049619,Filate G/Giorgis,500863,6752720.417,38414741.17,ACTIVE,41/22/011_,90007,6.75272,38.414741,Valid
5,,,913449870,Sirmolo Reshid,500864,6750797.967,38407748.57,ACTIVE,4/12/2011,90007,6.750798,38.407749,Valid
5,,,916165422,Kechara Amelo,500865,6753811.017,38412191.63,ACTIVE,4/12/2011,90007,6.753811,38.412192,Valid
5,,,916433995,Matiyos Fate,500866,6750263.733,38414057.68,ACTIVE,41/22/011_,90007,6.750264,38.414058,Valid
5,,,,Markos Abate,500867,0.0,0.0,DISCONNECT,4/10/2012,90007,,,Missing or Invalid GPS
5,,,936462250,Ashenafi Dibabe,500868,6753374.85,38411327.27,ACTIVE,41/22/011_,90007,6.753375,38.411327,Valid
5,,,926998347,Eliyas Silo,500869,6755727.183,38408768.67,ACTIVE,41/02/012_,90007,6.755727,38.408769,Valid
5,,,,Tsehaynesh Nigussie,500870,6752659.617,38414608.93,Active,4/10/2012,90007,6.75266,38.414609,Valid
5,,,,Ancha Abayneh,500871,6753108.767,38410124.08,Active,4/10/2012,90007,6.753109,38.410124,Valid
5,,,,Argeta Gujo,500872,6753460.083,38409545.32,Active,4/10/2012,90007,6.75346,38.409545,Valid
5,,,939149384,Wubsheta Gesese,500873,6753261.367,38413031.33,ACTIVE,4/12/2011,90007,6.753261,38.413031,Valid
5,,,908945351,Zewditu Yohannes,500874,6753147.517,38412149.38,ACTIVE,4/12/2011,90007,6.753148,38.412149,Valid
5,,,,Asfaw Endeshaw,500875,6752742.033,38410879.4,Active,4/10/2012,90007,6.752742,38.410879,Valid
5,,,,Alemu Fandamo,500876,6752592.35,38413587.27,Active,4/10/2012,90007,6.752592,38.413587,Valid
5,,,937270214,Sofia Siraj,500877,6751790.067,38407093.73,ACTIVE,41/02/012_,90007,6.75179,38.407094,Valid
5,,,964031917,Abebe Fute ,500878,6753090.0,38409320.0,ACTIVE,41-02-012_,90007,6.75309,38.40932,Valid
5,,,,Ahmed Nuri,500879,6749207.683,38407688.88,Active,4/10/2012,90007,6.749208,38.407689,Valid
5,,,985135682,Tafesework Sahlu,500880,6752966.767,38408580.08,ACTIVE,4/12/2011,90007,6.752967,38.40858,Valid
5,,,,A/Alka Terefe Mesay,500881,6755359.05,38409645.17,Active,4/10/2012,90007,6.755359,38.409645,Valid
5,,,,Alemu Asefa,500882,6754219.667,38409753.73,Active,4/10/2012,90007,6.75422,38.409754,Valid
5,,,916074401,Mesaria Mermera dulacha,500883,6751651.383,38410724.08,ACTIVE,4/12/2011,90007,6.751651,38.410724,Valid
5,,,,Shiferaw Shibru,500884,6752482.233,38409737.0,Active,4/10/2012,90007,6.752482,38.409737,Valid
5,,,904752512,Mengistu Dekamo,500885,6753049.95,38410169.28,ACTIVE,4/12/2011,90007,6.75305,38.410169,Valid
5,,,,Tona Betashu,500886,6752383.033,38413651.25,Active,4/10/2012,90007,6.752383,38.413651,Valid
5,,,,Birhanu Shibru,500887,6754205.95,38409733.2,Active,4/10/2012,90007,6.754206,38.409733,Valid
5,,,,Tobiya Asefa,500889,6749232.967,38408381.52,ACTIVE,4/12/2011,90007,6.749233,38.408382,Valid
5,,,920573189,Deribe Beyene,500890,6749712.317,38407914.37,ACTIVE,4/12/2011,90007,6.749712,38.407914,Valid
5,,,,Debrity Tura,500891,6748972.6,38409610.28,Active,4/10/2012,90007,6.748973,38.40961,Valid
5,,,,Tegegn Ikamo,500892,6753967.433,38411954.92,Active,4/10/2012,90007,6.753967,38.411955,Valid
5,,,,Tenega Ledamo,500893,6753332.083,38413167.62,Active,4/10/2012,90007,6.753332,38.413168,Valid
5,,,,Zerihun Kurabachew,500894,0.0,0.0,DISCONNECT,4/10/2012,90007,,,Missing or Invalid GPS
5,,,,Lantu Mute,500895,6753006.1,38409604.95,Active,4/10/2012,90007,6.753006,38.409605,Valid
5,,,932708489,Kedir Ali,500896,6750734.317,38407825.2,ACTIVE,4/12/2011,90007,6.750734,38.407825,Valid
5,,,909494565,Shitu Turbaye,500897,6753599.767,38409542.02,ACTIVE,4/12/2011,90007,6.7536,38.409542,Valid
5,,,,Y/A/K/Adventist Church,500898,6753792.2,38412764.9,Active,4/10/2012,90007,6.753792,38.412765,Valid
5,,,,Beyene Suke,500899,0.0,0.0,DISCONNECT,4/10/2012,90007,,,Missing or Invalid GPS
5,,,,Tadelech Birhanu,500900,0.0,0.0,DISCONNECT,4/10/2012,90007,,,Missing or Invalid GPS
5,,,,Abebech Gasse,500901,6753132.65,38412629.45,Active,4/10/2012,90007,6.753133,38.412629,Valid
5,,,,Yeshiwork Sisay,500902,6753242.033,38413883.42,ACTIVE,4/12/2011,90007,6.753242,38.413883,Valid
5,,,,Tariku Tesema,500903,6748602.35,38408655.68,Active,4/10/2012,90007,6.748602,38.408656,Valid
5,,,926895585,Eskindir Getachew,500904,6752603.817,38413526.37,ACTIVE,4/12/2011,90007,6.752604,38.413526,Valid
5,,,967696864,Zelalem Tilahun,500905,6753618.667,38408883.83,ACTIVE,4/12/2011,90007,6.753619,38.408884,Valid
5,,,916168966,Melkato Hayeso,500906,6753390.367,38410601.08,ACTIVE,4/12/2011,90007,6.75339,38.410601,Valid
5,,,,Tadelech Birhanu,500907,6754945.633,38409264.87,Active,4/10/2012,90007,6.754946,38.409265,Valid
5,,,916028771,Wene Argiso,500909,6750520.9,38414884.67,ACTIVE,4/12/2011,90007,6.750521,38.414885,Valid
5,,,,Tamrat Bekele,500910,6753276.033,38411436.4,Active,4/10/2012,90007,6.753276,38.411436,Valid
5,,,916074479,Zemenu Worana,500911,6755706.85,38408696.02,ACTIVE,4/12/2011,90007,6.755707,38.408696,Valid
5,,,927153435,Zewditu Girma,500912,6754227.4,38409567.7,ACTIVE,4/12/2011,90007,6.754227,38.409568,Valid
5,,,916374657,Danbowu Esatu,500913,6752752.417,38413790.55,ACTIVE,41/02/012_,90007,6.752752,38.413791,Valid
5,,,,Yirdachew Hasamo,500914,6752897.417,38407654.28,ACTIVE,4/10/2012,90007,6.752897,38.407654,Valid
5,,,938026622,Adanech Denbel,500915,6750639.117,38412355.0,ACTIVE,4/12/2011,90007,6.750639,38.412355,Valid
5,,,,Dawit Danso,500917,6753839.733,38412205.72,Active,4/10/2012,90007,6.75384,38.412206,Valid
5,,,,Kayamo Hoyesa,500918,6751403.483,38409142.2,Active,4/10/2012,90007,6.751403,38.409142,Valid
5,,,,Mebrat Bekele,500919,6753568.6,38410433.4,Active,4/10/2012,90007,6.753569,38.410433,Valid
5,,,993909568,Asefash Nigussie,500920,6750984.233,38412278.1,ACTIVE,4/12/2011,90007,6.750984,38.412278,Valid
5,,,,Noa Lamiso,500921,6753278.283,38411798.58,Active,4/10/2012,90007,6.753278,38.411799,Valid
5,,,916164852,Dagim Hatiso,500922,6755637.917,38409216.77,ACTIVE,4/12/2011,90007,6.755638,38.409217,Valid
5,,,,Ayelech Teka,500923,6750163.8,38414022.27,Active,4/10/2012,90007,6.750164,38.414022,Valid
5,,,,Girma Melesse,500924,6751013.733,38412210.18,Active,4/10/2012,90007,6.751014,38.41221,Valid
5,,,,Senait Matiwos,500927,6753607.883,38407703.72,Active,4/10/2012,90007,6.753608,38.407704,Valid
5,,,,Abera Sebsibe,500929,0.0,0.0,DISCONNECT,4/10/2012,90007,,,Missing or Invalid GPS
5,0.0,,932214353,Dr. Anbese Jima & Dagim Desta,500930,6750492.15,38411009.43,ACTIVE,4/12/2011,90007,6.750492,38.411009,Valid
5,,,913741455,Tedla Geremew,500931,6751762.367,38410739.22,ACTIVE,4/12/2011,90007,6.751762,38.410739,Valid
5,,,,Feleke Sayilu,500932,6749549.0,38412364.88,Active,4/10/2012,90007,6.749549,38.412365,Valid
5,,,,Y/Alem Health Station,500933,0.0,0.0,DISCONNECT,4/10/2012,90007,,,Missing or Invalid GPS
5,,,,Anchamo Amanu,500934,6754338.983,38409777.02,Active,4/10/2012,90007,6.754339,38.409777,Valid
5,,,916808295,Sato Gabiso,500935,6752351.317,38410217.13,ACTIVE,4/12/2011,90007,6.752351,38.410217,Valid
7,,,916165953,Shemsu Mohammed,700891,6752873.117,38418877.38,ACTIVE,4/12/2011,90009,6.752873,38.418877,Valid
5,,,,Tefera Meta,500937,6752155.183,38407448.53,Active,4/10/2012,90007,6.752155,38.407449,Valid
5,,,,Tilahun Ugamo,500939,6753720.1,38410228.52,Active,4/10/2012,90007,6.75372,38.410229,Valid
5,,,613414835,H/Alka Yohannes Yoye,500940,6755321.283,38409710.58,ACTIVE,4/12/2011,90007,6.755321,38.409711,Valid
5,,,,Daniel Lalma,500941,0.0,0.0,DISCONNECT,4/10/2012,90007,,,Missing or Invalid GPS
5,,,926333749,Fikirte Tilahun,500942,6751422.25,38409334.48,ACTIVE,4/12/2011,90007,6.751422,38.409334,Valid
5,,,925592650,Zenebech Asfaw,500943,6753134.033,38412805.5,ACTIVE,4/12/2011,90007,6.753134,38.412805,Valid
5,,,916137215,Fikadu Tesema,500944,6753491.65,38410202.33,ACTIVE,4/12/2011,90007,6.753492,38.410202,Valid
6,0.0,,,2nd Grade School,600001,6748607.633,38411563.55,ACTIVE,4/12/2011,90009,6.748608,38.411564,Valid
6,0.0,,,2nd Grade School No. 2,600002,0.0,0.0,DISCONNECT,4/10/2012,90009,,,Missing or Invalid GPS
6,0.0,,,D/W/A/Construction,600003,0.0,0.0,DISCONNECT,4/10/2012,90009,,,Missing or Invalid GPS
6,0.0,,,D/W/Women/Children,600004,0.0,0.0,DISCONNECT,4/10/2012,90009,,,Missing or Invalid GPS
6,0.0,,,Mesfin Kitesa,600005,0.0,0.0,DISCONNECT,4/10/2012,90009,,,Missing or Invalid GPS
6,0.0,,,Agip Fuel Station,600006,0.0,0.0,DISCONNECT,4/10/2012,90009,,,Missing or Invalid GPS
6,0.0,,,Kagnaw Shaleqa Hotel,600007,0.0,0.0,DISCONNECT,4/10/2012,90009,,,Missing or Invalid GPS
6,0.0,,,Erstie Zeleke,600008,6747933.667,38410447.72,Active,4/10/2012,90009,6.747934,38.410448,Valid
6,0.0,,911853790,Buzayehu Kassa,600009,6747711.1,38410632.25,ACTIVE,4/12/2011,90009,6.747711,38.410632,Valid
6,0.0,,,Getachew Geremew,600010,6747842.083,38410389.28,Active,4/10/2012,90009,6.747842,38.410389,Valid
6,0.0,,,Masresha Birle,600011,6748028.467,38410529.05,Active,4/10/2012,90009,6.748028,38.410529,Valid
6,0.0,,,Yohannes Shiferaw,600012,6748028.467,38410529.05,Active,4/10/2012,90009,6.748028,38.410529,Valid
6,0.0,,927012170,Getnet Asefa,600013,6747882.267,38410465.85,ACTIVE,4/12/2011,90009,6.747882,38.410466,Valid
6,0.0,,913460547,Habib Ali,600014,6747650.833,38410260.63,ACTIVE,4/12/2011,90009,6.747651,38.410261,Valid
6,0.0,,916033441,Debebe Kifle,600015,6747663.117,38410287.83,ACTIVE,4/12/2011,90009,6.747663,38.410288,Valid
6,0.0,,,G/Michael Girmaye,600016,6748003.833,38410505.93,Active,4/10/2012,90009,6.748004,38.410506,Valid
6,0.0,,,Lisanework Tesfaye,600017,6747882.85,38410326.35,Active,4/10/2012,90009,6.747883,38.410326,Valid
6,0.0,,,Teshoma Solomon,600018,0.0,0.0,DISCONNECT,4/10/2012,90009,,,Missing or Invalid GPS
6,0.0,,,Mohammed Kiyar,600019,6747900.783,38410374.95,ACTIVE,4/10/2012,90009,6.747901,38.410375,Valid
6,0.0,,965550545,Tigist Shewarega,600020,6748084.067,38410428.58,ACTIVE,41-02-012_,90009,6.748084,38.410429,Valid
6,0.0,,911015134,Genet Shanko,600021,0.0,0.0,ACTIVE,41-02-012_,90009,,,Missing or Invalid GPS
6,0.0,,,Wubsheta Tekola,600022,6747916.3,38410398.52,Active,4/10/2012,90009,6.747916,38.410399,Valid
6,0.0,,,Girma Demeke,600023,6747471.05,38410943.18,DISCONNECT,4/10/2012,90009,6.747471,38.410943,Valid
6,0.0,,,Getahun Abebe,600024,6748002.35,38410236.03,DISCONNECT,4/10/2012,90009,6.748002,38.410236,Valid
6,0.0,,,Zewde Haile,600025,0.0,0.0,DISCONNECT,4/10/2012,90009,,,Missing or Invalid GPS
6,0.0,,,Yebirgual Gelaye,600026,6747986.317,38410335.02,Active,4/10/2012,90009,6.747986,38.410335,Valid
6,0.0,,941049117,Temesigen Felke,600027,6748053.167,38410268.93,ACTIVE,4/12/2011,90009,6.748053,38.410269,Valid
6,0.0,,916807949,Beyene Fenkelew,600028,6748054.233,38410272.32,ACTIVE,4/12/2011,90009,6.748054,38.410272,Valid
6,0.0,,,Almaz Abebe,600029,6747908.817,38410303.75,Active,4/10/2012,90009,6.747909,38.410304,Valid
6,0.0,,911809187,Mekdim Mamo,600030,6747983.917,38410395.3,ACTIVE,4/12/2011,90009,6.747984,38.410395,Valid
6,0.0,,,Yeshiemebet Tadesse,600031,6748023.917,38410457.07,Active,4/10/2012,90009,6.748024,38.410457,Valid
6,0.0,,,Woliyu Hassen,600032,6747965.267,38410354.52,Active,4/10/2012,90009,6.747965,38.410355,Valid
6,0.0,,,Awol Hussein,600033,6747942.05,38410494.23,Active,4/10/2012,90009,6.747942,38.410494,Valid
6,0.0,,,Wondesen Gelan,600034,6747864.95,38410469.57,Active,4/10/2012,90009,6.747865,38.41047,Valid
6,0.0,,,Zeritu Deneke,600035,6747871.417,38410475.7,ACTIVE,4/10/2012,90009,6.747871,38.410476,Valid
6,0.0,,,Aman Tesfaye,600036,6747923.45,38410441.52,Active,4/10/2012,90009,6.747923,38.410442,Valid
6,0.0,,,Beirut Nuri,600037,6747932.45,38410393.68,Active,4/10/2012,90009,6.747932,38.410394,Valid
6,0.0,,989653601,Mintamir Abebe ,600038,6748087.367,38410321.9,ACTIVE,4/12/2011,90009,6.748087,38.410322,Valid
6,0.0,,,Hayeso Hasso,600039,0.0,0.0,DISCONNECT,4/10/2012,90009,,,Missing or Invalid GPS
6,0.0,,916811208,Saron Shimelis ,600040,6748076.617,38410046.63,ACTIVE,4/12/2011,90009,6.748077,38.410047,Valid
6,0.0,,,Emebet Gelaye,600041,6748075.283,38410061.97,Active,4/10/2012,90009,6.748075,38.410062,Valid
6,0.0,,916169747,Endeshaw Teshoma,600042,6748025.667,38409882.17,ACTIVE,4/12/2011,90009,6.748026,38.409882,Valid
6,0.0,,915597648,Genet Mulisa ,600043,6747836.967,38409747.23,ACTIVE,4/12/2011,90009,6.747837,38.409747,Valid
6,0.0,,913593990,Getachew Shumiye ,600044,6747862.7,38409745.85,ACTIVE,4/12/2011,90009,6.747863,38.409746,Valid
6,0.0,,925478543,Mekonen Tekilu ,600045,6747790.683,38410117.03,ACTIVE,4/12/2011,90009,6.747791,38.410117,Valid
6,0.0,,913183853,Solomon Asefa,600046,6748043.25,38409992.9,ACTIVE,4/12/2011,90009,6.748043,38.409993,Valid
6,0.0,,912073821,Meskerem Nere ,600047,6748013.15,38410050.48,ACTIVE,4/12/2011,90009,6.748013,38.41005,Valid
6,0.0,,,Yenenesh Tsegaye,600048,6748008.833,38410030.62,Active,4/10/2012,90009,6.748009,38.410031,Valid
6,0.0,,916811208,Simegn Ayele ,600049,6747805.867,38410169.47,ACTIVE,4/12/2011,90009,6.747806,38.410169,Valid
6,0.0,,926051643,Dese Teshome ,600050,6747887.317,38410076.43,ACTIVE,41-02-012_,90009,6.747887,38.410076,Valid
6,0.0,,911016568,Abera Samuel,600051,6747657.767,38410251.27,ACTIVE,4/12/2011,90009,6.747658,38.410251,Valid
6,0.0,,995998522,Melkamu Tadesse,600052,6747794.6,38410151.33,ACTIVE,4/12/2011,90009,6.747795,38.410151,Valid
6,0.0,,,Zerfu Teshoma,600053,6748061.25,38410017.57,Active,4/10/2012,90009,6.748061,38.410018,Valid
6,0.0,,916515518,Melaku Kassahun ,600054,6747668.25,38410192.43,ACTIVE,4/12/2011,90009,6.747668,38.410192,Valid
6,0.0,,,Amarech Gebre,600055,6747668.9,38410176.65,Active,4/10/2012,90009,6.747669,38.410177,Valid
6,0.0,,,Tegene Tafese,600056,6747668.9,38410176.65,Active,4/10/2012,90009,6.747669,38.410177,Valid
6,0.0,,,Tafese Tunasha,600057,6747832.333,38410111.07,Active,4/10/2012,90009,6.747832,38.410111,Valid
6,0.0,,,Birhanu Teklu,600058,6747862.25,38409983.17,Active,4/10/2012,90009,6.747862,38.409983,Valid
6,0.0,,913170540,Tagay Teshome Tesema ,600059,6747797.583,38410081.58,ACTIVE,4/12/2011,90009,6.747798,38.410082,Valid
6,0.0,,,Fikremariyam Argaw,600060,6747919.15,38410011.18,ACTIVE,4/10/2012,90009,6.747919,38.410011,Valid
6,0.0,,,Abebe B/Mariam,600061,6747838.25,38410115.32,Active,4/10/2012,90009,6.747838,38.410115,Valid
6,0.0,,916435417,Degefa Sime ,600062,6747881.617,38409521.13,ACTIVE,4/12/2011,90009,6.747882,38.409521,Valid
6,0.0,,916435417,Degefa Sime ,600063,6747663.1,38410209.48,ACTIVE,4/12/2011,90009,6.747663,38.410209,Valid
6,0.0,,,Birhanu Abebe,600064,0.0,0.0,DISCONNECT,4/10/2012,90009,,,Missing or Invalid GPS
6,0.0,,,Kidane Desalegn,600065,0.0,0.0,TERMINATE,4/10/2012,90009,,,Missing or Invalid GPS
6,0.0,,,Amelmal Bekele,600066,6750841.217,38424878.5,Active,4/10/2012,90009,6.750841,38.424878,Valid
6,0.0,,,Kedija Mustafa,600067,6747775.633,38408841.38,ACTIVE,4/12/2011,90009,6.747776,38.408841,Valid
6,0.0,,,K/B/L/E/Y/Y/G/Project,600068,0.0,0.0,DISCONNECT,4/10/2012,90009,,,Missing or Invalid GPS
6,0.0,,,Kebede Adisie,600069,0.0,0.0,DISCONNECT,4/12/2011,90009,,,Missing or Invalid GPS
6,0.0,,,Mohammed Ahmed,600070,6747082.65,38410405.18,ACTIVE,4/12/2011,90009,6.747083,38.410405,Valid
6,0.0,,,Tamru Dimato,600071,6747567.3,38408262.9,ACTIVE,4/10/2012,90009,6.747567,38.408263,Valid
6,0.0,,911907113,Wogene Tesfaye,600072,6747602.567,38408081.45,ACTIVE,4/12/2011,90009,6.747603,38.408081,Valid
6,0.0,,986351401,Hassen Dermolo,600073,6747690.867,38408077.33,ACTIVE,4/12/2011,90009,6.747691,38.408077,Valid
6,0.0,,,Kasahun Tesfaye,600074,6747672.15,38408110.4,ACTIVE,4/12/2011,90009,6.747672,38.40811,Valid
6,0.0,,926527340,Tewodros Moges,600075,6747239.367,38408040.88,ACTIVE,4/12/2011,90009,6.747239,38.408041,Valid
6,0.0,,916504710,Melesse Boisa,600076,6747239.367,38408040.88,ACTIVE,4/12/2011,90009,6.747239,38.408041,Valid
6,0.0,,913868514,Alemitu Alemu,600077,6746664.567,38408189.45,ACTIVE,4/12/2011,90009,6.746665,38.408189,Valid
6,0.0,,,Molla G/Medhin,600078,6746679.75,38408221.35,Active,4/10/2012,90009,6.74668,38.408221,Valid
6,0.0,,,Kedir Mohammed,600079,6746787.25,38408193.82,ACTIVE,4/12/2011,90009,6.746787,38.408194,Valid
6,0.0,,916079595,Badebo Chechiso,600080,6747068.267,38408392.22,ACTIVE,4/12/2011,90009,6.747068,38.408392,Valid
6,0.0,,,Habte Adalo,600081,6747147.5,38408060.88,DISCONNECT,4/10/2012,90009,6.747147,38.408061,Valid
6,0.0,,,Haile Gebreil Gobena,600082,6747172.65,38408472.55,Active,4/10/2012,90009,6.747173,38.408473,Valid
6,0.0,,,Jemal Sirmolo,600083,6747172.65,38408472.55,Active,4/10/2012,90009,6.747173,38.408473,Valid
6,0.0,,,Tsege Ashenkaki,600084,0.0,0.0,DISCONNECT,4/10/2012,90009,,,Missing or Invalid GPS
6,0.0,,,Ahmedin Dilgicho,600085,0.0,0.0,DISCONNECT,4/10/2012,90009,,,Missing or Invalid GPS
6,0.0,,,Masresha Birle,600086,6747205.85,38408607.05,ACTIVE,4/12/2011,90009,6.747206,38.408607,Valid
6,0.0,,,Rehina Shemsu,600087,6747303.8,38408766.45,Active,4/10/2012,90009,6.747304,38.408766,Valid
6,0.0,,964819968,Shemsu Seyid,600088,6747267.817,38408839.3,ACTIVE,4/12/2011,90009,6.747268,38.408839,Valid
6,0.0,,,Almaz Ashame,600089,6747072.4,38408845.48,Active,4/10/2012,90009,6.747072,38.408845,Valid
6,0.0,,,G/Meskel Berhe,600090,0.0,0.0,DISCONNECT,4/10/2012,90009,,,Missing or Invalid GPS
6,0.0,,989782580,Bezabih Babu,600091,6746692.667,38409173.78,ACTIVE,4/12/2011,90009,6.746693,38.409174,Valid
6,0.0,,,Beyenech Haile,600092,0.0,0.0,DISCONNECT,4/10/2012,90009,,,Missing or Invalid GPS
6,0.0,,,Asegedech Lema,600093,0.0,0.0,DISCONNECT,4/10/2012,90009,,,Missing or Invalid GPS
6,0.0,,,Yeshi Bekele,600094,0.0,0.0,DISCONNECT,4/10/2012,90009,,,Missing or Invalid GPS
6,0.0,,,Askale Dubale,600096,6747338.367,38409051.87,ACTIVE,4/10/2012,90009,6.747338,38.409052,Valid
6,0.0,,911756477,Kedir Ahimed Tero,600097,6747345.75,38409401.8,ACTIVE,4/12/2011,90009,6.747346,38.409402,Valid
6,0.0,,,Adanech G/Mariam,600098,6747518.983,38409655.57,Active,4/10/2012,90009,6.747519,38.409656,Valid
6,0.0,,,Sileshi Tefera,600099,6750227.45,38417383.08,Active,4/10/2012,90009,6.750227,38.417383,Valid
6,0.0,,926895585,Askale Tilahun,600100,6747243.167,38409081.25,ACTIVE,4/12/2011,90009,6.747243,38.409081,Valid
6,0.0,,,Desta W/Giorgis,600101,6747316.867,38409287.65,Active,4/10/2012,90009,6.747317,38.409288,Valid
6,0.0,,,Aweke Kuyisa,600102,6747261.35,38409275.65,Active,4/10/2012,90009,6.747261,38.409276,Valid
6,0.0,,911528105,Metsihet Negash,600103,6747298.95,38409446.62,ACTIVE,4/12/2011,90009,6.747299,38.409447,Valid
6,0.0,,916072866,Getachew Chefke,600104,6747156.65,38409543.57,ACTIVE,4/12/2011,90009,6.747157,38.409544,Valid
6,0.0,,,Gesese Asere,600105,6747221.433,38409500.23,ACTIVE,4/10/2012,90009,6.747221,38.4095,Valid
6,0.0,,,Bekelech Dane,600106,6747347.55,38409514.07,Active,4/10/2012,90009,6.747348,38.409514,Valid
6,0.0,,,Abebe Wendimu,600107,6747788.533,38409308.93,Active,4/10/2012,90009,6.747789,38.409309,Valid
6,0.0,,,Wogegayehu Beyene,600108,6747393.6,38409550.2,Active,4/10/2012,90009,6.747394,38.40955,Valid
6,0.0,,,Enye Alemu,600109,6747509.3,38409604.7,Active,4/10/2012,90009,6.747509,38.409605,Valid
6,0.0,,,Yihaleshet Damte,600110,6747396.167,38409569.0,Active,4/10/2012,90009,6.747396,38.409569,Valid
6,0.0,,,Elsa Girma,600111,0.0,0.0,DISCONNECT,4/10/2012,90009,,,Missing or Invalid GPS
6,0.0,,,Rahel Asrat,600112,0.0,0.0,DISCONNECT,4/10/2012,90009,,,Missing or Invalid GPS
6,0.0,,902937006,Akalu Lema,600113,6747513.75,38409669.82,DISCONNECT,4/12/2011,90009,6.747514,38.40967,Valid
6,0.0,,,Beletu Hailu,600114,6747477.95,38409760.07,Active,4/10/2012,90009,6.747478,38.40976,Valid
6,0.0,,,Tirunesh Tsegaye,600115,6747544.25,38409750.48,Active,4/10/2012,90009,6.747544,38.40975,Valid
6,0.0,,,Aynalem Belete,600116,6747491.867,38409826.03,Active,4/10/2012,90009,6.747492,38.409826,Valid
6,0.0,,912772552,Mekdes Alemayehu,600117,6747464.483,38409863.53,ACTIVE,4/12/2011,90009,6.747464,38.409864,Valid
6,0.0,,,Abdirkadir Hussein,600118,6747820.683,38409744.6,ACTIVE,4/12/2011,90009,6.747821,38.409745,Valid
6,0.0,,916165056,Felekech Mulisa ,600119,6747435.467,38409990.1,ACTIVE,4/12/2011,90009,6.747435,38.40999,Valid
6,0.0,,,Bayush Bekele ,600120,6747517.367,38410003.63,ACTIVE,4/12/2011,90009,6.747517,38.410004,Valid
6,0.0,,916164045,Tamene Tegegn,600121,6747752.5,38410177.58,DISCONNECT,4/12/2011,90009,6.747752,38.410178,Valid
6,0.0,,,Asegedech Worku,600122,6747554.75,38410146.13,Active,4/10/2012,90009,6.747555,38.410146,Valid
6,0.0,,,Mekuriya Desalegn,600123,6747611.417,38410179.62,Active,4/10/2012,90009,6.747611,38.41018,Valid
6,0.0,,,Engidayehu Wakene,600124,6747637.817,38410275.55,DISCONNECT,4/10/2012,90009,6.747638,38.410276,Valid
6,0.0,,916402830,Wesene G/yes ,600125,6747581.45,38410401.18,ACTIVE,4/12/2011,90009,6.747581,38.410401,Valid
6,0.0,,,Ejigayehu Asfaw,600126,6747597.183,38410399.28,Active,4/10/2012,90009,6.747597,38.410399,Valid
6,0.0,,,Tsehay Yimam,600127,6747638.45,38410442.73,Active,4/10/2012,90009,6.747638,38.410443,Valid
6,0.0,,,Adanech Sisha,600128,0.0,0.0,DISCONNECT,4/10/2012,90009,,,Missing or Invalid GPS
6,0.0,,,Dereje Sisha,600129,6747715.733,38410572.58,Active,4/10/2012,90009,6.747716,38.410573,Valid
6,0.0,,,Barasa Babiso,600130,6747610.567,38410951.35,ACTIVE,4/12/2011,90009,6.747611,38.410951,Valid
6,0.0,,934618741,Debebe Kifle,600131,6747924.767,38410620.23,DISCONNECT,4/12/2011,90009,6.747925,38.41062,Valid
6,0.0,,,Woderyelesh Fikadu,600132,6747642.733,38410969.98,ACTIVE,4/10/2012,90009,6.747643,38.41097,Valid
6,0.0,,,Eliyas Alemayehu,600133,0.0,0.0,DISCONNECT,4/10/2012,90009,,,Missing or Invalid GPS
6,0.0,,,Awraris,600134,0.0,0.0,TERMINATE,4/10/2012,90009,,,Missing or Invalid GPS
6,0.0,,,Gesese Gariso,600135,0.0,0.0,DISCONNECT,4/10/2012,90009,,,Missing or Invalid GPS
6,0.0,,911090634,Tamrat Tadesse,600136,6747662.333,38410955.7,ACTIVE,4/12/2011,90009,6.747662,38.410956,Valid
6,0.0,,,Mohammed Hussein,600137,6747632.617,38411005.87,Active,4/10/2012,90009,6.747633,38.411006,Valid
6,0.0,,932402151,Dagimawite Abera ,600138,6747598.8,38411000.02,ACTIVE,4/12/2011,90009,6.747599,38.411,Valid
6,0.0,,910817878,Timkiht Merehasadiq,600139,6747598.8,38411000.02,ACTIVE,4/12/2011,90009,6.747599,38.411,Valid
6,0.0,,912868017,Meselech Mena ,600140,6747695.167,38410832.88,ACTIVE,4/12/2011,90009,6.747695,38.410833,Valid
6,0.0,,,Tizita Teklu,600141,6747474.95,38410817.35,Active,4/10/2012,90009,6.747475,38.410817,Valid
6,0.0,,916140901,Petros Dubiso,600142,6747789.4,38411045.98,ACTIVE,4/12/2011,90009,6.747789,38.411046,Valid
6,0.0,,939702713,Samuel Bogale,600143,6748530.067,38411545.83,ACTIVE,4/12/2011,90009,6.74853,38.411546,Valid
6,0.0,,930307472,Zerutu Deneke,600144,6748507.1,38411511.1,ACTIVE,41-02-012_,90009,6.748507,38.411511,Valid
6,0.0,,916169620,Bogalech Tefera ,600145,6747738.067,38410688.4,ACTIVE,41-22-011_,90009,6.747738,38.410688,Valid
6,0.0,,942432391,Zemzem Awel ,600146,6748605.15,38411490.78,ACTIVE,4/12/2011,90009,6.748605,38.411491,Valid
6,0.0,,,Kelemuwa Hailu,600147,6748544.467,38411528.5,Active,4/10/2012,90009,6.748544,38.411529,Valid
6,0.0,,973364454,Rehana Kedir ,600148,6748501.667,38411511.67,ACTIVE,4/12/2011,90009,6.748502,38.411512,Valid
6,0.0,,,Lemlem Berhe,600149,6747789.4,38411045.98,Active,4/10/2012,90009,6.747789,38.411046,Valid
6,0.0,,,Yohannes Nigussie,600150,6747716.333,38410746.7,Active,4/10/2012,90009,6.747716,38.410747,Valid
6,0.0,,,Barasa Balguda,600151,6747789.4,38411045.98,Active,4/10/2012,90009,6.747789,38.411046,Valid
6,0.0,,,Meaza Demse,600152,6747263.183,38413569.27,ACTIVE,4/10/2012,90009,6.747263,38.413569,Valid
6,0.0,,,Eden Wendimu,600153,6747789.4,38411045.98,Active,4/10/2012,90009,6.747789,38.411046,Valid
6,0.0,Awada,916053109,Yih/Sai/College Condem. F.S. No. 2,600154,6748504.05,38411315.57,ACTIVE,41/02/012_,90009,6.748504,38.411316,Valid
6,0.0,,,Tumicha Yute,600155,6747649.15,38410954.52,Active,4/10/2012,90009,6.747649,38.410955,Valid
6,0.0,,,Bizuayehu Tilahun,600156,6747627.333,38411057.05,ACTIVE,4/12/2011,90009,6.747627,38.411057,Valid
6,0.0,,916373999,Shewaregash Mamo,600157,6747499.3,38411004.95,ACTIVE,4/12/2011,90009,6.747499,38.411005,Valid
6,0.0,,,Emebet Wurji,600158,6747541.917,38410990.53,Active,4/10/2012,90009,6.747542,38.410991,Valid
6,0.0,,,Tsegaye Melesse,600159,6751373.733,38427758.97,ACTIVE,4/12/2011,90009,6.751374,38.427759,Valid
6,0.0,,,Debele Jebisa,600160,6747498.65,38410866.87,Active,4/10/2012,90009,6.747499,38.410867,Valid
6,0.0,,,Mesay Worku,600161,6747503.45,38410861.58,Active,4/10/2012,90009,6.747503,38.410862,Valid
6,0.0,,,Wogene Bekele,600162,6747586.567,38410869.85,DISCONNECT,4/10/2012,90009,6.747587,38.41087,Valid
6,0.0,,,Tekeste Balcha,600163,6747520.417,38410831.75,Active,4/10/2012,90009,6.74752,38.410832,Valid
6,0.0,,915577544,Meselech Genebo,600164,6747337.2,38410727.25,ACTIVE,4/12/2011,90009,6.747337,38.410727,Valid
6,0.0,,913487742,Shewaye Hailu,600165,6747346.2,38410767.47,ACTIVE,4/12/2011,90009,6.747346,38.410767,Valid
6,0.0,,926040319,Tsegaye Bechere,600166,6747346.2,38410767.47,ACTIVE,4/12/2011,90009,6.747346,38.410767,Valid
6,0.0,,913051129,Bogale Afework,600167,6747346.2,38410767.47,ACTIVE,4/12/2011,90009,6.747346,38.410767,Valid
6,0.0,,,Abebayeh Yohannes,600168,6747346.2,38410767.47,Active,4/10/2012,90009,6.747346,38.410767,Valid
6,0.0,,,Zelalem Dejene,600169,6747295.1,38410776.65,Active,4/10/2012,90009,6.747295,38.410777,Valid
6,0.0,,912122973,Sultan Nuri,600170,6747355.233,38410707.57,ACTIVE,4/12/2011,90009,6.747355,38.410708,Valid
6,0.0,,,Tadesse A/Wold,600171,6747316.133,38411757.88,Active,4/10/2012,90009,6.747316,38.411758,Valid
6,0.0,,,Kifle Kassa,600172,6747284.433,38411772.42,Active,4/10/2012,90009,6.747284,38.411772,Valid
6,0.0,,,Almaz Ayele,600173,6747176.717,38411692.03,Active,4/10/2012,90009,6.747177,38.411692,Valid
6,0.0,,,Tagel Tadesse,600174,6747308.083,38411583.48,ACTIVE,4/12/2011,90009,6.747308,38.411583,Valid
6,0.0,,916580760,Zeritu Deneke,600175,6747295.0,38411330.68,ACTIVE,4/12/2011,90009,6.747295,38.411331,Valid
6,0.0,,,Fikre Ligsa,600176,6747124.017,38411559.07,Active,4/10/2012,90009,6.747124,38.411559,Valid
6,0.0,,913484093,Getachew Hunegnawu,600177,6747217.533,38411455.4,ACTIVE,41-02-012_,90009,6.747218,38.411455,Valid
6,0.0,,,Zegeye Hameso,600178,6747249.533,38411431.13,Active,4/10/2012,90009,6.74725,38.411431,Valid
6,0.0,,,Tigist Shewarega,600179,6747227.217,38411176.05,Active,4/10/2012,90009,6.747227,38.411176,Valid
6,0.0,,,Emrot Esatu,600180,6747216.233,38410993.62,Active,4/10/2012,90009,6.747216,38.410994,Valid
6,0.0,,,Mestawet Meskele,600181,6747180.833,38410957.12,Active,4/10/2012,90009,6.747181,38.410957,Valid
6,0.0,,,Tesfaye Hameso,600182,6747186.083,38410915.97,Active,4/10/2012,90009,6.747186,38.410916,Valid
6,0.0,,977769275,Kassa Dema,600183,6747192.433,38410883.7,ACTIVE,4/12/2011,90009,6.747192,38.410884,Valid
6,0.0,,,Fikre Getachew,600184,6747189.467,38410859.95,Active,4/10/2012,90009,6.747189,38.41086,Valid
6,0.0,,912060351,Tsehay Tafese,600185,6746837.0,38410831.38,ACTIVE,4/12/2011,90009,6.746837,38.410831,Valid
6,0.0,,,Moges Feleke,600186,6748016.267,38410221.75,DISCONNECT,4/10/2012,90009,6.748016,38.410222,Valid
6,0.0,,916965672,Meseret Bekele ,600187,6747063.867,38410739.98,ACTIVE,4/12/2011,90009,6.747064,38.41074,Valid
6,0.0,,911797938,Haylu Filate ,600188,6747102.767,38410638.3,ACTIVE,4/12/2011,90009,6.747103,38.410638,Valid
6,0.0,,916169747,Asefa Wendimu,600189,6747038.65,38410603.73,ACTIVE,4/12/2011,90009,6.747039,38.410604,Valid
6,0.0,,913038295,Belete Kuyisa,600190,6747140.833,38410586.5,ACTIVE,4/12/2011,90009,6.747141,38.410587,Valid
6,0.0,,,Tamrat Gurumu,600191,6747153.9,38410508.42,Active,4/10/2012,90009,6.747154,38.410508,Valid
6,0.0,,916811241,Amarech Atumo,600192,6747081.05,38410494.07,DISCONNECT,4/12/2011,90009,6.747081,38.410494,Valid
6,0.0,,916826378,Tadele Shode,600193,6747014.317,38410507.1,ACTIVE,4/12/2011,90009,6.747014,38.410507,Valid
6,0.0,,,Melke Bekele,600194,0.0,0.0,DISCONNECT,4/10/2012,90009,,,Missing or Invalid GPS
6,0.0,,,Abebech G/mesikel,600195,6747075.917,38410412.4,ACTIVE,4/12/2011,90009,6.747076,38.410412,Valid
6,0.0,,939623561,Milkiyas Samuel,600196,6747222.883,38410338.85,ACTIVE,4/12/2011,90009,6.747223,38.410339,Valid
6,0.0,,913423331,Fikadu Feyisa,600197,6747107.3,38410298.3,ACTIVE,4/12/2011,90009,6.747107,38.410298,Valid
6,0.0,,916168180,Temesgen Gedebu ,600198,6751284.367,38419874.03,ACTIVE,4/12/2011,90009,6.751284,38.419874,Valid
6,0.0,,978402428,Sheacho Mole ,600199,6747070.383,38410420.92,ACTIVE,4/12/2011,90009,6.74707,38.410421,Valid
6,0.0,,,Mulugeta Endale,600200,6747103.483,38410259.3,Active,4/10/2012,90009,6.747103,38.410259,Valid
6,0.0,,913517628,Beyenech Hailu ,600201,6747103.483,38410259.3,ACTIVE,4/12/2011,90009,6.747103,38.410259,Valid
6,0.0,,,Siraj Hassen,600202,6747103.483,38410259.3,Active,4/10/2012,90009,6.747103,38.410259,Valid
6,0.0,,,Firew Bekele,600203,6747103.483,38410259.3,Active,4/10/2012,90009,6.747103,38.410259,Valid
6,0.0,,916517035,Tigist Belay ,600204,6747103.483,38410259.3,ACTIVE,41-22-011_,90009,6.747103,38.410259,Valid
6,0.0,,982054752,Etaferaw Shiferaw ,600205,6747103.483,38410259.3,ACTIVE,4/12/2011,90009,6.747103,38.410259,Valid
6,0.0,,,Mesfin Yona,600206,6747002.633,38410056.48,Active,4/10/2012,90009,6.747003,38.410056,Valid
6,0.0,,916811321,Shimelis Hute,600207,6747002.633,38410056.48,ACTIVE,41/02/012_,90009,6.747003,38.410056,Valid
6,0.0,,,Samuel Godamo,600208,6746915.55,38409972.15,ACTIVE,4/10/2012,90009,6.746916,38.409972,Valid
6,0.0,,925288217,Roman Negash,600209,6746915.55,38409972.15,ACTIVE,4/12/2011,90009,6.746916,38.409972,Valid
6,0.0,,,Dejene Alemneh,600210,6746895.6,38409945.88,ACTIVE,4/12/2011,90009,6.746896,38.409946,Valid
6,0.0,,911790013,Ayele Belachew ,600211,6746807.433,38409796.72,ACTIVE,4/12/2011,90009,6.746807,38.409797,Valid
6,0.0,,,Shumie Shunana,600212,6746777.717,38409340.28,Active,4/10/2012,90009,6.746778,38.40934,Valid
6,0.0,,911709121,Birhanu Abebe ,600213,6746684.15,38409358.67,ACTIVE,4/12/2011,90009,6.746684,38.409359,Valid
6,0.0,,,Hassen Ahmed,600214,6746290.55,38407643.33,Active,4/10/2012,90009,6.746291,38.407643,Valid
6,0.0,,,Aster Alemu,600215,6746688.2,38409227.65,Active,4/10/2012,90009,6.746688,38.409228,Valid
6,0.0,,,Beyenech Arega,600216,6746695.333,38409139.35,ACTIVE,4/12/2011,90009,6.746695,38.409139,Valid
6,0.0,,,Chane Amare,600217,6746659.8,38408987.4,Active,4/10/2012,90009,6.74666,38.408987,Valid
6,0.0,,967697050,Chake Temesgen,600218,6746659.8,38408987.4,ACTIVE,4/12/2011,90009,6.74666,38.408987,Valid
6,0.0,,904782503,Aster Siyum,600219,6746659.8,38408987.4,ACTIVE,4/12/2011,90009,6.74666,38.408987,Valid
6,0.0,,,Hailu Mameru,600220,6746581.1,38408875.55,Active,4/10/2012,90009,6.746581,38.408876,Valid
6,0.0,,,Felekech Desalegn,600221,6746566.467,38408867.7,Active,4/10/2012,90009,6.746566,38.408868,Valid
6,0.0,,,Dacho Ugemo,600222,0.0,0.0,DISCONNECT,4/10/2012,90009,,,Missing or Invalid GPS
6,0.0,,,Gelaye Abtew,600223,6746548.3,38408777.18,Active,4/10/2012,90009,6.746548,38.408777,Valid
6,0.0,,,Kedir Mohammedrejibo,600224,6746825.7,38408218.82,Active,4/10/2012,90009,6.746826,38.408219,Valid
6,0.0,,,Adisu Tula,600225,6746577.917,38408667.68,Active,4/10/2012,90009,6.746578,38.408668,Valid
6,0.0,,,Yitagesu W/Yesus,600226,6746670.833,38408640.88,Active,4/10/2012,90009,6.746671,38.408641,Valid
6,0.0,,935712982,Nur Alemu Welde ,600227,6746571.533,38408634.93,ACTIVE,4/12/2011,90009,6.746572,38.408635,Valid
6,0.0,,985998714,Kebede Hailu,600228,6746488.6,38408522.88,ACTIVE,4/12/2011,90009,6.746489,38.408523,Valid
6,0.0,,910078432,Haylu Alemu,600229,6746490.567,38408514.62,ACTIVE,4/12/2011,90009,6.746491,38.408515,Valid
6,0.0,,,Ayele Adam,600230,6746439.3,38408416.23,Active,4/10/2012,90009,6.746439,38.408416,Valid
6,0.0,,,Tilahun Bashir,600231,6746362.533,38408396.67,Active,4/10/2012,90009,6.746363,38.408397,Valid
6,0.0,,934735927,Abirar Seyid ,600232,6746118.4,38408322.85,ACTIVE,41/02/012_,90009,6.746118,38.408323,Valid
6,0.0,,,Adunya W/Mariam,600233,6746017.583,38408375.57,Active,4/10/2012,90009,6.746018,38.408376,Valid
6,0.0,,919354441,Shemisu Seyid ,600234,6745489.0,38408669.73,ACTIVE,4/12/2011,90009,6.745489,38.40867,Valid
6,0.0,,978760037,Aberash Kifile ,600235,6745567.033,38408586.47,ACTIVE,4/12/2011,90009,6.745567,38.408586,Valid
6,0.0,,,Sala Yesuf,600236,6745642.8,38408573.05,Active,4/10/2012,90009,6.745643,38.408573,Valid
6,0.0,,,Abebech G/Silasse,600237,6745590.983,38408583.37,DISCONNECT,4/10/2012,90009,6.745591,38.408583,Valid
6,0.0,,954782769,Askale Wolde,600238,6745937.833,38408582.38,ACTIVE,4/12/2011,90009,6.745938,38.408582,Valid
6,0.0,,,Endeshaw G/Yes,600239,6745913.217,38408779.58,Active,4/10/2012,90009,6.745913,38.40878,Valid
6,0.0,,,Jemal Ejebo,600240,6745918.9,38408730.25,Active,4/10/2012,90009,6.745919,38.40873,Valid
6,0.0,,,Birle Gezahegn,600241,6745936.033,38408793.77,Active,4/10/2012,90009,6.745936,38.408794,Valid
6,0.0,,,Endale Fole,600242,6747982.983,38410655.4,Active,4/10/2012,90009,6.747983,38.410655,Valid
6,0.0,,916463840,Birhanu Yeshi,600243,6745967.517,38408765.73,ACTIVE,4/12/2011,90009,6.745968,38.408766,Valid
6,0.0,,,Asegedech Lema,600244,0.0,0.0,DISCONNECT,4/10/2012,90009,,,Missing or Invalid GPS
6,0.0,,,Tesfaye Amido,600245,6747997.267,38410654.22,Active,4/10/2012,90009,6.747997,38.410654,Valid
6,0.0,,,Almaz Kebede,600246,6745987.15,38408773.88,Active,4/10/2012,90009,6.745987,38.408774,Valid
6,0.0,,934736269,Atnafu Mengistu,600247,6745987.15,38408773.88,ACTIVE,4/12/2011,90009,6.745987,38.408774,Valid
6,0.0,,919666541,Fatuma Sirke,600248,6745987.15,38408773.88,ACTIVE,4/12/2011,90009,6.745987,38.408774,Valid
6,0.0,,,Zemzem Wushago,600249,6745977.067,38408993.43,Active,4/10/2012,90009,6.745977,38.408993,Valid
6,0.0,,912132071,Zebiba Mohamed ,600250,6746005.3,38409085.43,ACTIVE,4/12/2011,90009,6.746005,38.409085,Valid
6,0.0,,,Zeleke Lema,600251,6746005.3,38409085.43,Active,4/10/2012,90009,6.746005,38.409085,Valid
6,0.0,,,Desbale Hassen,600252,6746005.3,38409085.43,Active,4/10/2012,90009,6.746005,38.409085,Valid
6,0.0,,,Betula Gendiso,600253,6746044.633,38409222.15,Active,4/10/2012,90009,6.746045,38.409222,Valid
6,0.0,,,Meaza Mamo,600254,6746108.433,38409416.33,Active,4/10/2012,90009,6.746108,38.409416,Valid
6,0.0,,916373987,Bekele Gemechu,600255,6746051.7,38409246.3,ACTIVE,4/12/2011,90009,6.746052,38.409246,Valid
6,0.0,,931549362,Aberash Soboqa ,600256,6746097.067,38409408.6,ACTIVE,4/12/2011,90009,6.746097,38.409409,Valid
6,0.0,,,Aregash Debela,600257,6746121.35,38409416.57,Active,4/10/2012,90009,6.746121,38.409417,Valid
6,0.0,,901553934,Zemede Beyene,600258,6746091.183,38409406.27,ACTIVE,4/12/2011,90009,6.746091,38.409406,Valid
6,0.0,,,Adane Borsamo,600259,6746088.7,38409409.9,Active,4/10/2012,90009,6.746089,38.40941,Valid
6,0.0,,,Demse Tesfaye,600260,6746088.7,38409409.9,Active,4/10/2012,90009,6.746089,38.40941,Valid
6,0.0,,939179005,Eniyew Bekele ,600261,6746101.55,38409406.85,ACTIVE,4/12/2011,90009,6.746102,38.409407,Valid
6,0.0,,,Gardew Ayane,600262,6746088.7,38409409.9,Active,4/10/2012,90009,6.746089,38.40941,Valid
6,0.0,,,Asfaw Tsege,600263,6746380.45,38409670.6,ACTIVE,4/12/2011,90009,6.74638,38.409671,Valid
6,0.0,,916059686,Lewuda serure ,600264,6746088.7,38409409.9,ACTIVE,4/12/2011,90009,6.746089,38.40941,Valid
6,0.0,,986351401,Hassen Dermolo,600265,6746088.7,38409409.9,ACTIVE,4/12/2011,90009,6.746089,38.40941,Valid
6,0.0,,916331595,Mulisa Edosa,600266,6745735.8,38409846.75,ACTIVE,4/12/2011,90009,6.745736,38.409847,Valid
6,0.0,,910313291,Shibru Bashir,600267,6746032.7,38409835.27,ACTIVE,4/12/2011,90009,6.746033,38.409835,Valid
6,0.0,,,Temesgen Belachew,600268,6746234.517,38409922.98,ACTIVE,4/10/2012,90009,6.746235,38.409923,Valid
6,0.0,,,Kemeriya Shikur,600269,6746192.133,38410054.03,Active,4/10/2012,90009,6.746192,38.410054,Valid
6,0.0,,,Kibebew G/Wold,600270,6746361.75,38410189.03,Active,4/10/2012,90009,6.746362,38.410189,Valid
6,0.0,,937331210,Melesse Boche,600271,6746378.117,38410223.3,ACTIVE,4/12/2011,90009,6.746378,38.410223,Valid
6,0.0,,,Mestawet Hey,600272,6746408.267,38410384.25,Active,4/10/2012,90009,6.746408,38.410384,Valid
6,0.0,,,Nigist Hagus,600273,6746422.667,38410311.87,Active,4/10/2012,90009,6.746423,38.410312,Valid
6,0.0,,,Bereket Yumura,600274,6746429.85,38410419.15,Active,4/10/2012,90009,6.74643,38.410419,Valid
6,0.0,,947808931,Qemeriya Jemal,600275,6746428.783,38410437.55,ACTIVE,4/12/2011,90009,6.746429,38.410438,Valid
6,0.0,,916143606,Bethlehem Yegobawork,600276,6746407.483,38410423.2,ACTIVE,4/12/2011,90009,6.746407,38.410423,Valid
6,0.0,,,Melkamu Merimo,600277,6746358.667,38410496.0,ACTIVE,4/10/2012,90009,6.746359,38.410496,Valid
6,0.0,,927116720,Tegegn Ayele ,600278,6746393.633,38410547.63,ACTIVE,4/12/2011,90009,6.746394,38.410548,Valid
6,0.0,,941419143,Yigermachew Gullilat,600279,6746439.95,38410748.03,ACTIVE,41-02-012_,90009,6.74644,38.410748,Valid
6,0.0,,,Eshete Alemu,600280,6746401.35,38410543.63,Active,4/10/2012,90009,6.746401,38.410544,Valid
6,0.0,,926412716,Adanech Tadese ,600281,6746422.0,38410620.0,ACTIVE,41-02-012_,90009,6.746422,38.41062,Valid
6,0.0,,916268074,Asrat Laeke,600282,6749952.117,38416364.72,ACTIVE,4/12/2011,90009,6.749952,38.416365,Valid
6,0.0,,,Yasin Rahmeto,600283,0.0,0.0,DISCONNECT,4/10/2012,90009,,,Missing or Invalid GPS
6,0.0,,968777323,Fiseha Kidane,600284,6746441.517,38410709.1,ACTIVE,4/12/2011,90009,6.746442,38.410709,Valid
6,0.0,,,Teshele Mekonnen,600285,6746471.15,38410788.27,Active,4/10/2012,90009,6.746471,38.410788,Valid
6,0.0,,977769275,Banteayeh Tilahun,600286,6746467.35,38410798.85,ACTIVE,4/12/2011,90009,6.746467,38.410799,Valid
6,0.0,,,Tiruwork Kebede,600287,6746617.233,38410849.25,DISCONNECT,4/10/2012,90009,6.746617,38.410849,Valid
6,0.0,,984880635,Abichu Asrat ,600288,6746523.75,38411094.97,ACTIVE,4/12/2011,90009,6.746524,38.411095,Valid
6,0.0,,,Tadesse Kebede,600289,6746542.4,38411113.95,Active,4/10/2012,90009,6.746542,38.411114,Valid
6,0.0,,913227724,Bekele W/Semayat,600290,6746335.7,38410976.92,ACTIVE,4/12/2011,90009,6.746336,38.410977,Valid
6,0.0,,,Tesema Tafese,600291,6746578.05,38411178.73,Active,4/10/2012,90009,6.746578,38.411179,Valid
6,0.0,,,Buzayehu Kassa,600292,6746581.367,38411186.57,Active,4/10/2012,90009,6.746581,38.411187,Valid
6,0.0,,,Wude Reta ,600293,6746556.5,38411251.05,ACTIVE,4/12/2011,90009,6.746556,38.411251,Valid
6,0.0,,916169962,Yegobawork Nigussie,600294,6746591.267,38411242.32,ACTIVE,4/12/2011,90009,6.746591,38.411242,Valid
6,0.0,,916164804,Nigatu Fole,600295,6746664.633,38411279.18,ACTIVE,4/12/2011,90009,6.746665,38.411279,Valid
6,0.0,,932657076,Abera Abebe,600296,6746674.517,38411308.75,ACTIVE,4/12/2011,90009,6.746675,38.411309,Valid
6,0.0,,,Ali Dergeba,600297,6746671.933,38411314.93,Active,4/10/2012,90009,6.746672,38.411315,Valid
6,0.0,,,Mulugeta Tadesse,600298,6748059.25,38410597.72,Active,4/10/2012,90009,6.748059,38.410598,Valid
6,0.0,,926196736,Masresha Zewde,600299,6746620.667,38411380.17,ACTIVE,4/12/2011,90009,6.746621,38.41138,Valid
6,0.0,,,Belay Bekele,600300,6746639.25,38411441.38,Active,4/10/2012,90009,6.746639,38.411441,Valid
6,0.0,,,Almaz Desta,600301,6749885.15,38413380.55,Active,4/10/2012,90009,6.749885,38.413381,Valid
6,0.0,,,Sewunet Tsegaye,600302,6746639.25,38411441.38,Active,4/10/2012,90009,6.746639,38.411441,Valid
6,0.0,,,Chinesho Walene,600303,6746639.25,38411441.38,Active,4/10/2012,90009,6.746639,38.411441,Valid
6,0.0,,,Ayele Melesse,600304,6746639.25,38411441.38,Active,4/10/2012,90009,6.746639,38.411441,Valid
6,0.0,,,Sisay Eshetu,600305,6746730.467,38411630.48,Active,4/10/2012,90009,6.74673,38.41163,Valid
6,0.0,,,Mesfin Markos,600306,6746711.483,38411753.78,DISCONNECT,4/10/2012,90009,6.746711,38.411754,Valid
6,0.0,,,Tamrat Bolka,600307,6746803.183,38411898.38,Active,4/10/2012,90009,6.746803,38.411898,Valid
6,0.0,,,Legesse Lamiso,600308,6746768.317,38411919.37,Active,4/10/2012,90009,6.746768,38.411919,Valid
6,0.0,,917321972,Zeleke Kembata,600309,6746780.683,38411994.55,ACTIVE,4/12/2011,90009,6.746781,38.411995,Valid
6,0.0,,916375131,Adanech Mamo,600310,6746839.6,38412194.13,ACTIVE,4/12/2011,90009,6.74684,38.412194,Valid
6,0.0,,916168452,Gizaw Dangura,600311,6746879.633,38412329.75,ACTIVE,4/12/2011,90009,6.74688,38.41233,Valid
6,0.0,,916840050,Mekonnen Eshete,600312,6746839.6,38412194.13,ACTIVE,4/12/2011,90009,6.74684,38.412194,Valid
6,0.0,,926396358,Argaw Danole,600313,6746875.517,38412229.4,ACTIVE,4/12/2011,90009,6.746876,38.412229,Valid
6,0.0,,,Degefe Dimeto,600314,6746967.45,38412658.17,Active,4/10/2012,90009,6.746967,38.412658,Valid
6,0.0,,,Wosen Mekonnen,600315,6747041.35,38412889.83,DISCONNECT,4/10/2012,90009,6.747041,38.41289,Valid
6,0.0,,911711934,Wubsheta Wosen,600316,6746967.583,38412657.97,ACTIVE,4/12/2011,90009,6.746968,38.412658,Valid
6,0.0,,,K.1. Kebele 06 M/Idir,600317,6746953.533,38412627.13,Active,4/10/2012,90009,6.746954,38.412627,Valid
6,0.0,,,Lubaba Nasir,600318,6747210.517,38413174.33,Active,4/10/2012,90009,6.747211,38.413174,Valid
6,0.0,,910141660,Dawit Filate,600319,6747128.783,38413188.72,ACTIVE,4/12/2011,90009,6.747129,38.413189,Valid
6,0.0,,954491180,Tigist Bekele ,600320,6747194.25,38413328.65,ACTIVE,4/12/2011,90009,6.747194,38.413329,Valid
6,0.0,,911092875,Zemzem Mohamed ,600321,6747211.583,38413441.07,ACTIVE,4/12/2011,90009,6.747212,38.413441,Valid
6,0.0,,911596068,Lakew Tefera,600322,6747247.183,38413632.57,ACTIVE,4/12/2011,90009,6.747247,38.413633,Valid
6,0.0,,,Wogene Endale,600323,6747253.183,38413631.53,Active,4/10/2012,90009,6.747253,38.413632,Valid
6,0.0,,913179950,Mamo Abiy,600324,6747303.267,38413627.17,ACTIVE,4/12/2011,90009,6.747303,38.413627,Valid
6,0.0,,916924338,Adam Dengiso,600325,6747297.517,38413654.37,ACTIVE,4/12/2011,90009,6.747298,38.413654,Valid
6,0.0,,,Mengistu Dubale,600326,6747321.133,38413640.37,Active,4/10/2012,90009,6.747321,38.41364,Valid
6,0.0,,,Dawit Beyene,600327,6747226.7,38413995.85,Active,4/10/2012,90009,6.747227,38.413996,Valid
6,0.0,,,Yosef Falta,600328,6747123.6,38414025.47,Active,4/10/2012,90009,6.747124,38.414025,Valid
6,0.0,,,Molalegn Hailu,600329,6747089.0,38414176.45,Active,4/10/2012,90009,6.747089,38.414176,Valid
6,0.0,,916434761,Mintewab Wolde,600330,6747064.517,38414319.55,ACTIVE,4/12/2011,90009,6.747065,38.41432,Valid
6,0.0,,,Bogale Turchi,600331,6746997.983,38414405.68,Active,4/10/2012,90009,6.746998,38.414406,Valid
6,0.0,,,Tiruneh Logita,600332,6746948.017,38414430.48,Active,4/10/2012,90009,6.746948,38.41443,Valid
6,0.0,,,Abraham Shode,600333,6746970.417,38414407.97,Active,4/10/2012,90009,6.74697,38.414408,Valid
6,0.0,,,Kedija Zeyne,600334,6747699.817,38414255.93,Active,4/10/2012,90009,6.7477,38.414256,Valid
6,0.0,,926522584,Abebe Hanfato,600335,6747530.033,38414424.45,ACTIVE,4/12/2011,90009,6.74753,38.414424,Valid
6,0.0,,916810837,Messele Dasa ,600336,6747480.65,38414421.05,ACTIVE,4/12/2011,90009,6.747481,38.414421,Valid
6,0.0,,913919228,Tenagn G/Mariam,600337,6746837.6,38413875.33,ACTIVE,4/12/2011,90009,6.746838,38.413875,Valid
6,0.0,,,Ashagire Amelo,600338,6746832.733,38413749.63,Active,4/10/2012,90009,6.746833,38.41375,Valid
6,0.0,,,Desalegn Duresa,600339,6746825.967,38413731.92,Active,4/10/2012,90009,6.746826,38.413732,Valid
6,0.0,,992593065,Asrat Duresa,600340,6746809.817,38413700.88,ACTIVE,4/12/2011,90009,6.74681,38.413701,Valid
6,0.0,,,Tefera Amelo,600341,6746754.75,38413554.37,Active,4/10/2012,90009,6.746755,38.413554,Valid
6,0.0,,,Azenegash Gebru,600342,6746730.7,38413540.45,Active,4/10/2012,90009,6.746731,38.41354,Valid
6,0.0,,,Rihina Abdela,600343,6746681.583,38413577.57,Active,4/10/2012,90009,6.746682,38.413578,Valid
6,0.0,,925285739,Biruk Fanta,600344,6746601.833,38413351.52,ACTIVE,4/12/2011,90009,6.746602,38.413352,Valid
6,0.0,,911953497,Wegene Bekele ,600345,6746186.65,38413464.93,ACTIVE,41-02-012_,90009,6.746187,38.413465,Valid
6,0.0,,,Almaz Kassa,600346,6746619.683,38413260.85,Active,4/10/2012,90009,6.74662,38.413261,Valid
6,0.0,,913038295,Masresha Chane,600347,6746600.167,38413240.8,ACTIVE,4/12/2011,90009,6.7466,38.413241,Valid
6,0.0,,,Yokamo Roma,600348,6746532.183,38413118.25,ACTIVE,4/10/2012,90009,6.746532,38.413118,Valid
6,0.0,,,Tefera Berasa,600349,6746552.483,38413049.1,Active,4/10/2012,90009,6.746552,38.413049,Valid
6,0.0,,916829702,W/Agyenew Asefa,600350,6746535.667,38413140.05,ACTIVE,4/12/2011,90009,6.746536,38.41314,Valid
6,0.0,,,Kembata Yitayew,600351,6746533.867,38412949.7,Active,4/10/2012,90009,6.746534,38.41295,Valid
6,0.0,,916516333,Girma Alito,600352,6746541.417,38413003.9,ACTIVE,4/12/2011,90009,6.746541,38.413004,Valid
6,0.0,,913529332,Hussen Zeyinu ,600353,6746448.783,38412925.3,ACTIVE,4/12/2011,90009,6.746449,38.412925,Valid
6,0.0,,923409214,Meseret Welde ,600354,6746417.883,38412838.95,ACTIVE,4/12/2011,90009,6.746418,38.412839,Valid
6,0.0,,916331583,Timitos Didmos,600355,6746385.4,38412820.73,ACTIVE,4/12/2011,90009,6.746385,38.412821,Valid
6,0.0,,,Fanta Faltamo,600356,6746345.717,38412709.72,Active,4/10/2012,90009,6.746346,38.41271,Valid
6,0.0,,932708075,Getahun Haile,600357,6746225.95,38412610.4,ACTIVE,4/12/2011,90009,6.746226,38.41261,Valid
6,0.0,,912152903,Legesse Gobaro,600358,6746360.017,38412465.25,ACTIVE,4/12/2011,90009,6.74636,38.412465,Valid
6,0.0,,916503701,Nigussie Alemu,600359,6746301.6,38412325.05,ACTIVE,4/12/2011,90009,6.746302,38.412325,Valid
6,0.0,,955946827,W/Rufael T/Wold,600360,6746252.45,38412202.55,ACTIVE,4/12/2011,90009,6.746252,38.412203,Valid
6,0.0,,,Tsege Edo,600361,6746197.517,38412080.73,Active,4/10/2012,90009,6.746198,38.412081,Valid
6,0.0,,912085096,Abebech Asfaw,600362,6746197.517,38411887.67,ACTIVE,4/12/2011,90009,6.746198,38.411888,Valid
6,0.0,,,Alemitu Desalegn,600363,6746177.483,38411937.48,Active,4/10/2012,90009,6.746177,38.411937,Valid
6,0.0,,,Yirgadu W/Senbet,600364,6746180.933,38411720.32,Active,4/10/2012,90009,6.746181,38.41172,Valid
6,0.0,,,Asefa Adela,600365,6746076.917,38411614.23,Active,4/10/2012,90009,6.746077,38.411614,Valid
6,0.0,,,Kedir Aliye,600366,6746175.467,38411691.98,Active,4/10/2012,90009,6.746175,38.411692,Valid
6,0.0,,924457694,Bekelech Adane,600367,6746110.883,38411549.42,ACTIVE,4/12/2011,90009,6.746111,38.411549,Valid
6,0.0,,,Tesema Yuke,600368,6746064.783,38411494.9,ACTIVE,4/10/2012,90009,6.746065,38.411495,Valid
6,0.0,,,Girma Sija,600369,6746061.033,38411419.3,Active,4/10/2012,90009,6.746061,38.411419,Valid
6,0.0,,916169018,Yumura Yuruke ,600370,6746016.85,38411348.02,ACTIVE,4/12/2011,90009,6.746017,38.411348,Valid
6,0.0,,,Hameso Tiro,600371,6745754.35,38411089.57,ACTIVE,4/10/2012,90009,6.745754,38.41109,Valid
6,0.0,,,Diro Iticha,600372,6745876.483,38410728.65,Active,4/10/2012,90009,6.745876,38.410729,Valid
6,0.0,,,Zenebech Mekonnen,600373,6745795.533,38410712.22,Active,4/10/2012,90009,6.745796,38.410712,Valid
6,0.0,,901552095,Habtnesh Zeleke,600374,6745782.7,38410649.72,ACTIVE,4/12/2011,90009,6.745783,38.41065,Valid
6,0.0,,,Askale Seyfu,600375,6745782.5,38410558.08,Active,4/10/2012,90009,6.745782,38.410558,Valid
6,0.0,,912196754,Adane Adisu,600376,6745673.417,38410504.73,ACTIVE,4/12/2011,90009,6.745673,38.410505,Valid
6,0.0,,934174150,Shewangizaw Abay,600377,6745751.0,38410404.42,ACTIVE,4/12/2011,90009,6.745751,38.410404,Valid
6,0.0,,916964960,Dagnachew Zerihun ,600378,6745748.067,38410315.15,ACTIVE,4/12/2011,90009,6.745748,38.410315,Valid
6,0.0,,,Etenesh Aseged,600379,6745737.217,38410334.28,Active,4/10/2012,90009,6.745737,38.410334,Valid
6,0.0,,911260906,Abebech Geresu ,600380,6745693.083,38410293.13,ACTIVE,4/12/2011,90009,6.745693,38.410293,Valid
6,0.0,,,Kassa Geza,600381,6745688.233,38410222.45,Active,4/10/2012,90009,6.745688,38.410222,Valid
6,0.0,,934604918,Girma Dicha,600382,6745703.3,38410228.22,ACTIVE,4/12/2011,90009,6.745703,38.410228,Valid
6,0.0,,,Amanesh Moges,600383,6745636.0,38410024.98,Active,4/10/2012,90009,6.745636,38.410025,Valid
6,0.0,,984259016,Ayredin Ahmed ,600384,6745255.467,38410120.32,ACTIVE,4/12/2011,90009,6.745255,38.41012,Valid
6,0.0,,949630006,Hayat Admamawu,600385,6745279.3,38410112.5,ACTIVE,4/12/2011,90009,6.745279,38.410112,Valid
6,0.0,,926525934,Etaferaw Tadese,600386,6745267.833,38410058.82,ACTIVE,4/12/2011,90009,6.745268,38.410059,Valid
6,0.0,,,Aleme Wubetu,600387,6745597.517,38409803.15,Active,4/10/2012,90009,6.745598,38.409803,Valid
6,0.0,,,Gebre Zebre,600388,6745521.683,38409737.95,Active,4/10/2012,90009,6.745522,38.409738,Valid
6,0.0,,907746777,Jemila Ali,600389,6745522.567,38409688.93,ACTIVE,4/12/2011,90009,6.745523,38.409689,Valid
6,0.0,,,Tesheme Bonora,600390,6745563.633,38409698.7,DISCONNECT,4/10/2012,90009,6.745564,38.409699,Valid
6,0.0,,913465567,Bizunesh W/Tsadiq,600391,6745662.333,38409373.78,ACTIVE,4/12/2011,90009,6.745662,38.409374,Valid
6,0.0,,,Nesru Seyid,600392,6745445.75,38409237.73,Active,4/10/2012,90009,6.745446,38.409238,Valid
6,0.0,,,Girmachew Alemu,600393,6745306.483,38409207.12,Active,4/10/2012,90009,6.745306,38.409207,Valid
6,0.0,,,Kassa Fanta,600394,0.0,0.0,DISCONNECT,4/10/2012,90009,,,Missing or Invalid GPS
6,0.0,,,Mulatu Goshu,600395,6745405.767,38409124.23,Active,4/10/2012,90009,6.745406,38.409124,Valid
6,0.0,,945896551,Seyfu Ubulo,600396,6745243.167,38408993.23,ACTIVE,4/12/2011,90009,6.745243,38.408993,Valid
6,0.0,,913050373,Haile Belay,600397,6745274.867,38408990.88,ACTIVE,4/12/2011,90009,6.745275,38.408991,Valid
6,0.0,,,Yirba Behaga,600398,6745219.167,38408786.87,Active,4/10/2012,90009,6.745219,38.408787,Valid
6,0.0,,,Nefisa Hassen,600399,6745095.9,38408772.13,Active,4/10/2012,90009,6.745096,38.408772,Valid
6,0.0,,,Tafese Bekele,600400,6744972.583,38408871.15,Active,4/10/2012,90009,6.744973,38.408871,Valid
6,0.0,,,Shiferaw Yirda,600401,6744935.3,38408884.12,Active,4/10/2012,90009,6.744935,38.408884,Valid
6,0.0,,,Alemnesh Habte,600402,6744725.2,38408724.6,ACTIVE,41-02-012_,90009,6.744725,38.408725,Valid
6,0.0,,,Mestawet Endale,600403,6744706.583,38408843.57,DISCONNECT,4/10/2012,90009,6.744707,38.408844,Valid
6,0.0,,916830081,Awel Hussen ,600404,6744732.0,38409213.6,ACTIVE,4/12/2011,90009,6.744732,38.409214,Valid
6,0.0,,984263088,Hotesa Boditi,600405,6744785.4,38409336.12,ACTIVE,4/12/2011,90009,6.744785,38.409336,Valid
6,0.0,,982347029,Muluwork Mamo,600406,6744821.367,38409352.95,ACTIVE,4/12/2011,90009,6.744821,38.409353,Valid
6,0.0,,,Q.06 Nursery School,600407,6744801.583,38408805.57,Active,4/10/2012,90009,6.744802,38.408806,Valid
6,0.0,,930280374,Hailemichael Borsamo,600408,6744803.783,38409368.92,ACTIVE,4/12/2011,90009,6.744804,38.409369,Valid
6,0.0,,,Tesfaye Beyene,600409,6744821.667,38409515.43,Active,4/10/2012,90009,6.744822,38.409515,Valid
6,0.0,,912123771,Senait Alemu,600410,6744884.183,38409590.22,ACTIVE,4/12/2011,90009,6.744884,38.40959,Valid
6,0.0,,,Tego Boroge,600411,6744889.8,38409621.17,Active,4/10/2012,90009,6.74489,38.409621,Valid
6,0.0,,920997107,Belayneh Baramo,600412,6744832.167,38409817.15,ACTIVE,41-02-012_,90009,6.744832,38.409817,Valid
6,0.0,,,Ahmed Salo,600413,6744977.2,38409889.43,ACTIVE,4/10/2012,90009,6.744977,38.409889,Valid
6,0.0,,,Mesfin Abebe,600414,6744995.967,38409995.13,Active,4/10/2012,90009,6.744996,38.409995,Valid
6,0.0,,,Kassa Saliya,600415,6745088.517,38410527.52,Active,4/10/2012,90009,6.745089,38.410528,Valid
6,0.0,,,Teshome Bezu,600416,6744824.65,38410272.53,Active,4/10/2012,90009,6.744825,38.410273,Valid
6,0.0,,930280374,Haile Borsamo,600417,6744771.017,38410266.37,ACTIVE,4/12/2011,90009,6.744771,38.410266,Valid
6,0.0,,932708161,Bekele Shelemo,600418,6744749.167,38410324.28,ACTIVE,4/12/2011,90009,6.744749,38.410324,Valid
6,0.0,,,Yirba Yirbo,600419,6744551.017,38410438.9,Active,4/10/2012,90009,6.744551,38.410439,Valid
6,0.0,,911335749,Mindaye Kia,600420,6745069.35,38410462.13,ACTIVE,4/12/2011,90009,6.745069,38.410462,Valid
6,0.0,,986479449,Adisu kasa ,600421,6744872.717,38410260.4,ACTIVE,4/12/2011,90009,6.744873,38.41026,Valid
6,0.0,,916529280,Tegenu Asefa,600422,6745123.0,38410613.15,ACTIVE,4/12/2011,90009,6.745123,38.410613,Valid
6,0.0,,911260906,Beyene Bedane,600423,6745194.533,38410599.32,ACTIVE,4/12/2011,90009,6.745195,38.410599,Valid
6,0.0,,,Zenebech Debela,600424,6745130.8,38410696.35,Active,4/10/2012,90009,6.745131,38.410696,Valid
6,0.0,,,Melkato Riqiba,600425,6745286.367,38410796.53,Active,4/10/2012,90009,6.745286,38.410797,Valid
6,0.0,,,Mekdes Getahun,600426,0.0,0.0,DISCONNECT,4/10/2012,90009,,,Missing or Invalid GPS
6,0.0,,,Qetsela Unbulo,600427,6745260.583,38410885.48,Active,4/10/2012,90009,6.745261,38.410885,Valid
6,0.0,,,Admamaw Beshir,600428,6745106.717,38411099.88,Active,4/10/2012,90009,6.745107,38.4111,Valid
6,0.0,,923364296,Tiruwork Melese ,600429,6745096.55,38411252.48,ACTIVE,4/12/2011,90009,6.745097,38.411252,Valid
6,0.0,,,W/Michael Mega,600430,6745058.867,38411235.88,Active,4/10/2012,90009,6.745059,38.411236,Valid
6,0.0,,,Hailu G/Hiwot,600431,6745154.733,38411296.18,Active,4/10/2012,90009,6.745155,38.411296,Valid
6,0.0,,944311510,Mekiya Kedir,600432,6744936.2,38411465.08,ACTIVE,4/12/2011,90009,6.744936,38.411465,Valid
6,0.0,,,Bekele Legamo,600433,6744762.883,38411485.78,Active,4/10/2012,90009,6.744763,38.411486,Valid
6,0.0,,,Dr. Fikru Getu,600434,0.0,0.0,DISCONNECT,4/10/2012,90009,,,Missing or Invalid GPS
6,0.0,,,Ayaleu Zeleke,600435,6745308.25,38411573.55,Active,4/10/2012,90009,6.745308,38.411574,Valid
6,0.0,,,Asfaw Humo,600436,0.0,0.0,DISCONNECT,4/10/2012,90009,,,Missing or Invalid GPS
6,0.0,,916050118,Desta Muse,600437,6745368.833,38411742.25,ACTIVE,41-02-012_,90009,6.745369,38.411742,Valid
6,0.0,,910813033,Ahmed Hassen,600438,6745360.033,38411821.72,ACTIVE,4/12/2011,90009,6.74536,38.411822,Valid
6,0.0,,954804135,Yosef Zewde,600439,6745476.917,38411856.28,ACTIVE,4/12/2011,90009,6.745477,38.411856,Valid
6,0.0,,916143600,Elifinesh Worku,600440,6745394.833,38411696.55,ACTIVE,4/12/2011,90009,6.745395,38.411697,Valid
6,0.0,,916108153,06 Q. Savings House,600441,6745642.417,38411924.17,ACTIVE,4/12/2011,90009,6.745642,38.411924,Valid
6,0.0,,,Tsegaye Bunte,600442,6745415.233,38411928.87,Active,4/10/2012,90009,6.745415,38.411929,Valid
6,0.0,,,Sidamo Kimso,600443,6745594.517,38411887.53,Active,4/10/2012,90009,6.745595,38.411888,Valid
6,0.0,,984553700,Yewubdar Arega,600444,6745456.683,38412013.37,ACTIVE,4/12/2011,90009,6.745457,38.412013,Valid
6,0.0,,911004926,Mindaye Shunbulo,600445,6745490.583,38412156.47,ACTIVE,4/12/2011,90009,6.745491,38.412156,Valid
6,0.0,,,Melesse Tushura,600446,6745504.283,38412122.92,DISCONNECT,4/10/2012,90009,6.745504,38.412123,Valid
6,0.0,,916831965,Wondmagegn Lamiso,600447,6745572.2,38412209.0,ACTIVE,4/12/2011,90009,6.745572,38.412209,Valid
6,0.0,,,Asfaw Humo,600448,6745600.267,38412402.23,Active,4/10/2012,90009,6.7456,38.412402,Valid
6,0.0,,,Bekele Humo,600449,6745608.0,38412519.27,Active,4/10/2012,90009,6.745608,38.412519,Valid
6,0.0,,916050170,Tsegaye Agenew,600450,6746464.067,38410644.45,ACTIVE,4/12/2011,90009,6.746464,38.410644,Valid
6,0.0,,916925323,Frew Shode,600451,6745796.333,38412486.9,DISCONNECT,4/12/2011,90009,6.745796,38.412487,Valid
6,0.0,,,Tesfaye Dora,600452,6745850.017,38412748.52,Active,4/10/2012,90009,6.74585,38.412749,Valid
6,0.0,,916830184,Birhanu Barasa,600453,6745877.483,38412735.88,ACTIVE,4/12/2011,90009,6.745877,38.412736,Valid
6,0.0,,913036952,Asfaw Miresa,600454,6745640.0,38412840.0,ACTIVE,41/02/012_,90009,6.74564,38.41284,Valid
6,0.0,,,Fanaye Mute,600455,6745808.583,38412918.85,Active,4/10/2012,90009,6.745809,38.412919,Valid
6,0.0,,,Gizaw Yebo,600456,6745711.85,38413013.75,Active,4/10/2012,90009,6.745712,38.413014,Valid
6,0.0,,,Tegen Gugo,600457,6745776.85,38412967.5,Active,4/10/2012,90009,6.745777,38.412968,Valid
6,0.0,,913508528,Tadele Genebo,600458,6745763.25,38413084.3,ACTIVE,4/12/2011,90009,6.745763,38.413084,Valid
6,0.0,,,Mersha Werba,600459,6745798.133,38413213.0,Active,4/10/2012,90009,6.745798,38.413213,Valid
6,0.0,,916168318,Yitina Belay,600460,6745856.683,38413342.32,ACTIVE,4/12/2011,90009,6.745857,38.413342,Valid
6,0.0,,,Qelemu Endeshaw,600461,6746105.85,38413848.92,DISCONNECT,4/10/2012,90009,6.746106,38.413849,Valid
6,0.0,,911335748,Dr. Eliya Yuma,600462,6745868.233,38413507.42,ACTIVE,4/12/2011,90009,6.745868,38.413507,Valid
6,0.0,,916808695,Tamre Hayeso,600463,6745961.75,38413685.55,ACTIVE,4/12/2011,90009,6.745962,38.413686,Valid
6,0.0,,,Asfaw Kia,600464,6746030.283,38413884.5,Active,4/10/2012,90009,6.74603,38.413885,Valid
6,0.0,,,Meseret Mereid,600465,6746100.617,38413880.6,Active,4/10/2012,90009,6.746101,38.413881,Valid
6,0.0,,,Legesse H/Michael,600466,6746266.133,38413953.27,Active,4/10/2012,90009,6.746266,38.413953,Valid
6,0.0,,916405957,Adem Gebre,600467,6746273.017,38414091.05,ACTIVE,4/12/2011,90009,6.746273,38.414091,Valid
6,0.0,,,Dawit Ugemo,600468,6746083.967,38414012.17,Active,4/10/2012,90009,6.746084,38.414012,Valid
6,0.0,,937282857,Fanos Shibiru,600469,6746096.417,38414153.38,ACTIVE,4/12/2011,90009,6.746096,38.414153,Valid
6,0.0,,941842659,Gezahegn Biru,600470,6746257.467,38414250.2,ACTIVE,4/12/2011,90009,6.746257,38.41425,Valid
6,0.0,,,Gebru Gume,600471,6746651.1,38414556.52,Active,4/10/2012,90009,6.746651,38.414557,Valid
6,0.0,,916165010,Fetesha Fenjaja,600472,6746764.0,38414740.0,ACTIVE,41-02-012_,90009,6.746764,38.41474,Valid
6,0.0,,926129188,Senayit Abayineh ,600473,6747068.0,38415060.15,ACTIVE,41-22-011_,90009,6.747068,38.41506,Valid
6,0.0,,954786568,Asfaw Hanqa,600474,6745177.567,38413040.75,ACTIVE,4/12/2011,90009,6.745178,38.413041,Valid
6,0.0,,,Dagim Habte,600475,6745136.65,38410090.88,Active,4/10/2012,90009,6.745137,38.410091,Valid
6,0.0,,926396214,Haregewoin Mulugeta,600476,6744934.133,38412486.1,ACTIVE,4/12/2011,90009,6.744934,38.412486,Valid
6,0.0,,916104769,Gebre Gata,600477,6744912.517,38412433.37,ACTIVE,4/12/2011,90009,6.744913,38.412433,Valid
6,0.0,,916840822,Abera Ugemo,600478,6744994.067,38412438.65,ACTIVE,4/12/2011,90009,6.744994,38.412439,Valid
6,0.0,,,Adane Awlachew,600479,6744953.383,38412325.23,Active,4/10/2012,90009,6.744953,38.412325,Valid
6,0.0,,934566064,Werqe Bihon,600480,6744875.083,38412299.97,ACTIVE,4/12/2011,90009,6.744875,38.4123,Valid
6,0.0,,916868734,Selemon Sermiso,600481,6744893.083,38412114.73,ACTIVE,4/12/2011,90009,6.744893,38.412115,Valid
6,0.0,,,Degife Dimeto,600482,6744767.983,38412061.38,Active,4/10/2012,90009,6.744768,38.412061,Valid
6,0.0,,,Tsegaye Melese,600483,6744853.367,38412855.88,Active,4/10/2012,90009,6.744853,38.412856,Valid
6,0.0,,,Shemsu Jima,600484,6744865.067,38411927.4,Active,4/10/2012,90009,6.744865,38.411927,Valid
6,0.0,,,Meser/K/Bet/Christian,600485,6744750.55,38411860.7,ACTIVE,4/12/2011,90009,6.744751,38.411861,Valid
6,0.0,,,Tuqicha Gerdama,600486,6744853.3,38411371.22,ACTIVE,4/10/2012,90009,6.744853,38.411371,Valid
6,0.0,,904752572,Genet Worku,600487,6744622.933,38411216.55,ACTIVE,4/12/2011,90009,6.744623,38.411217,Valid
6,0.0,,,Girma Tadele,600488,6744568.883,38411138.33,Active,4/10/2012,90009,6.744569,38.411138,Valid
6,0.0,,,Yeme/Si/Q/Se/Ha/Bet/Christian,600489,6744268.317,38410957.82,ACTIVE,4/12/2011,90009,6.744268,38.410958,Valid
6,0.0,,916044070,Hawariyat Bet/Christian,600490,6744438.25,38411054.12,ACTIVE,4/12/2011,90009,6.744438,38.411054,Valid
6,0.0,,,Tadesse Anebo,600491,6744589.933,38410954.18,Active,4/10/2012,90009,6.74459,38.410954,Valid
6,0.0,,,Alemu Anebo,600492,6743009.767,38412132.9,Active,4/10/2012,90009,6.74301,38.412133,Valid
6,0.0,,926317855,Adedanech Dengiso,600493,6744301.583,38410305.27,ACTIVE,4/12/2011,90009,6.744302,38.410305,Valid
6,0.0,,,Muluneh Muse,600494,6744369.917,38410327.28,Active,4/10/2012,90009,6.74437,38.410327,Valid
6,0.0,,916169009,Tefera Girma,600495,6744289.067,38410132.75,ACTIVE,4/12/2011,90009,6.744289,38.410133,Valid
6,0.0,,,Tefera Wote,600496,6744473.017,38409919.78,Active,4/10/2012,90009,6.744473,38.40992,Valid
6,0.0,,926206440,Simion Hailu,600497,6744360.467,38409881.78,ACTIVE,4/12/2011,90009,6.74436,38.409882,Valid
6,0.0,,,Yohannes G/Meskel,600498,6744261.1,38409804.38,ACTIVE,4/10/2012,90009,6.744261,38.409804,Valid
6,0.0,,911937860,Mesfin Tesfaye,600499,6744247.483,38409738.4,ACTIVE,4/12/2011,90009,6.744247,38.409738,Valid
6,0.0,,,Tirunesh G/Giorgis,600500,6744157.167,38409718.85,Active,4/10/2012,90009,6.744157,38.409719,Valid
6,0.0,,916046008,Belayneh Arera,600501,6744251.833,38409592.88,ACTIVE,4/12/2011,90009,6.744252,38.409593,Valid
6,0.0,,,Dasa Gebiso,600502,6744084.183,38409547.63,Active,4/10/2012,90009,6.744084,38.409548,Valid
6,0.0,,945633678,Mulatu Muriso,600503,6744160.133,38409491.15,ACTIVE,4/12/2011,90009,6.74416,38.409491,Valid
6,0.0,,,Tamrat Basango,600504,6744197.85,38409360.05,Active,4/10/2012,90009,6.744198,38.40936,Valid
6,0.0,,,Belayneh Basango,600505,6744075.933,38409076.23,Active,4/10/2012,90009,6.744076,38.409076,Valid
6,0.0,,916374499,Birqe Kedir,600506,6744195.217,38409140.93,ACTIVE,4/12/2011,90009,6.744195,38.409141,Valid
6,0.0,,,Ageze Alemayehu,600507,6744354.317,38409028.45,Active,4/10/2012,90009,6.744354,38.409028,Valid
6,0.0,,,Endale Shifaw,600508,6743846.85,38409145.22,ACTIVE,4/12/2011,90009,6.743847,38.409145,Valid
6,0.0,,,Degene Ayele,600509,6743532.067,38409216.72,ACTIVE,4/12/2011,90009,6.743532,38.409217,Valid
6,0.0,,,Melat Misgana,600510,0.0,0.0,DISCONNECT,4/10/2012,90009,,,Missing or Invalid GPS
6,0.0,,986723051,Zewde Mengesha,600511,6743489.9,38409515.67,ACTIVE,4/12/2011,90009,6.74349,38.409516,Valid
6,0.0,,912652223,Kasech Tamre,600512,6743545.433,38409537.72,ACTIVE,4/12/2011,90009,6.743545,38.409538,Valid
6,0.0,,916830212,Amanuel Arega,600513,6745146.283,38410713.52,ACTIVE,4/12/2011,90009,6.745146,38.410714,Valid
6,0.0,,908304261,Kassa Itiso,600514,6743574.783,38409964.28,ACTIVE,4/12/2011,90009,6.743575,38.409964,Valid
6,0.0,,932557584,Girma Yutera ,600515,6743560.317,38410049.47,ACTIVE,4/12/2011,90009,6.74356,38.410049,Valid
6,0.0,,,Daye Gobaro,600516,6743658.767,38410168.32,Active,4/10/2012,90009,6.743659,38.410168,Valid
6,0.0,,916164668,Yohannes Letamo,600517,6743526.683,38410161.3,ACTIVE,4/12/2011,90009,6.743527,38.410161,Valid
6,0.0,,9439947158,Gebre Muso,600518,6743775.067,38410344.6,ACTIVE,4/12/2011,90009,6.743775,38.410345,Valid
6,0.0,,926389310,Bezabih Gurbayo,600519,6744293.7,38410861.08,ACTIVE,4/12/2011,90009,6.744294,38.410861,Valid
6,0.0,,,Desalegn Borsamo,600520,6743988.85,38412445.4,Active,4/10/2012,90009,6.743989,38.412445,Valid
6,0.0,,,Legese Lalimo,600521,6743995.317,38412634.15,DISCONNECT,4/10/2012,90009,6.743995,38.412634,Valid
6,0.0,,,Fanta Yututa,600522,6744001.45,38412760.58,Active,4/10/2012,90009,6.744001,38.412761,Valid
6,0.0,,,Siyoum Sieso,600523,6744106.667,38412923.25,Active,4/10/2012,90009,6.744107,38.412923,Valid
6,0.0,,949650502,Kefyalew Gugo,600524,6744216.733,38413135.53,ACTIVE,4/12/2011,90009,6.744217,38.413136,Valid
6,0.0,,916169892,Ayelech Banata,600525,6744448.25,38412872.05,ACTIVE,41/02/012_,90009,6.744448,38.412872,Valid
6,0.0,,,Frew Gebiba,600526,6743660.317,38412391.33,DISCONNECT,4/10/2012,90009,6.74366,38.412391,Valid
6,0.0,,,Fetlewerk Birhanu,600527,6744351.4,38412562.27,Active,4/10/2012,90009,6.744351,38.412562,Valid
6,0.0,,,Abebe Adela,600528,6744348.567,38412521.02,ACTIVE,4/10/2012,90009,6.744349,38.412521,Valid
6,0.0,,905248998,Asrat Adela,600529,6744371.067,38412473.3,DISCONNECT,4/12/2011,90009,6.744371,38.412473,Valid
6,0.0,,913992359,Frew Legesse,600530,6744267.15,38412426.3,ACTIVE,4/12/2011,90009,6.744267,38.412426,Valid
6,0.0,,,Asfaw Bedane,600531,0.0,0.0,DISCONNECT,4/10/2012,90009,,,Missing or Invalid GPS
6,0.0,,,Adanech Alemu,600532,6746253.767,38412479.85,Active,4/10/2012,90009,6.746254,38.41248,Valid
6,0.0,,910313291,Fikru Lema,600533,6747688.183,38410969.15,ACTIVE,4/12/2011,90009,6.747688,38.410969,Valid
6,0.0,,913189730,Sintayehu Asefa,600534,6747588.9,38411202.02,ACTIVE,4/12/2011,90009,6.747589,38.411202,Valid
6,0.0,,910449788,Kedija Zeyine ,600535,6747608.633,38411022.52,ACTIVE,41-02-012_,90009,6.747609,38.411023,Valid
6,0.0,,916965757,Sisay Tesfaye,600536,6747424.2,38410947.48,ACTIVE,4/12/2011,90009,6.747424,38.410947,Valid
6,0.0,,,Aynalem Desu,600537,6747665.733,38410885.7,Active,4/10/2012,90009,6.747666,38.410886,Valid
6,0.0,,,Qelemu Hailu,600538,6747610.05,38410852.72,Active,4/10/2012,90009,6.74761,38.410853,Valid
6,0.0,,,Goa Kasamo,600539,6750622.833,38424292.8,ACTIVE,4/10/2012,90009,6.750623,38.424293,Valid
6,0.0,,,Tsehay Tamiru,600540,6746483.5,38408533.98,Active,4/10/2012,90009,6.746484,38.408534,Valid
6,0.0,,934010113,Dawit Bekele,600541,6746378.55,38408362.82,ACTIVE,4/12/2011,90009,6.746379,38.408363,Valid
6,0.0,,,Kia Buro,600542,6745990.567,38413917.03,Active,4/10/2012,90009,6.745991,38.413917,Valid
6,0.0,,,Meselech Tadesse,600543,6747093.117,38408244.3,Active,4/10/2012,90009,6.747093,38.408244,Valid
6,0.0,,916433817,Kasahun Kachara,600544,6746115.65,38411636.45,ACTIVE,4/12/2011,90009,6.746116,38.411636,Valid
6,,,,Belaynesh Bekele,600545,6752142.533,38427811.65,DISCONNECT,4/10/2012,90009,6.752143,38.427812,Valid
6,,,932602213,Tenaye Hamaro,600546,6746609.583,38408806.92,ACTIVE,4/12/2011,90009,6.74661,38.408807,Valid
6,,,,No. 3 Secondary School,600547,0.0,0.0,DISCONNECT,4/10/2012,90009,,,Missing or Invalid GPS
6,,,,Barsamo Abate,600548,0.0,0.0,TERMINATE,4/10/2012,90009,,,Missing or Invalid GPS
6,,,,Tesfayu Fiseha,600549,0.0,0.0,DISCONNECT,4/10/2012,90009,,,Missing or Invalid GPS
6,,,,Desta Mukuka,600550,6746388.533,38414332.95,ACTIVE,4/10/2012,90009,6.746389,38.414333,Valid
6,,,,Asfaw Dinbalo,600551,0.0,0.0,DISCONNECT,4/10/2012,90009,,,Missing or Invalid GPS
6,,,,Desta Mukuka,600552,0.0,0.0,TERMINATE,4/10/2012,90009,,,Missing or Invalid GPS
6,,,,Borsamo Abate,600553,6746693.717,38413474.0,Active,4/10/2012,90009,6.746694,38.413474,Valid
6,,,,Asfaw Dembelo,600554,0.0,0.0,DISCONNECT,4/10/2012,90009,,,Missing or Invalid GPS
6,,,,Tesfaye Fiseha,600555,0.0,0.0,DISCONNECT,4/10/2012,90009,,,Missing or Invalid GPS
6,,,,Melat Misgana,600556,0.0,0.0,DISCONNECT,4/10/2012,90009,,,Missing or Invalid GPS
6,,,,Etagenehu Abebe,600557,0.0,0.0,DISCONNECT,4/10/2012,90009,,,Missing or Invalid GPS
6,,,934553256,Birqnesh Agate,600558,6745841.517,38410565.77,ACTIVE,4/12/2011,90009,6.745842,38.410566,Valid
6,,,,Alebachew Teshome,600559,0.0,0.0,TERMINATE,4/10/2012,90009,,,Missing or Invalid GPS
6,,,911109829,Alebel Teshome,600560,6750393.317,38421409.72,ACTIVE,4/12/2011,90009,6.750393,38.42141,Valid
6,,,,Birhanu Abebe,600561,0.0,0.0,DISCONNECT,4/10/2012,90009,,,Missing or Invalid GPS
6,,,,Rahel Asrat,600562,0.0,0.0,DISCONNECT,4/10/2012,90009,,,Missing or Invalid GPS
6,,,916054405,Melat Misgana,600563,6752936.683,38400009.05,ACTIVE,4/12/2011,90009,6.752937,38.400009,Valid
6,,,913998564,Tesfaye Fiseha,600564,6743923.267,38412628.47,ACTIVE,4/12/2011,90009,6.743923,38.412628,Valid
6,,,,Etagenehu Abebe,600565,6746047.367,38409125.3,Active,4/10/2012,90009,6.746047,38.409125,Valid
6,,,,Asfaw Dembelo,600566,6744985.3,38412623.53,Active,4/10/2012,90009,6.744985,38.412624,Valid
6,,,,Tesfaye Fiseha,600567,0.0,0.0,DISCONNECT,4/10/2012,90009,,,Missing or Invalid GPS
6,,,,Dr. Fikru Getu,600568,6745550.5,38411207.4,Active,4/10/2012,90009,6.745551,38.411207,Valid
6,,,912111232,Asegedech Lema,600569,6745959.15,38408930.52,ACTIVE,4/12/2011,90009,6.745959,38.408931,Valid
6,,,911780088,Amanuel Moges ,600570,6748045.883,38409960.2,ACTIVE,41/22/011_,90009,6.748046,38.40996,Valid
6,,,935931918,Menene Qonsa,600571,6741822.067,38414082.6,ACTIVE,4/12/2011,90009,6.741822,38.414083,Valid
6,,,,Tesfanesh Tadesse,600572,6747088.233,38414212.45,Active,4/10/2012,90009,6.747088,38.414212,Valid
6,,,,Senayit Amare,600573,0.0,0.0,DISCONNECT,4/10/2012,90009,,,Missing or Invalid GPS
6,,,,Adane Amelo,600574,6745983.35,38413718.2,ACTIVE,4/10/2012,90009,6.745983,38.413718,Valid
6,,,,Mesfin Qitesa,600575,6747775.967,38410734.12,ACTIVE,4/10/2012,90009,6.747776,38.410734,Valid
6,,,,Laqech W/Meskel,600576,6745153.933,38410135.03,Active,4/10/2012,90009,6.745154,38.410135,Valid
6,,,,Adane Gunfaro,600577,6745987.15,38408773.88,Active,4/10/2012,90009,6.745987,38.408774,Valid
6,,,916165995,Worku Kebede,600578,6745798.217,38410719.87,ACTIVE,4/12/2011,90009,6.745798,38.41072,Valid
6,,,,Kefyalew Gugo,600579,6745045.233,38410362.32,Active,4/10/2012,90009,6.745045,38.410362,Valid
6,,,911591631,Abayneh Qena Qunitara ,600580,6744262.0,38412480.0,ACTIVE,41-02-012_,90009,6.744262,38.41248,Valid
6,,,932602160,Ashenafi Lanqamo,600581,6744994.933,38412676.95,ACTIVE,4/12/2011,90009,6.744995,38.412677,Valid
6,,,927153214,Tesfaye G/Michael,600582,6746073.933,38408352.42,ACTIVE,4/12/2011,90009,6.746074,38.408352,Valid
6,,,,Tamiru Natesa,600583,6744359.467,38412764.85,Active,4/10/2012,90009,6.744359,38.412765,Valid
6,,,,Zeleke Dangiso,600584,6747382.417,38414603.57,Active,4/10/2012,90009,6.747382,38.414604,Valid
6,,,,Tariqwa Shega,600585,6744841.5,38409826.93,Active,4/10/2012,90009,6.744841,38.409827,Valid
6,,,,Muse Tumato,600586,6744386.6,38413206.2,Active,4/10/2012,90009,6.744387,38.413206,Valid
6,,,,Belayneh Barsamo,600587,6746066.35,38413758.97,Active,4/10/2012,90009,6.746066,38.413759,Valid
6,,,,Abebaw Taye,600588,6743448.983,38410194.42,Active,4/10/2012,90009,6.743449,38.410194,Valid
6,,,916923274,Demoze Bekele ,600589,6746444.0,38414360.0,ACTIVE,41-22-011_,90009,6.746444,38.41436,Valid
6,,,,Ange Aman,600590,6745944.9,38410865.05,Active,4/10/2012,90009,6.745945,38.410865,Valid
6,,,911744801,Gete Kebede,600591,6743066.65,38411750.87,ACTIVE,4/12/2011,90009,6.743067,38.411751,Valid
6,,,,Shermolo Abdela,600592,6745413.9,38409327.83,Active,4/10/2012,90009,6.745414,38.409328,Valid
6,,,912108562,Qes Petros Debiso,600593,6745867.883,38413045.93,ACTIVE,4/12/2011,90009,6.745868,38.413046,Valid
6,,,,Gete Kebede,600594,6745482.1,38409476.43,Active,4/10/2012,90009,6.745482,38.409476,Valid
6,,,916503978,Beyene Badebo,600595,6746663.217,38411287.65,ACTIVE,4/12/2011,90009,6.746663,38.411288,Valid
6,,,,Mewuba Kiyar,600596,6747093.8,38413155.02,Active,4/10/2012,90009,6.747094,38.413155,Valid
6,,,,Gosaye Seyid,600598,6745453.417,38409118.52,Active,4/10/2012,90009,6.745453,38.409119,Valid
6,,,,Yosef Zewde,600599,6745133.383,38410720.25,DISCONNECT,4/10/2012,90009,6.745133,38.41072,Valid
6,,,,Y/Alem 2nd Grade Preparatory School,600600,0.0,0.0,DISCONNECT,4/10/2012,90009,,,Missing or Invalid GPS
6,,,954803881,Abera Geramo,600601,6745210.95,38413091.08,ACTIVE,41-22-011_,90009,6.745211,38.413091,Valid
6,,,916164045,Tiglu Tamene,600602,6745379.383,38413356.35,ACTIVE,4/12/2011,90009,6.745379,38.413356,Valid
6,,,910913556,Tesfaye Selemon,600603,6743710.433,38410249.58,ACTIVE,4/12/2011,90009,6.74371,38.41025,Valid
6,,,,Genet Mekuria,600604,6745816.917,38410825.62,Active,4/10/2012,90009,6.745817,38.410826,Valid
6,,,,Feyiftu Delisa,600605,6745495.117,38409434.48,Active,4/10/2012,90009,6.745495,38.409434,Valid
6,,,,Ashenafu Kufiso,600606,0.0,0.0,DISCONNECT,4/10/2012,90009,,,Missing or Invalid GPS
6,,,983817126,Adisu Ageze ,600607,6743551.0,38410060.0,ACTIVE,41-02-012_,90009,6.743551,38.41006,Valid
6,,,977028432,Dawit Daniso,600608,6745147.983,38412447.73,ACTIVE,4/12/2011,90009,6.745148,38.412448,Valid
6,,,,Habte Senbeto,600609,6747686.317,38409284.97,ACTIVE,4/12/2011,90009,6.747686,38.409285,Valid
6,,,937267912,Gete Mola,600611,6745323.483,38408684.15,ACTIVE,4/12/2011,90009,6.745323,38.408684,Valid
6,,,,Abte Salo,600612,6745765.5,38410244.12,Active,4/10/2012,90009,6.745766,38.410244,Valid
6,,,,Dimru Daniso,600613,0.0,0.0,DISCONNECT,4/10/2012,90009,,,Missing or Invalid GPS
6,,,911799497,Wubager Solomon ,600614,6743789.35,38410379.72,ACTIVE,4/12/2011,90009,6.743789,38.41038,Valid
6,,,916308008,Shurbe Adiqo,600615,6745305.667,38413757.73,ACTIVE,4/12/2011,90009,6.745306,38.413758,Valid
6,,,916164903,Demse Kuyisa,600616,6746635.433,38413385.15,ACTIVE,4/12/2011,90009,6.746635,38.413385,Valid
6,,,,Ashenafi Sidamo,600617,6744303.617,38412265.32,Active,4/10/2012,90009,6.744304,38.412265,Valid
6,,,926614041,Asefa Tute,600618,6745282.133,38413662.72,ACTIVE,4/12/2011,90009,6.745282,38.413663,Valid
6,,,,Muntasha Toko,600619,6749974.15,38419246.18,DISCONNECT,4/10/2012,90009,6.749974,38.419246,Valid
6,,,939148443,Senayit Aklilu,600620,6745302.317,38410120.12,ACTIVE,4/12/2011,90009,6.745302,38.41012,Valid
6,,,945634225,Aster Lalego,600621,6745203.433,38411139.7,ACTIVE,4/12/2011,90009,6.745203,38.41114,Valid
6,,,,Mesfin Arage,600622,6744861.433,38409815.85,Active,4/10/2012,90009,6.744861,38.409816,Valid
6,,,,ZDS akisiyon Mahiber ,600623,0.0,0.0,DISCONNECT,4/10/2012,90009,,,Missing or Invalid GPS
6,,,,Askale Agena,600624,6745530.583,38409779.75,Active,4/10/2012,90009,6.745531,38.40978,Valid
6,,,,Eshetu Tadesse,600625,6744836.1,38411882.07,Active,4/10/2012,90009,6.744836,38.411882,Valid
6,,,,Endale Shifa,600626,6743814.367,38409381.82,Active,4/10/2012,90009,6.743814,38.409382,Valid
6,,,,Hiwot B/Mariyam,600627,6747795.5,38410062.12,Active,4/10/2012,90009,6.747795,38.410062,Valid
6,,,,Tibebu Dese,600628,6746444.75,38408339.47,Active,4/10/2012,90009,6.746445,38.408339,Valid
6,,,,Desalegn Debela,600629,6745105.967,38410579.45,Active,4/10/2012,90009,6.745106,38.410579,Valid
6,,,964040629,Melkamu Bonche,600630,6745681.967,38410162.75,ACTIVE,4/12/2011,90009,6.745682,38.410163,Valid
6,,,,Genet Tesfaye,600631,6746207.433,38410980.28,Active,4/10/2012,90009,6.746207,38.41098,Valid
6,,,,Y/A/K/M/Green Area No.1,600632,0.0,0.0,DISCONNECT,4/10/2012,90009,,,Missing or Invalid GPS
6,,,,Y/A/K/M/Green Area No.2,600633,0.0,0.0,DISCONNECT,4/10/2012,90009,,,Missing or Invalid GPS
6,,,916810592,Degtu Haqamo,600634,6744381.4,38412852.77,ACTIVE,4/12/2011,90009,6.744381,38.412853,Valid
6,,,,Elfnesh Abebe,600635,6739364.633,38413676.23,Active,4/10/2012,90009,6.739365,38.413676,Valid
6,,,926614200,Mebrat Matiwos,600636,6742526.917,38409411.42,ACTIVE,4/12/2011,90009,6.742527,38.409411,Valid
7,1.0,,,Abebayu T/Hana,700001,6748453.983,38414024.32,Active,4/10/2012,90009,6.748454,38.414024,Valid
7,400.0,,,Yewoinhareg Darara,700002,6748212.3,38414009.55,ACTIVE,4/12/2011,90009,6.748212,38.41401,Valid
7,3.0,,916830171,Mintwab Mesele,700003,6748588.433,38416242.93,ACTIVE,4/12/2011,90009,6.748588,38.416243,Valid
7,397.0,,,Menbere Mamo,700004,6748160.733,38413981.18,Active,4/10/2012,90009,6.748161,38.413981,Valid
7,0.0,,911014152,KIdist Asefa ,700005,6747989.567,38414167.98,ACTIVE,4/12/2011,90009,6.74799,38.414168,Valid
7,940.0,,,Temertse Tadesse,700006,6747986.8,38414368.1,Active,4/10/2012,90009,6.747987,38.414368,Valid
7,230.0,,,Almaz G/Michael,700007,6747967.967,38414616.3,Active,4/10/2012,90009,6.747968,38.414616,Valid
7,959.0,,,Desta Ameno,700008,6748088.533,38415619.77,Active,4/10/2012,90009,6.748089,38.41562,Valid
7,561.0,,,Wendimu Mishamo,700009,6747690.367,38414910.1,ACTIVE,4/10/2012,90009,6.74769,38.41491,Valid
7,0.0,,,Aschalew Belay,700010,6747615.85,38415605.85,ACTIVE,4/12/2011,90009,6.747616,38.415606,Valid
7,0.0,,,Gidabo Kebt Irbata,700011,0.0,0.0,DISCONNECT,4/10/2012,90009,,,Missing or Invalid GPS
7,408.0,,945862942,Mekides Tadesse ,700012,6748333.0,38415740.87,ACTIVE,4/12/2011,90009,6.748333,38.415741,Valid
7,968.0,,916505193,Gashawbeza Temesgen,700013,6748400.233,38415800.33,ACTIVE,4/12/2011,90009,6.7484,38.4158,Valid
7,971.0,,916079826,Ayinalem Feleke ,700014,6748464.4,38415773.42,ACTIVE,4/12/2011,90009,6.748464,38.415773,Valid
7,0.0,,,Selemon Shiferaw,700015,6748617.4,38416164.9,Active,4/10/2012,90009,6.748617,38.416165,Valid
7,220.0,,,Shibesh Regassa,700016,6748613.8,38416347.92,Active,4/10/2012,90009,6.748614,38.416348,Valid
7,0.0,,916807989,M/Re G/Michael Debesa,700017,6748675.017,38416286.47,ACTIVE,4/12/2011,90009,6.748675,38.416286,Valid
7,0.0,,916808929,Mekdes Tadesse,700018,6748832.35,38416042.3,ACTIVE,4/12/2011,90009,6.748832,38.416042,Valid
7,948.0,,916809585,Eseyagenew G/Hiwot,700019,6749029.8,38415703.08,ACTIVE,4/12/2011,90009,6.74903,38.415703,Valid
7,29.0,,993909780,Kebede Ayele,700020,6748880.3,38415558.98,ACTIVE,4/12/2011,90009,6.74888,38.415559,Valid
7,46.0,,967236188,Getachew Mamacha,700021,6748870.767,38415507.25,ACTIVE,41/02/012_,90009,6.748871,38.415507,Valid
7,0.0,,926909257,Iyerusalem Tefera,700022,6748789.617,38415511.77,ACTIVE,4/12/2011,90009,6.74879,38.415512,Valid
7,1.0,,,Tareqegn Tadele,700023,6748724.633,38415396.95,DISCONNECT,4/10/2012,90009,6.748725,38.415397,Valid
7,942.0,,,Aliyu Borsamo,700024,6748823.183,38415466.95,Active,4/10/2012,90009,6.748823,38.415467,Valid
7,941.0,,,Yohannes Shode,700025,6748800.15,38415363.73,Active,4/10/2012,90009,6.7488,38.415364,Valid
7,21.0,,924329809,Mereid Abebe,700026,6748723.517,38415197.93,ACTIVE,4/12/2011,90009,6.748724,38.415198,Valid
7,0.0,,,Amezenech Azay,700027,6748599.65,38415203.72,Active,4/10/2012,90009,6.7486,38.415204,Valid
7,10.0,,,Daniel Hayeso,700028,6748537.233,38414825.0,Active,4/10/2012,90009,6.748537,38.414825,Valid
7,0.0,,916050929,Tolosa Tefera,700029,6748551.9,38414586.23,ACTIVE,4/12/2011,90009,6.748552,38.414586,Valid
7,9.0,,911973586,Suriye Ayele ,700030,6748529.833,38414420.42,ACTIVE,4/12/2011,90009,6.74853,38.41442,Valid
7,7.0,,,Gete Asfaw,700031,6748581.95,38414397.7,Active,4/10/2012,90009,6.748582,38.414398,Valid
7,931.0,,964040478,Temerte Tadese ,700032,6748473.483,38414038.77,ACTIVE,4/12/2011,90009,6.748473,38.414039,Valid
7,929.0,,911995639,Fura Center No.1,700033,6749112.667,38415013.73,ACTIVE,4/12/2011,90009,6.749113,38.415014,Valid
7,35.0,,911995639,Fura Center No.2,700034,6749309.1,38414347.63,ACTIVE,4/12/2011,90009,6.749309,38.414348,Valid
7,0.0,,,Y/A/K/Finance and I/L/Office,700035,0.0,0.0,DISCONNECT,4/10/2012,90009,,,Missing or Invalid GPS
6,0.0,,,Mifta Mohammed,600715,6750920.6,38424477.9,DISCONNECT,4/12/2011,90009,6.750921,38.424478,Valid
5,715.0,,,Aynalem Desta,501094,6751573.0,38425480.0,ACTIVE,4/12/2011,90007,6.751573,38.42548,Valid
7,717.0,,,Misale G/Yes,700038,6749002.7,38415378.78,Active,4/10/2012,90009,6.749003,38.415379,Valid
7,301.0,,,Y/A/K/Capacity Building,700039,0.0,0.0,DISCONNECT,4/10/2012,90009,,,Missing or Invalid GPS
7,302.0,,,Y/A/K/Omo MI/Finance,700040,6750768.883,38425105.72,DISCONNECT,4/10/2012,90009,6.750769,38.425106,Valid
7,0.0,,,Yiftusira Abebe,700041,6750791.2,38424862.48,Active,4/10/2012,90009,6.750791,38.424862,Valid
7,701.0,,911158628,Nuriya Sirbaro ,700042,6750776.717,38424851.1,ACTIVE,4/12/2011,90009,6.750777,38.424851,Valid
7,0.0,,,Shiro Abdisa,700043,0.0,0.0,DISCONNECT,4/10/2012,90009,,,Missing or Invalid GPS
7,0.0,,,Fantaye Mekonnen,700044,6752002.133,38425624.82,Active,4/10/2012,90009,6.752002,38.425625,Valid
7,704.0,,944015694,Matiwos Baje,700045,6749888.0,38415730.0,ACTIVE,41-22-011_,90009,6.749888,38.41573,Valid
7,0.0,,911079408,Zewuditu Belay ,700046,6749769.483,38415563.77,ACTIVE,4/12/2011,90009,6.749769,38.415564,Valid
7,0.0,,993909557,Belete Abayneh ,700047,6749933.5,38415919.68,ACTIVE,4/12/2011,90009,6.749934,38.41592,Valid
7,305.0,,977766874,Gebeyahu Setegn,700048,6749966.35,38415975.63,ACTIVE,4/12/2011,90009,6.749966,38.415976,Valid
7,306.0,,,Gadisa Genale,700049,0.0,0.0,DISCONNECT,4/10/2012,90009,,,Missing or Invalid GPS
7,0.0,,,Q/Mika/Bet/Christian,700050,6748910.483,38416142.35,Active,4/10/2012,90009,6.74891,38.416142,Valid
5,709.0,,926989407,Asfaw Dukemo,501093,6750133.0,38416360.0,ACTIVE,4/12/2011,90007,6.750133,38.41636,Valid
7,0.0,,923364296,Tsehay Mosa,700052,6750347.617,38416245.78,DISCONNECT,4/12/2011,90009,6.750348,38.416246,Valid
7,311.0,,,Laqech Mulat,700053,0.0,0.0,DISCONNECT,4/10/2012,90009,,,Missing or Invalid GPS
7,0.0,,,Mekuria Mamo,700054,6750090.35,38416178.77,Active,4/10/2012,90009,6.75009,38.416179,Valid
7,0.0,,,Sajin Asefa Dika,700055,7205823.8,37631585.82,Active,4/10/2012,90009,7.205824,37.631586,Valid
7,0.0,,913279635,Atsede Engida,700056,6750193.95,38416399.32,ACTIVE,4/12/2011,90009,6.750194,38.416399,Valid
7,917.0,,,Temesgen Mazengiya,700057,0.0,0.0,DISCONNECT,4/10/2012,90009,,,Missing or Invalid GPS
7,48.0,,,Nigist Tadesse,700058,6748704.717,38412171.12,ACTIVE,4/12/2011,90009,6.748705,38.412171,Valid
7,49.0,,,Q/Mika/Bet/Christian,700059,6750169.8,38417110.22,Active,4/10/2012,90009,6.75017,38.41711,Valid
7,0.0,,,Tefera Tesema,700060,0.0,0.0,DISCONNECT,4/10/2012,90009,,,Missing or Invalid GPS
7,0.0,,,Almaz Zegeye,700061,6750170.983,38416394.8,DISCONNECT,4/10/2012,90009,6.750171,38.416395,Valid
7,0.0,,,Aschalew Misale,700062,6750183.2,38416458.87,DISCONNECT,4/10/2012,90009,6.750183,38.416459,Valid
7,0.0,,926129188,Senayit Abayneh ,700063,6750092.067,38416540.37,ACTIVE,4/12/2011,90009,6.750092,38.41654,Valid
7,0.0,,919658674,Zewtir Eshete,700064,6750140.2,38416561.8,ACTIVE,41/22/011_,90009,6.75014,38.416562,Valid
7,0.0,,911033990,Mandefro Tesfaye,700065,6750237.5,38416755.03,ACTIVE,41-22-011_,90009,6.750237,38.416755,Valid
7,0.0,,916772789,Kebebush Agaro ,700066,6750137.683,38417012.47,ACTIVE,4/12/2011,90009,6.750138,38.417012,Valid
7,0.0,,,Sirak Abebe,700067,6750127.067,38416959.9,Active,4/10/2012,90009,6.750127,38.41696,Valid
7,270.0,,,Abebe Bolka,700068,6750220.183,38417318.12,Active,4/10/2012,90009,6.75022,38.417318,Valid
7,269.0,,,Matiwos Melesse,700069,6750748.6,38417831.62,DISCONNECT,4/10/2012,90009,6.750749,38.417832,Valid
7,922.0,,916106318,Teqiya Kedir,700070,6750155.75,38417003.62,ACTIVE,4/12/2011,90009,6.750156,38.417004,Valid
7,268.0,,916503730,Muluwork W/Kiden,700071,6750192.483,38417235.33,ACTIVE,4/12/2011,90009,6.750192,38.417235,Valid
7,267.0,,,Etagegnew Gmariyam ,700072,6750136.6,38417040.28,ACTIVE,4/12/2011,90009,6.750137,38.41704,Valid
7,0.0,,,Yimenyushal Mekonnen,700073,0.0,0.0,DISCONNECT,4/10/2012,90009,,,Missing or Invalid GPS
7,335.0,,,Tsehay Irqiyihun,700074,6750852.75,38417061.15,ACTIVE,4/10/2012,90009,6.750853,38.417061,Valid
7,63.0,,,Abebe Bolka,700075,0.0,0.0,DISCONNECT,4/10/2012,90009,,,Missing or Invalid GPS
7,0.0,,,Efrem Geremew,700076,6750801.3,38417148.62,Active,4/10/2012,90009,6.750801,38.417149,Valid
7,0.0,,,Wendimu Guye,700077,6750326.35,38415251.13,ACTIVE,4/10/2012,90009,6.750326,38.415251,Valid
7,815.0,,925645643,Achula Naramo,700078,6750165.117,38417047.07,ACTIVE,4/12/2011,90009,6.750165,38.417047,Valid
7,0.0,,913099687,T/Work Tadesse,700079,6750516.667,38417654.3,ACTIVE,4/12/2011,90009,6.750517,38.417654,Valid
7,924.0,,916100497,Dawit Yote ,700080,6750231.233,38417415.92,ACTIVE,41-02-012_,90009,6.750231,38.417416,Valid
7,925.0,,913224973,Musa Aman,700081,6749894.217,38418542.57,ACTIVE,4/12/2011,90009,6.749894,38.418543,Valid
7,997.0,,,Degife Danso,700082,6749873.767,38417796.73,Active,4/10/2012,90009,6.749874,38.417797,Valid
7,0.0,,,Daniel Dawit,700083,6749780.217,38417859.47,Active,4/10/2012,90009,6.74978,38.417859,Valid
7,803.0,,,Asfaw Bezabih,700084,6749527.767,38417571.37,Active,4/10/2012,90009,6.749528,38.417571,Valid
7,1012.0,,966480535,Ayalew Tilahun ,700085,6749915.417,38417797.27,ACTIVE,4/12/2011,90009,6.749915,38.417797,Valid
7,0.0,,,Marshet Degene,700086,6749095.6,38417918.12,ACTIVE,4/12/2011,90009,6.749096,38.417918,Valid
7,0.0,,916504854,Rodamo Itiso,700087,6749918.517,38417806.92,ACTIVE,4/12/2011,90009,6.749919,38.417807,Valid
7,0.0,,916433808,Belayneh Haymanot,700088,6749111.35,38418108.3,ACTIVE,41-02-012_,90009,6.749111,38.418108,Valid
7,2278.0,,,Cheru Meto,700089,6749337.217,38418429.43,ACTIVE,4/10/2012,90009,6.749337,38.418429,Valid
7,118.0,,,Dagimawit Mulat,700090,6749356.883,38418514.52,ACTIVE,4/10/2012,90009,6.749357,38.418515,Valid
7,407.0,,,Petros Qeparo,700091,6749293.433,38418557.87,Active,4/10/2012,90009,6.749293,38.418558,Valid
7,1019.0,,,Meselech Tumato,700092,6749370.55,38418589.22,Active,4/10/2012,90009,6.749371,38.418589,Valid
7,1006.0,Awada,916373982,Zehara Bahiru,700093,6749328.983,38418685.62,ACTIVE,41-02-012_,90009,6.749329,38.418686,Valid
7,0.0,,,Sha. Teshome Gone,700094,6749407.733,38418687.47,Active,4/10/2012,90009,6.749408,38.418687,Valid
7,0.0,,,Shitaye Ayamu,700095,6745190.5,38410144.1,Active,4/10/2012,90009,6.74519,38.410144,Valid
7,992.0,,986479169,Aklilu Borsamo,700096,6749108.75,38419039.48,ACTIVE,41/02/012_,90009,6.749109,38.419039,Valid
7,992.0,,987239881,Girma Demse,700097,6750240.467,38418580.9,ACTIVE,4/12/2011,90009,6.75024,38.418581,Valid
7,0.0,,,Tsegaye Worku,700098,6750334.25,38418546.25,Active,4/10/2012,90009,6.750334,38.418546,Valid
7,120.0,,,Muse Dorsiso,700099,6750596.817,38418528.97,Active,4/10/2012,90009,6.750597,38.418529,Valid
7,0.0,,913444548,Gezahegn G/Michael,700100,6749743.483,38418092.27,ACTIVE,4/12/2011,90009,6.749743,38.418092,Valid
7,794.0,,,Burqa Gulfa,700101,0.0,0.0,DISCONNECT,4/10/2012,90009,,,Missing or Invalid GPS
7,0.0,,,Kebede Ketema,700102,6750195.867,38417123.75,DISCONNECT,4/10/2012,90009,6.750196,38.417124,Valid
7,261.0,,916862465,Eleni Tesfaye,700103,6750493.733,38417761.07,ACTIVE,4/12/2011,90009,6.750494,38.417761,Valid
7,0.0,,911007753,Tesfaye Tasew,700104,6750689.967,38417862.13,ACTIVE,4/12/2011,90009,6.75069,38.417862,Valid
7,0.0,,916434787,Melese Tilahun,700105,6750295.15,38417878.03,ACTIVE,4/12/2011,90009,6.750295,38.417878,Valid
7,0.0,,,Argeta Agaro,700106,6749767.183,38417831.13,DISCONNECT,4/10/2012,90009,6.749767,38.417831,Valid
7,1231.0,,916448647,Marta Kawiso,700107,6750214.917,38417921.05,ACTIVE,4/12/2011,90009,6.750215,38.417921,Valid
7,284.0,,,Tariku Alemayehu,700108,6750580.683,38418191.8,ACTIVE,4/12/2011,90009,6.750581,38.418192,Valid
7,0.0,,,Mulat Engidayehu,700109,6750589.183,38418198.15,Active,4/10/2012,90009,6.750589,38.418198,Valid
7,0.0,,916642157,Mesafint Meesa,700110,6750319.433,38418089.37,ACTIVE,4/12/2011,90009,6.750319,38.418089,Valid
7,0.0,,,Argeta Qaqawo,700111,6750803.55,38418386.33,Active,4/10/2012,90009,6.750804,38.418386,Valid
7,0.0,,967235967,Ejigayehu Worku,700112,6750633.617,38418517.2,ACTIVE,4/12/2011,90009,6.750634,38.418517,Valid
7,1744.0,,,Shi Feraw Gebre,700113,6750634.7,38418723.9,Active,4/10/2012,90009,6.750635,38.418724,Valid
7,2204.0,,,Abebayu Kebede,700114,6750580.217,38413783.52,Active,4/10/2012,90009,6.75058,38.413784,Valid
7,0.0,,916434462,Hana Dona,700115,6750506.633,38418862.97,ACTIVE,4/12/2011,90009,6.750507,38.418863,Valid
7,1034.0,,,Getiso Gebiso,700116,6750515.933,38418874.73,Active,4/10/2012,90009,6.750516,38.418875,Valid
7,2070.0,,,Aregash Wetaro,700117,6750463.683,38418976.58,Active,4/10/2012,90009,6.750464,38.418977,Valid
7,2280.0,,,Kassa Korem,700118,6750499.617,38419090.58,Active,4/10/2012,90009,6.7505,38.419091,Valid
7,0.0,,913164650,Seyfu Woraqo,700119,6749351.733,38419721.48,ACTIVE,4/12/2011,90009,6.749352,38.419721,Valid
7,0.0,,937557724,Meskerem Weraqo ,700120,6750643.533,38419063.75,ACTIVE,4/12/2011,90009,6.750644,38.419064,Valid
7,0.0,,969761364,Sitota Dasa,700121,6750637.35,38419139.77,ACTIVE,4/12/2011,90009,6.750637,38.41914,Valid
7,0.0,,910329392,Tirunesh W/Giorgis,700122,6750462.517,38419336.72,ACTIVE,4/12/2011,90009,6.750463,38.419337,Valid
7,40.0,,,Teklu G/Yes,700123,6750616.1,38418836.42,Active,4/10/2012,90009,6.750616,38.418836,Valid
7,0.0,,,Tumato Tura,700124,0.0,0.0,DISCONNECT,4/10/2012,90009,,,Missing or Invalid GPS
7,230.0,,926329139,Tesfaye Shiferaw,700125,6750536.0,38419261.38,ACTIVE,4/12/2011,90009,6.750536,38.419261,Valid
7,2203.0,,,G/Tekle Tibebu,700126,6750486.317,38419367.03,Active,4/10/2012,90009,6.750486,38.419367,Valid
7,0.0,,926040901,Shitaye Ufisa,700127,6750495.583,38419500.18,ACTIVE,4/12/2011,90009,6.750496,38.4195,Valid
7,0.0,,,Birhanu Debeko,700128,6750445.217,38419497.12,Active,4/10/2012,90009,6.750445,38.419497,Valid
7,0.0,,,Kifle Gaga,700129,6750482.65,38419562.98,Active,4/10/2012,90009,6.750483,38.419563,Valid
7,0.0,,,W/Yohannes Wegisa,700130,6750627.667,38419510.55,Active,4/10/2012,90009,6.750628,38.419511,Valid
7,0.0,,,Alemu Mekonnen,700131,6750642.35,38419639.38,Active,4/10/2012,90009,6.750642,38.419639,Valid
7,0.0,,,Etenesh Abebe,700132,6750675.667,38419715.55,ACTIVE,4/12/2011,90009,6.750676,38.419716,Valid
7,0.0,,964031161,Azalech Dubale ,700133,6750426.85,38419704.77,ACTIVE,4/12/2011,90009,6.750427,38.419705,Valid
7,0.0,,,Tewabech W/Michael,700134,6750381.25,38419707.03,Active,4/10/2012,90009,6.750381,38.419707,Valid
7,0.0,,916374657,Beriso Yonte,700135,6750413.45,38419753.27,ACTIVE,4/12/2011,90009,6.750413,38.419753,Valid
7,0.0,,,Jamal Bada,700136,6750021.617,38419735.77,ACTIVE,4/10/2012,90009,6.750022,38.419736,Valid
7,0.0,,,Dawit Kawiso,700137,6749834.017,38419664.42,Active,4/10/2012,90009,6.749834,38.419664,Valid
7,0.0,,,Fiche Chembelala W/K/Irbata,700138,0.0,0.0,DISCONNECT,4/10/2012,90009,,,Missing or Invalid GPS
7,0.0,,912075074,Tilahun Garsamo,700139,6749851.583,38420581.8,ACTIVE,4/12/2011,90009,6.749852,38.420582,Valid
7,0.0,,,Daniel Tefera,700140,6749775.983,38420094.9,Active,4/10/2012,90009,6.749776,38.420095,Valid
7,0.0,,954806139,Alemitu Asefa ,700141,6749801.05,38420120.17,ACTIVE,4/12/2011,90009,6.749801,38.42012,Valid
7,1260.0,,908376621,Alem Banchi Abera,700142,6750507.067,38420110.32,ACTIVE,4/12/2011,90009,6.750507,38.42011,Valid
7,0.0,,916830214,Dinqsew Muka,700143,6750604.033,38419879.35,ACTIVE,4/12/2011,90009,6.750604,38.419879,Valid
7,83.0,,,Tsege Desta,700144,6750492.933,38420297.07,Active,4/10/2012,90009,6.750493,38.420297,Valid
7,1262.0,,969870412,Arega Ledamo,700145,6750444.4,38420381.85,ACTIVE,4/12/2011,90009,6.750444,38.420382,Valid
7,1263.0,,,Demekech Dageso,700146,6750466.667,38420426.15,ACTIVE,4/12/2011,90009,6.750467,38.420426,Valid
7,0.0,,,Zewditu Temesgen,700147,0.0,0.0,DISCONNECT,4/10/2012,90009,,,Missing or Invalid GPS
7,222.0,,913270162,Mengistu Debaro,700148,6750478.333,38420575.03,ACTIVE,41-22-011_,90009,6.750478,38.420575,Valid
7,87.0,,,Reta Kelkile,700149,6750484.133,38420476.05,Active,4/10/2012,90009,6.750484,38.420476,Valid
7,1267.0,,,Yonas Yosef,700150,6750429.267,38420598.42,Active,4/10/2012,90009,6.750429,38.420598,Valid
7,0.0,,,Ashuye Nuri,700151,6750432.683,38420607.32,ACTIVE,4/10/2012,90009,6.750433,38.420607,Valid
7,0.0,,,Zerfe Dubale,700152,6751442.617,38420795.57,Active,4/10/2012,90009,6.751443,38.420796,Valid
7,208.0,,,Amsale Teshome,700153,6750536.4,38421013.95,Active,4/10/2012,90009,6.750536,38.421014,Valid
7,90.0,,,Berta Gedebe,700154,6750347.583,38420915.08,Active,4/10/2012,90009,6.750348,38.420915,Valid
7,71.0,,,Zeleqash H/Silassie,700155,6750389.883,38420909.73,Active,4/10/2012,90009,6.75039,38.42091,Valid
7,1270.0,,,Mehari Goshu,700156,6750432.933,38420905.28,ACTIVE,4/12/2011,90009,6.750433,38.420905,Valid
7,217.0,,984236733,Zenebech Debesa,700157,6750565.483,38421159.5,ACTIVE,4/12/2011,90009,6.750565,38.42116,Valid
7,216.0,,916374955,Hawassa Hameso,700158,6750574.9,38421296.17,ACTIVE,4/12/2011,90009,6.750575,38.421296,Valid
7,0.0,,,Q. Mika. Bet. K/Kahinat/ Menoriya,700159,0.0,0.0,TERMINATE,4/10/2012,90009,,,Missing or Invalid GPS
7,0.0,,,Belachew Kassa,700160,6750467.683,38421105.23,DISCONNECT,4/10/2012,90009,6.750468,38.421105,Valid
7,0.0,,,Mulugeta Ayele,700161,6750348.3,38421314.2,Active,4/10/2012,90009,6.750348,38.421314,Valid
7,108.0,,,Tadesse Alemayehu,700162,6750329.9,38421812.7,Active,4/10/2012,90009,6.75033,38.421813,Valid
7,109.0,,,Deme Wegisa,700163,6750410.517,38421784.05,Active,4/10/2012,90009,6.750411,38.421784,Valid
7,1285.0,,938075903,G/meskel Hula,700164,6750441.917,38421818.87,ACTIVE,4/12/2011,90009,6.750442,38.421819,Valid
7,0.0,,912190810,Imru Tefera,700165,6750461.633,38420571.05,ACTIVE,4/12/2011,90009,6.750462,38.420571,Valid
7,1200.0,,,Endale Marmo,700166,6750570.383,38421731.85,ACTIVE,4/12/2011,90009,6.75057,38.421732,Valid
7,212.0,,,Abonewash Wudneh,700167,6750583.45,38421818.15,Active,4/10/2012,90009,6.750583,38.421818,Valid
7,211.0,,,Afework Wase Tesema,700168,6750596.133,38421943.68,Active,4/10/2012,90009,6.750596,38.421944,Valid
7,110.0,,,Qelemu G/Meskel,700169,6750124.917,38421752.4,Active,4/10/2012,90009,6.750125,38.421752,Valid
7,1288.0,,911593364,Tagele Gete,700170,6749709.717,38421390.5,ACTIVE,4/12/2011,90009,6.74971,38.421391,Valid
7,1320.0,,,Belayneh Haile,700171,6749647.367,38421374.65,Active,4/10/2012,90009,6.749647,38.421375,Valid
7,0.0,,,Shone Lunje,700172,6749678.883,38421828.02,Active,4/10/2012,90009,6.749679,38.421828,Valid
7,1325.0,,,Mulu Lunje,700173,6749779.233,38422071.43,Active,4/10/2012,90009,6.749779,38.422071,Valid
7,0.0,,916130583,Marqos Wolde,700174,6749903.667,38422325.6,ACTIVE,4/12/2011,90009,6.749904,38.422326,Valid
7,0.0,,916965597,Belayneh Tunsisa,700175,6749828.967,38422356.17,ACTIVE,4/12/2011,90009,6.749829,38.422356,Valid
7,1317.0,,,Mekonnen Motosa,700176,6749912.833,38421947.23,Active,4/10/2012,90009,6.749913,38.421947,Valid
7,363.0,,,Abebu Arfe,700177,6750062.733,38421927.27,Active,4/10/2012,90009,6.750063,38.421927,Valid
7,0.0,,,Mekonnen Asfaw,700178,6750515.833,38421874.0,Active,4/10/2012,90009,6.750516,38.421874,Valid
7,117.0,,,Ayelech Gebru,700179,6750411.767,38422070.23,Active,4/10/2012,90009,6.750412,38.42207,Valid
7,1302.0,,,Bekelech Tsegaye,700180,6750458.1,38422115.43,Active,4/10/2012,90009,6.750458,38.422115,Valid
7,120.0,,,Yeshihareg Mengistu,700181,6750495.567,38422140.05,ACTIVE,4/10/2012,90009,6.750496,38.42214,Valid
7,0.0,,,Wubayhu Hailu,700182,0.0,0.0,DISCONNECT,4/10/2012,90009,,,Missing or Invalid GPS
7,0.0,,,Geremew Guracha,700183,6750727.083,38422492.17,Active,4/10/2012,90009,6.750727,38.422492,Valid
7,1304.0,,,Aklilework Abate,700184,6750490.75,38422280.75,Active,4/10/2012,90009,6.750491,38.422281,Valid
7,122.0,,,S/Michael Dangamo,700185,6750483.7,38422356.48,Active,4/10/2012,90009,6.750484,38.422356,Valid
7,124.0,,,Etaferahu Menze,700186,6750420.35,38422484.05,ACTIVE,4/12/2011,90009,6.75042,38.422484,Valid
7,125.0,,930700696,Almaz Lessege,700187,6750389.467,38422496.2,ACTIVE,4/12/2011,90009,6.750389,38.422496,Valid
7,203.0,,,Fantaye Mulat,700188,6750640.233,38422453.58,Active,4/10/2012,90009,6.75064,38.422454,Valid
7,201.0,,946077541,Jemal Husen ,700189,6750729.133,38422633.67,ACTIVE,4/12/2011,90009,6.750729,38.422634,Valid
7,0.0,,911958995,Abebech Melkato ,700190,6750704.45,38422643.45,ACTIVE,4/12/2011,90009,6.750704,38.422643,Valid
7,0.0,,916515564,Yotora Dangiso,700191,6750702.117,38422841.55,ACTIVE,4/12/2011,90009,6.750702,38.422842,Valid
7,1397.0,,,Arga Shenbo,700192,0.0,0.0,DISCONNECT,4/10/2012,90009,,,Missing or Invalid GPS
7,186.0,,964031320,Akalu Asefa,700193,6750772.283,38423213.43,ACTIVE,4/12/2011,90009,6.750772,38.423213,Valid
7,185.0,,916332756,Samuel Reta,700194,6750929.917,38423377.28,ACTIVE,4/12/2011,90009,6.75093,38.423377,Valid
7,183.0,,,Kassa Mandoye,700195,6750840.383,38423439.23,Active,4/10/2012,90009,6.75084,38.423439,Valid
7,182.0,,916072947,Yelahset Tigineh,700196,6750853.95,38423642.63,ACTIVE,4/12/2011,90009,6.750854,38.423643,Valid
7,0.0,,,Hitsa/Set/L/Dirijit,700197,0.0,0.0,ACTIVE,4/10/2012,90009,,,Missing or Invalid GPS
7,0.0,,,Arada Mazegaja,700198,0.0,0.0,TERMINATE,4/10/2012,90009,,,Missing or Invalid GPS
7,1420.0,,,Muktar Beshir,700199,6750878.85,38423960.15,Active,4/10/2012,90009,6.750879,38.42396,Valid
7,635.0,,955946548,Abayneh Bolka,700200,6751040.517,38424225.97,ACTIVE,4/12/2011,90009,6.751041,38.424226,Valid
7,1345.0,,,Jabir Buser,700201,0.0,0.0,DISCONNECT,4/10/2012,90009,,,Missing or Invalid GPS
7,0.0,,,Jabir Buser,700202,0.0,0.0,DISCONNECT,4/10/2012,90009,,,Missing or Invalid GPS
7,0.0,,916164520,Meseret Shibiru,700203,6751023.133,38424409.1,ACTIVE,4/12/2011,90009,6.751023,38.424409,Valid
7,0.0,,,Jamal Ahmed,700204,6750592.1,38424552.28,Active,4/10/2012,90009,6.750592,38.424552,Valid
7,145.0,,916167601,Seyfu Lulu,700205,6750962.6,38424709.77,ACTIVE,4/12/2011,90009,6.750963,38.42471,Valid
7,0.0,,,Jabir Buser,700206,0.0,0.0,TERMINATE,4/10/2012,90009,,,Missing or Invalid GPS
7,1348.0,,939170444,Mitike Tilahun,700207,6750924.717,38424708.05,ACTIVE,4/12/2011,90009,6.750925,38.424708,Valid
7,1349.0,,964040157,Etenesh Tekilu ,700208,6750835.033,38424873.55,ACTIVE,4/12/2011,90009,6.750835,38.424874,Valid
7,1350.0,,,Mohammed Nuri,700209,6750812.767,38424924.35,Active,4/10/2012,90009,6.750813,38.424924,Valid
7,1351.0,,,Abebech Jenbere,700210,6750892.217,38424903.95,DISCONNECT,4/10/2012,90009,6.750892,38.424904,Valid
7,0.0,,,Degife Siamo,700211,6750993.75,38424810.25,Active,4/10/2012,90009,6.750994,38.42481,Valid
7,0.0,,,Nigatu Alemu,700212,6750941.933,38424940.7,Active,4/10/2012,90009,6.750942,38.424941,Valid
7,903.0,,,Abraham Barasa,700213,6750986.583,38425133.93,ACTIVE,4/10/2012,90009,6.750987,38.425134,Valid
7,1353.0,,916165174,Bishash Tora,700214,6750787.5,38425163.7,ACTIVE,4/12/2011,90009,6.750788,38.425164,Valid
7,1354.0,,,Gisila Barasa,700215,6750817.883,38425261.95,Active,4/10/2012,90009,6.750818,38.425262,Valid
7,153.0,,916164984,Legamo Garse,700216,6750826.233,38425297.38,ACTIVE,4/12/2011,90009,6.750826,38.425297,Valid
7,154.0,,,Tilahun Dane,700217,6750818.883,38425364.0,Active,4/10/2012,90009,6.750819,38.425364,Valid
7,0.0,,,Hameso Hamaro,700218,6751024.783,38425208.83,Active,4/10/2012,90009,6.751025,38.425209,Valid
7,1443.0,,,Girma Fita,700219,6750990.9,38425431.35,ACTIVE,4/10/2012,90009,6.750991,38.425431,Valid
7,1359.0,,913293928,Kebede Debiso,700220,6750798.383,38425507.37,ACTIVE,4/12/2011,90009,6.750798,38.425507,Valid
7,0.0,,,Adamu Alemayehu,700221,6750852.483,38425607.95,Active,4/10/2012,90009,6.750852,38.425608,Valid
7,0.0,,,Dangamo Danole,700222,6750933.767,38425779.62,Active,4/10/2012,90009,6.750934,38.42578,Valid
7,0.0,,,Tsegaye Hanqamo,700223,6750803.683,38425881.57,Active,4/10/2012,90009,6.750804,38.425882,Valid
7,167.0,,,Mohammed Abdela,700224,6750980.633,38425912.77,ACTIVE,4/12/2011,90009,6.750981,38.425913,Valid
7,686.0,,916104721,Alemu Argeta,700225,6750970.3,38426001.75,ACTIVE,4/12/2011,90009,6.75097,38.426002,Valid
7,0.0,,,Nuri Seyid,700226,6750994.35,38425952.55,Active,4/10/2012,90009,6.750994,38.425953,Valid
7,1215.0,,,Girma Qare,700227,6750926.15,38426331.48,ACTIVE,4/10/2012,90009,6.750926,38.426331,Valid
7,1650.0,,977612620,Sitota Mekonen ,700228,6750931.467,38426348.28,ACTIVE,4/12/2011,90009,6.750931,38.426348,Valid
7,1514.0,,975822349,Meksina Redi ,700229,6750949.717,38426485.57,ACTIVE,4/12/2011,90009,6.75095,38.426486,Valid
7,0.0,,,Fiqadu Fitemo,700230,6750610.55,38426211.0,ACTIVE,4/12/2011,90009,6.750611,38.426211,Valid
7,0.0,,913860310,Workneh Shumbe,700231,6749719.25,38426448.12,ACTIVE,4/12/2011,90009,6.749719,38.426448,Valid
7,0.0,,,Wesene Belachew,700232,6749769.883,38426372.18,Active,4/10/2012,90009,6.74977,38.426372,Valid
7,0.0,,,Toga Nanalo,700233,6749861.2,38426304.53,Active,4/10/2012,90009,6.749861,38.426305,Valid
7,0.0,,924652352,Buche Bushe,700234,6749942.4,38426213.55,ACTIVE,4/12/2011,90009,6.749942,38.426214,Valid
7,0.0,,,Fasika G/Silassie,700235,6750081.567,38426130.72,Active,4/10/2012,90009,6.750082,38.426131,Valid
7,0.0,,926354959,Adato Abate,700236,6750155.833,38425845.12,ACTIVE,4/12/2011,90009,6.750156,38.425845,Valid
7,1368.0,,,Qemeriya Sisay,700237,6750234.35,38425818.5,Active,4/10/2012,90009,6.750234,38.425818,Valid
7,1369.0,,,Birhanu Bolka,700238,6750555.15,38425296.65,Active,4/10/2012,90009,6.750555,38.425297,Valid
7,0.0,,938075802,Hayredin Kemal,700239,6750162.917,38425699.43,ACTIVE,4/12/2011,90009,6.750163,38.425699,Valid
7,0.0,,,Serawit Samuel,700240,6750192.65,38425592.08,Active,4/10/2012,90009,6.750193,38.425592,Valid
7,0.0,,916040282,Ketema Tamiru,700241,6750106.217,38425527.8,ACTIVE,4/12/2011,90009,6.750106,38.425528,Valid
7,0.0,,,Ashenafi Asefa,700242,6750132.15,38425401.17,Active,4/10/2012,90009,6.750132,38.425401,Valid
7,0.0,,916923346,Tafese Mume,700243,6750171.533,38425293.88,ACTIVE,4/12/2011,90009,6.750172,38.425294,Valid
7,0.0,,913810560,Debele Dengiso,700244,6750339.217,38425224.88,ACTIVE,4/12/2011,90009,6.750339,38.425225,Valid
7,0.0,,910841487,Mulatu Regasa ,700245,6750269.417,38425176.1,ACTIVE,4/12/2011,90009,6.750269,38.425176,Valid
7,0.0,,,Getasew Walelign,700246,6750204.533,38424977.92,Active,4/10/2012,90009,6.750205,38.424978,Valid
7,0.0,,916163629,Tirunesh Gebre,700247,6750072.35,38424227.62,ACTIVE,4/12/2011,90009,6.750072,38.424228,Valid
7,0.0,,927116532,Zerihun Kebede,700248,6750111.55,38424242.58,ACTIVE,4/12/2011,90009,6.750112,38.424243,Valid
7,0.0,,916052528,Asefa Gonso,700249,6749489.367,38424351.6,ACTIVE,4/12/2011,90009,6.749489,38.424352,Valid
7,0.0,,,Wudneh Belachew,700250,6749919.767,38423975.78,ACTIVE,4/10/2012,90009,6.74992,38.423976,Valid
7,0.0,,,Beyene Shatana,700251,6750770.95,38424920.13,Active,4/10/2012,90009,6.750771,38.42492,Valid
7,0.0,,,Asefa Muqura,700252,6749902.233,38423599.35,Active,4/10/2012,90009,6.749902,38.423599,Valid
7,0.0,,,Shimeles Dide,700253,6750032.517,38423485.85,Active,4/10/2012,90009,6.750033,38.423486,Valid
7,0.0,,,Kasahun Gebre,700254,6749988.383,38423449.07,Active,4/10/2012,90009,6.749988,38.423449,Valid
7,0.0,,912186546,Netsanet Bekele ,700255,6749852.033,38423311.33,ACTIVE,4/12/2011,90009,6.749852,38.423311,Valid
7,0.0,,913500869,Lanqamo Yani,700256,6750400.567,38421391.35,ACTIVE,4/12/2011,90009,6.750401,38.421391,Valid
7,0.0,,,Esayas Wena,700257,6749160.0,38422652.5,ACTIVE,4/10/2012,90009,6.74916,38.422652,Valid
7,0.0,,,Tafese Gefersa,700258,6749735.733,38422816.9,DISCONNECT,4/10/2012,90009,6.749736,38.422817,Valid
7,0.0,,,Tesema Godana,700259,6749771.4,38422514.87,Active,4/10/2012,90009,6.749771,38.422515,Valid
7,0.0,,,Shanqo W/Michael,700260,6749811.633,38422462.57,Active,4/10/2012,90009,6.749812,38.422463,Valid
7,0.0,,924446538,Kedir Shikur,700261,6753637.383,38430070.73,ACTIVE,4/12/2011,90009,6.753637,38.430071,Valid
7,0.0,,912163204,Kebubush Felete,700262,6753714.967,38429123.07,ACTIVE,4/12/2011,90009,6.753715,38.429123,Valid
7,0.0,,,Zerihun Biratu,700263,6753655.9,38429037.98,ACTIVE,4/10/2012,90009,6.753656,38.429038,Valid
7,0.0,,,Washa Yohannes B/K,700264,6753666.983,38428940.22,Active,4/10/2012,90009,6.753667,38.42894,Valid
7,0.0,,916402896,Genene Doyamo,700265,6752327.0,38428300.0,ACTIVE,41-02-012_,90009,6.752327,38.4283,Valid
7,0.0,,916516396,Asefa Shimulo,700266,6752033.1,38425560.87,ACTIVE,4/12/2011,90009,6.752033,38.425561,Valid
7,0.0,,,Tsege Gebiba,700267,6751953.333,38426882.82,DISCONNECT,4/10/2012,90009,6.751953,38.426883,Valid
7,0.0,,,Belete Birhanu,700268,0.0,0.0,TERMINATE,4/10/2012,90009,,,Missing or Invalid GPS
7,0.0,,916807641,Bekele Gebiba,700269,6751178.65,38427402.62,ACTIVE,4/12/2011,90009,6.751179,38.427403,Valid
7,0.0,,,Degene W/Afrash,700270,6750227.45,38417383.08,ACTIVE,4/10/2012,90009,6.750227,38.417383,Valid
7,0.0,,967228566,Tefera Zinabu,700271,6751276.917,38426739.45,ACTIVE,4/12/2011,90009,6.751277,38.426739,Valid
7,0.0,,912114934,Ledamo Shelemo,700272,6751533.317,38426133.9,ACTIVE,4/12/2011,90009,6.751533,38.426134,Valid
7,0.0,,916970827,Derese Kambata,700273,6751515.917,38426119.32,ACTIVE,4/12/2011,90009,6.751516,38.426119,Valid
7,0.0,,91616,Fikirte Eshete,700274,6751507.7,38425810.15,ACTIVE,4/12/2011,90009,6.751508,38.42581,Valid
7,0.0,,,Bosholla Gebiso,700275,6751602.05,38425920.42,ACTIVE,4/10/2012,90009,6.751602,38.42592,Valid
7,0.0,,932554881,Selemon Yohannes,700276,6751562.317,38425740.72,ACTIVE,4/12/2011,90009,6.751562,38.425741,Valid
7,0.0,,945830001,Ronda Arusa,700277,6751529.633,38425613.73,ACTIVE,4/12/2011,90009,6.75153,38.425614,Valid
7,0.0,,916164679,Dollar Seyfu,700278,6752398.333,38425722.67,ACTIVE,4/12/2011,90009,6.752398,38.425723,Valid
7,0.0,,,Desalegn Tilahun,700279,6751657.267,38425363.88,ACTIVE,4/12/2011,90009,6.751657,38.425364,Valid
7,0.0,,916164679,Seyfu Tilahun,700280,6751779.8,38425424.83,ACTIVE,4/12/2011,90009,6.75178,38.425425,Valid
7,0.0,,,Dotora Henka,700281,6751656.617,38425238.28,Active,4/10/2012,90009,6.751657,38.425238,Valid
7,0.0,,996762440,Daniel Anato,700282,6751591.333,38424951.95,ACTIVE,4/12/2011,90009,6.751591,38.424952,Valid
7,0.0,,,Tesfaye Hariso,700283,6751521.65,38424865.45,Active,4/10/2012,90009,6.751522,38.424865,Valid
7,0.0,,,Tilahun Beshir,700284,6751522.2,38424270.53,Active,4/10/2012,90009,6.751522,38.424271,Valid
7,0.0,,,Girma B/Mariam,700285,6752007.75,38423842.6,Active,4/10/2012,90009,6.752008,38.423843,Valid
7,0.0,,912068814,Mengesha Mego,700286,6751643.367,38424170.98,ACTIVE,4/12/2011,90009,6.751643,38.424171,Valid
7,0.0,,934622893,Solomon Hasamo ,700287,6751427.033,38424007.87,ACTIVE,4/12/2011,90009,6.751427,38.424008,Valid
7,0.0,,,Mulugeta Beyene,700288,6751311.8,38422700.95,Active,4/10/2012,90009,6.751312,38.422701,Valid
7,0.0,,,Teklu Tamrat,700289,6751351.183,38422806.15,Active,4/10/2012,90009,6.751351,38.422806,Valid
7,0.0,,,Muse Hanqalo,700290,6751286.8,38422017.27,Active,4/10/2012,90009,6.751287,38.422017,Valid
7,0.0,Stadium,997344505,Fiqadu W/Michael,700291,6751999.2,38425674.4,ACTIVE,41-02-012_,90009,6.751999,38.425674,Valid
7,0.0,,,Hobasa Hona,700292,6749754.083,38421795.95,DISCONNECT,4/10/2012,90009,6.749754,38.421796,Valid
7,0.0,,916517083,Mengesha W/Giorgis,700293,6751251.017,38421696.23,ACTIVE,4/12/2011,90009,6.751251,38.421696,Valid
7,0.0,,992712911,Muluneh Hayle ,700294,6751218.0,38421380.0,ACTIVE,41-02-012_,90009,6.751218,38.42138,Valid
7,0.0,,916433561,Tilahun Chernet,700295,6751252.117,38421327.9,ACTIVE,4/12/2011,90009,6.751252,38.421328,Valid
7,0.0,,,Lema Lamo,700296,6751298.183,38421468.48,Active,4/10/2012,90009,6.751298,38.421468,Valid
7,0.0,,,Selemon Shelemo,700297,6751111.017,38421246.65,Active,4/10/2012,90009,6.751111,38.421247,Valid
7,0.0,,,Asefa Aman,700298,6753325.317,38419177.37,Active,4/10/2012,90009,6.753325,38.419177,Valid
7,0.0,,,Kayeso Kambie,700299,6751163.75,38421173.37,Active,4/10/2012,90009,6.751164,38.421173,Valid
7,0.0,,901809300,Tariku Birhanu,700300,6751243.667,38420860.43,ACTIVE,4/12/2011,90009,6.751244,38.42086,Valid
7,0.0,,,Batiso Tule,700301,6751057.717,38420673.8,Active,4/10/2012,90009,6.751058,38.420674,Valid
7,0.0,,,Melkamu Woraqo,700302,6750947.517,38420558.47,Active,4/10/2012,90009,6.750948,38.420558,Valid
7,0.0,,,Seyfu Woraqo,700303,6750910.683,38420533.4,ACTIVE,4/10/2012,90009,6.750911,38.420533,Valid
7,0.0,,,Demse Debela,700304,6751176.15,38420270.55,Active,4/10/2012,90009,6.751176,38.420271,Valid
7,0.0,,925104971,Aklilu Ameje,700305,6751009.867,38420242.52,ACTIVE,4/12/2011,90009,6.75101,38.420243,Valid
7,0.0,,967220059,Shudura Hayeso,700306,6750967.283,38420045.18,ACTIVE,4/12/2011,90009,6.750967,38.420045,Valid
7,0.0,,,Hiwot B/B/K,700307,6751360.317,38419943.48,Active,4/10/2012,90009,6.75136,38.419943,Valid
7,0.0,,924390531,Tadelech Shenera,700308,6751860.633,38419040.1,ACTIVE,4/12/2011,90009,6.751861,38.41904,Valid
7,0.0,,,Tunsisa Banata,700309,6751319.917,38419763.95,Active,4/10/2012,90009,6.75132,38.419764,Valid
7,0.0,,916164635,Fetera Ligbo,700310,6751233.15,38419727.27,ACTIVE,4/12/2011,90009,6.751233,38.419727,Valid
7,0.0,,,Shibiru Birhane,700311,6751187.0,38419559.42,Active,4/10/2012,90009,6.751187,38.419559,Valid
7,0.0,,911109829,fantaye Wedajo,700312,6751222.767,38419581.8,ACTIVE,41-22-011_,90009,6.751223,38.419582,Valid
7,0.0,,911109829,Yabsra Abebe,700313,6751228.817,38419524.68,ACTIVE,4/12/2011,90009,6.751229,38.419525,Valid
7,0.0,,929425572,Emush Worku,700314,6750747.083,38418770.2,DISCONNECT,4/12/2011,90009,6.750747,38.41877,Valid
7,0.0,,964031917,Abebe Fute,700315,6751389.4,38419207.18,ACTIVE,4/12/2011,90009,6.751389,38.419207,Valid
7,0.0,,,Alemayehu Kasaye,700316,6751298.35,38419036.4,Active,4/10/2012,90009,6.751298,38.419036,Valid
7,241.0,,972732256,Zenebech Asfaw,700317,6751177.967,38419159.1,ACTIVE,4/12/2011,90009,6.751178,38.419159,Valid
7,0.0,,916375053,Yimegnushal Raya ,700318,6751155.917,38419024.6,ACTIVE,4/12/2011,90009,6.751156,38.419025,Valid
7,245.0,,,Abebu Lema,700319,6751290.467,38418992.77,Active,4/10/2012,90009,6.75129,38.418993,Valid
7,1123.0,,,Selemon Fanta,700320,6751281.233,38418917.18,Active,4/10/2012,90009,6.751281,38.418917,Valid
7,250.0,,,Atalelech Tsegaye,700321,6751262.033,38418861.85,Active,4/10/2012,90009,6.751262,38.418862,Valid
7,0.0,,913361128,Deyaso Rebiso,700322,6751124.65,38418724.92,ACTIVE,4/12/2011,90009,6.751125,38.418725,Valid
7,247.0,,,Tsedalech G/Michael,700323,6751379.767,38418698.4,ACTIVE,4/10/2012,90009,6.75138,38.418698,Valid
7,793.0,,941834606,Derara Laligo,700324,6751002.067,38425492.65,ACTIVE,4/12/2011,90009,6.751002,38.425493,Valid
7,0.0,,910020636,Sara Gizaw ,700325,6751369.683,38418444.0,ACTIVE,4/12/2011,90009,6.75137,38.418444,Valid
7,0.0,,,Zewditu Zeleke,700326,6751145.967,38417921.08,Active,4/10/2012,90009,6.751146,38.417921,Valid
7,0.0,,,Argamo Edimo,700327,6751093.95,38417941.9,Active,4/10/2012,90009,6.751094,38.417942,Valid
7,0.0,,995998522,Atsede Tadese ,700328,6751045.367,38417611.12,ACTIVE,41-22-011_,90009,6.751045,38.417611,Valid
7,0.0,,,Tadesse Mengesha,700329,6751036.417,38417463.28,Active,4/10/2012,90009,6.751036,38.417463,Valid
7,773.0,,,Tesfaye Germamo,700330,6750047.883,38417727.15,DISCONNECT,4/10/2012,90009,6.750048,38.417727,Valid
7,0.0,,996984103,Almawu Demse,700331,6750774.25,38416712.75,ACTIVE,4/12/2011,90009,6.750774,38.416713,Valid
7,0.0,,916434420,Matiwos Bage,700332,6750919.5,38416791.5,ACTIVE,4/12/2011,90009,6.75092,38.416792,Valid
7,0.0,,939309646,Yematawork H/Yesus,700333,6750830.833,38416707.12,ACTIVE,4/12/2011,90009,6.750831,38.416707,Valid
7,0.0,,919734090,Eskindir Tadesse,700334,6750757.583,38416673.5,ACTIVE,4/12/2011,90009,6.750758,38.416674,Valid
7,0.0,,922174846,Talita RaisUp,700335,6750896.0,38416420.0,ACTIVE,41-02-012_,90009,6.750896,38.41642,Valid
7,0.0,,916046403,Fiqadu Tafese,700336,6750274.75,38416219.77,ACTIVE,4/12/2011,90009,6.750275,38.41622,Valid
7,0.0,,,Muka Worana,700337,6750208.733,38416630.68,ACTIVE,4/10/2012,90009,6.750209,38.416631,Valid
7,780.0,,904413362,Asegedech Kifle,700338,6751072.033,38416398.43,ACTIVE,4/12/2011,90009,6.751072,38.416398,Valid
7,0.0,,,Tafese Mamo,700339,6750726.317,38416380.43,DISCONNECT,4/10/2012,90009,6.750726,38.41638,Valid
7,0.0,,,Behaylu Sebsibe,700340,6750821.45,38416246.55,Active,4/10/2012,90009,6.750821,38.416247,Valid
7,0.0,,,Abera Sebsibe,700341,6751246.45,38416206.87,Active,4/10/2012,90009,6.751246,38.416207,Valid
7,0.0,,,Alemayehu Abebe,700342,6751253.083,38416146.28,DISCONNECT,4/10/2012,90009,6.751253,38.416146,Valid
7,0.0,,919742962,Almaz Shibiru,700343,6750837.033,38416133.05,ACTIVE,4/12/2011,90009,6.750837,38.416133,Valid
7,0.0,,,Teshome Mebrate,700344,6749858.333,38416009.38,Active,4/10/2012,90009,6.749858,38.416009,Valid
7,0.0,,916943375,Demelash Mulu,700345,6750835.25,38415974.78,ACTIVE,4/12/2011,90009,6.750835,38.415975,Valid
7,0.0,,916143657,T/Mariam W/Borsama,700346,6750880.65,38415949.0,ACTIVE,4/12/2011,90009,6.750881,38.415949,Valid
7,0.0,,926120727,Simano Shalmo,700347,6751958.533,38416216.68,ACTIVE,4/12/2011,90009,6.751959,38.416217,Valid
7,0.0,,,Abebe Gobu,700348,6751524.167,38415579.47,Active,4/10/2012,90009,6.751524,38.415579,Valid
7,0.0,,,Qetsela Abebe,700349,6750614.517,38415713.08,Active,4/10/2012,90009,6.750615,38.415713,Valid
7,0.0,,,Dubalech Belete,700350,6750045.25,38416021.9,Active,4/10/2012,90009,6.750045,38.416022,Valid
7,0.0,,,Aschalew Belay,700351,6750843.883,38415425.6,ACTIVE,4/10/2012,90009,6.750844,38.415426,Valid
7,0.0,,,Etenesh Kasaye,700352,6750686.75,38415490.33,Active,4/10/2012,90009,6.750687,38.41549,Valid
7,720.0,,932617869,Beyenech Bogale,700353,6750881.633,38415346.4,ACTIVE,4/12/2011,90009,6.750882,38.415346,Valid
7,0.0,,,Hagriso Findiga,700354,0.0,0.0,TERMINATE,4/10/2012,90009,,,Missing or Invalid GPS
7,0.0,,,Agdew Bute,700355,6751609.7,38415463.18,Active,4/10/2012,90009,6.75161,38.415463,Valid
7,0.0,,946960147,Mister Tadese ,700356,6751744.033,38415591.68,ACTIVE,4/12/2011,90009,6.751744,38.415592,Valid
7,0.0,,916105973,Sedebo Sila,700357,6751820.417,38415604.43,ACTIVE,4/12/2011,90009,6.75182,38.415604,Valid
7,0.0,,,Shawul Shashamo,700358,6752095.3,38415780.57,Active,4/10/2012,90009,6.752095,38.415781,Valid
7,0.0,,,Eyob Tentebo,700359,6751616.7,38415612.32,Active,4/10/2012,90009,6.751617,38.415612,Valid
7,0.0,,,Legesse Bute,700360,6751318.05,38415607.68,DISCONNECT,4/10/2012,90009,6.751318,38.415608,Valid
7,738.0,,939835863,Eriste Demise ,700361,6751567.7,38415792.72,ACTIVE,4/12/2011,90009,6.751568,38.415793,Valid
7,0.0,,,Yenenesh Yilma,700362,6751583.217,38416156.75,Active,4/10/2012,90009,6.751583,38.416157,Valid
7,0.0,,985559193,Behayilu Taye ,700363,6751407.567,38415890.83,ACTIVE,4/12/2011,90009,6.751408,38.415891,Valid
7,728.0,,,Geremu Garsamo,700364,6751398.85,38415899.02,Active,4/10/2012,90009,6.751399,38.415899,Valid
7,0.0,,,Catholic B/Christian,700365,6751509.083,38416558.7,ACTIVE,4/10/2012,90009,6.751509,38.416559,Valid
7,0.0,,913449599,Debebe Debesa,700366,6752091.217,38416110.42,ACTIVE,4/12/2011,90009,6.752091,38.41611,Valid
7,0.0,,,Fikru Dalecha,700367,6752095.583,38415973.62,Active,4/10/2012,90009,6.752096,38.415974,Valid
7,0.0,,,Ageze Baramo,700368,6752161.017,38415405.63,Active,4/10/2012,90009,6.752161,38.415406,Valid
7,0.0,,,Sultan Kedir,700369,6752162.65,38415364.15,Active,4/10/2012,90009,6.752163,38.415364,Valid
7,745.0,,,Getu Sunbaso,700370,6752288.517,38415586.0,Active,4/10/2012,90009,6.752289,38.415586,Valid
7,0.0,,,Tefera Tesema,700371,6752293.983,38415725.02,Active,4/10/2012,90009,6.752294,38.415725,Valid
7,0.0,,954803152,Almaz Worku,700372,6752229.833,38415892.92,ACTIVE,41-02-012_,90009,6.75223,38.415893,Valid
7,0.0,,916201710,Kirubel Feleke ,700373,6752330.667,38416004.87,ACTIVE,4/12/2011,90009,6.752331,38.416005,Valid
7,0.0,,,Asfaw Sebsibe,700374,6752263.683,38416091.35,Active,4/10/2012,90009,6.752264,38.416091,Valid
7,0.0,,,Worknesh Mulat,700375,6752990.583,38417651.98,DISCONNECT,4/10/2012,90009,6.752991,38.417652,Valid
7,0.0,,,Abera Sebsibe,700376,6752190.067,38416327.7,Active,4/10/2012,90009,6.75219,38.416328,Valid
7,0.0,,,Mitiku Walola,700377,6752179.117,38416679.6,Active,4/10/2012,90009,6.752179,38.41668,Valid
7,0.0,,,Filipos Yuka,700378,6752155.133,38416780.0,Active,4/10/2012,90009,6.752155,38.41678,Valid
7,0.0,,,Yohannes Tosa,700379,6752101.183,38416984.93,Active,4/10/2012,90009,6.752101,38.416985,Valid
7,0.0,,,Erdachew Eshetu,700380,6752226.517,38417355.3,Active,4/10/2012,90009,6.752227,38.417355,Valid
7,0.0,,911915031,Atalu Mekonnen,700381,6751935.867,38418329.75,ACTIVE,4/12/2011,90009,6.751936,38.41833,Valid
7,0.0,,912003827,Dansamo Dangie,700382,6751914.267,38418646.57,ACTIVE,4/12/2011,90009,6.751914,38.418647,Valid
7,0.0,,968650719,Tigist Girma,700383,6750571.217,38419464.63,ACTIVE,4/12/2011,90009,6.750571,38.419465,Valid
7,0.0,,916169017,Tigist Bolka,700384,6751896.083,38419247.62,ACTIVE,4/12/2011,90009,6.751896,38.419248,Valid
7,0.0,,910311846,Asefa Tuto,700385,6751913.817,38419421.33,ACTIVE,4/12/2011,90009,6.751914,38.419421,Valid
7,0.0,,908942661,Zerihune Mamo ,700386,6751901.05,38419443.35,ACTIVE,4/12/2011,90009,6.751901,38.419443,Valid
7,0.0,,916068113,Dansum Burka ,700387,6751703.567,38419596.73,ACTIVE,4/12/2011,90009,6.751704,38.419597,Valid
7,0.0,,,Agenew Fute,700388,6751828.9,38419582.23,ACTIVE,4/10/2012,90009,6.751829,38.419582,Valid
7,0.0,,,Yishaq Qamiso,700389,6751817.117,38419746.87,Active,4/10/2012,90009,6.751817,38.419747,Valid
7,0.0,,,Mandefro Legso,700390,6752251.883,38418436.73,Active,4/10/2012,90009,6.752252,38.418437,Valid
7,0.0,,,Alemu Notee,700391,6752396.867,38418340.47,Active,4/10/2012,90009,6.752397,38.41834,Valid
7,0.0,,,Shifera Hebu,700392,6752389.067,38418240.85,Active,4/10/2012,90009,6.752389,38.418241,Valid
7,0.0,,,Samuel Luqas,700393,6752331.7,38418178.38,ACTIVE,4/10/2012,90009,6.752332,38.418178,Valid
7,0.0,,913221045,Akalu Adem,700394,6752173.25,38418138.72,ACTIVE,4/12/2011,90009,6.752173,38.418139,Valid
7,0.0,,,Ayele Meta,700395,6752409.333,38418260.62,DISCONNECT,4/10/2012,90009,6.752409,38.418261,Valid
7,0.0,,,Talo Mume,700396,-47245381.4,67839944.22,Active,4/10/2012,90009,,,Missing or Invalid GPS
7,0.0,,,Birtukan Mute,700397,6752386.317,38417942.47,Active,4/10/2012,90009,6.752386,38.417942,Valid
7,0.0,,916164623,Yohannes Selemon,700398,6752438.983,38417831.85,ACTIVE,4/12/2011,90009,6.752439,38.417832,Valid
7,0.0,,,Tefera Debesa,700399,6752422.533,38417822.3,Active,4/10/2012,90009,6.752423,38.417822,Valid
7,0.0,,,Teshale Tadesse,700400,6752487.0,38417601.62,Active,4/10/2012,90009,6.752487,38.417602,Valid
7,0.0,,916164445,Fiqadu Hameru,700401,6752537.567,38417538.37,ACTIVE,4/12/2011,90009,6.752538,38.417538,Valid
7,0.0,,,Reshid Haji,700402,6752666.7,38417174.08,Active,4/10/2012,90009,6.752667,38.417174,Valid
7,0.0,,,Aklilu Belay,700403,6752723.733,38417141.65,Active,4/10/2012,90009,6.752724,38.417142,Valid
7,0.0,,,Mulu Yute,700404,6752770.883,38416853.2,Active,4/10/2012,90009,6.752771,38.416853,Valid
7,0.0,,916585170,Wude Daniel ,700405,6750584.017,38420255.68,ACTIVE,41-02-012_,90009,6.750584,38.420256,Valid
7,0.0,,,Niguse Ugemo,700406,6752844.717,38416755.0,Active,4/10/2012,90009,6.752845,38.416755,Valid
7,0.0,,913431830,Beley Wendmagegn,700407,6752843.067,38416560.07,ACTIVE,4/12/2011,90009,6.752843,38.41656,Valid
7,0.0,,966901674,Hailu Birmeja,700408,6752938.883,38416578.17,ACTIVE,4/12/2011,90009,6.752939,38.416578,Valid
7,0.0,,,Lensemo Ledamo,700409,6752902.567,38416510.7,Active,4/10/2012,90009,6.752903,38.416511,Valid
7,0.0,,,Tamrat Buye,700410,6753457.8,38417004.27,Active,4/10/2012,90009,6.753458,38.417004,Valid
7,0.0,,926396204,Sisay Kebede,700411,6753247.25,38417144.97,ACTIVE,4/12/2011,90009,6.753247,38.417145,Valid
7,0.0,,,Fikru Jegna,700412,6753211.833,38417216.2,Active,4/10/2012,90009,6.753212,38.417216,Valid
7,0.0,,939308027,Metaferiya Mengistu,700413,6753244.6,38417320.87,ACTIVE,4/12/2011,90009,6.753245,38.417321,Valid
7,0.0,,,Namura Lalego,700414,6753155.6,38417407.9,Active,4/10/2012,90009,6.753156,38.417408,Valid
7,0.0,,902938785,Getachew Godebo ,700415,6753126.3,38417676.65,ACTIVE,4/12/2011,90009,6.753126,38.417677,Valid
7,0.0,,,Birhanu Muntasha,700416,6753023.767,38417728.82,Active,4/10/2012,90009,6.753024,38.417729,Valid
7,0.0,,,Samuel Lensamo,700417,6752842.233,38418052.2,Active,4/10/2012,90009,6.752842,38.418052,Valid
7,0.0,,,Behaylu W/Mariam,700418,6752814.817,38418311.75,Active,4/10/2012,90009,6.752815,38.418312,Valid
7,0.0,,,Marqos Gebre,700419,6752921.4,38418468.97,Active,4/10/2012,90009,6.752921,38.418469,Valid
7,0.0,,979267182,Taye Qiesa,700420,6752744.083,38418452.1,ACTIVE,4/12/2011,90009,6.752744,38.418452,Valid
7,0.0,,,Tesfaye Geda,700421,6750216.7,38425516.62,Active,4/10/2012,90009,6.750217,38.425517,Valid
7,0.0,,916070588,Bekele Asele,700422,6751563.2,38425926.43,ACTIVE,41/02/012_,90009,6.751563,38.425926,Valid
7,0.0,,,Samuel Hansaro,700423,6752743.067,38416022.03,Active,4/10/2012,90009,6.752743,38.416022,Valid
7,0.0,,,Matiwos Melesse,700424,6751834.233,38418141.87,Active,4/10/2012,90009,6.751834,38.418142,Valid
7,0.0,,,Eshetu Argeta,700425,6751992.667,38423986.27,Active,4/10/2012,90009,6.751993,38.423986,Valid
7,0.0,,,Milyon Tefera,700426,6752070.533,38417194.65,Active,4/10/2012,90009,6.752071,38.417195,Valid
7,0.0,,,Kebede Kayeso,700427,6753680.9,38428895.13,Active,4/10/2012,90009,6.753681,38.428895,Valid
7,0.0,,916151643,Abebe Adem,700428,6748690.733,38415946.55,ACTIVE,4/12/2011,90009,6.748691,38.415947,Valid
7,0.0,,916810374,Yosef Yohanis ,700429,6749326.717,38418264.08,ACTIVE,4/12/2011,90009,6.749327,38.418264,Valid
7,0.0,,910158806,Adane Shala ,700430,6750609.0,38424620.0,ACTIVE,41-02-012_,90009,6.750609,38.42462,Valid
7,,,916663735,Ageze Qamiso,700431,6753231.267,38417278.45,ACTIVE,4/12/2011,90009,6.753231,38.417278,Valid
7,,,,Simion Sirbamo,700432,6752445.833,38418604.22,Active,4/10/2012,90009,6.752446,38.418604,Valid
7,,,,Kefyalew Ugamo,700433,6752445.833,38418604.22,Active,4/10/2012,90009,6.752446,38.418604,Valid
7,,,913431830,Belay Wendmagegn,700434,6752332.683,38418670.6,ACTIVE,4/12/2011,90009,6.752333,38.418671,Valid
7,,,913403627,Gezahegn Gebiba,700435,6752434.9,38418904.52,ACTIVE,4/12/2011,90009,6.752435,38.418905,Valid
7,,,916045144,Abayneh Bada,700436,6752331.683,38419175.42,ACTIVE,4/12/2011,90009,6.752332,38.419175,Valid
7,,,,Demeqe Shiferaw,700437,6752309.617,38419432.5,Active,4/10/2012,90009,6.75231,38.419432,Valid
7,,,,Kake Kanta,700438,6752256.5,38420258.8,Active,4/10/2012,90009,6.752256,38.420259,Valid
7,,,,Tesfaye Bekele,700439,6751715.067,38425144.62,Active,4/10/2012,90009,6.751715,38.425145,Valid
7,,,925122992,Zenebe Legide ,700440,6752337.2,38418547.08,ACTIVE,41-02-012_,90009,6.752337,38.418547,Valid
7,,,913117064,Asrat Lalo,700441,6751284.717,38427583.12,ACTIVE,4/12/2011,90009,6.751285,38.427583,Valid
7,,,910656102,Tofiq Geremu ,700442,6749932.317,38419239.3,ACTIVE,4/12/2011,90009,6.749932,38.419239,Valid
7,,,,Asefa Shunbulo,700443,0.0,0.0,TERMINATE,4/10/2012,90009,,,Missing or Invalid GPS
7,,,,Wubayhu Hailu,700444,0.0,0.0,DISCONNECT,4/10/2012,90009,,,Missing or Invalid GPS
7,,,910333947,Achamyelesh Arega ,700445,6750840.7,38422927.7,ACTIVE,4/12/2011,90009,6.750841,38.422928,Valid
7,,,,Abayneh Betela,700446,0.0,0.0,DISCONNECT,4/10/2012,90009,,,Missing or Invalid GPS
7,,,,Abayneh Betela,700447,0.0,0.0,DISCONNECT,4/10/2012,90009,,,Missing or Invalid GPS
7,,,,Sorse Haile,700448,0.0,0.0,TERMINATE,4/10/2012,90009,,,Missing or Invalid GPS
7,,,,Adunya Sisay,700449,0.0,0.0,TERMINATE,4/10/2012,90009,,,Missing or Invalid GPS
7,,,,Adunya Sisay,700450,6751696.017,38421417.43,Active,4/10/2012,90009,6.751696,38.421417,Valid
7,,,955946548,Sorse Haile,700451,6750467.55,38422438.68,ACTIVE,4/12/2011,90009,6.750468,38.422439,Valid
7,,,,Zemenay Bukula,700452,0.0,0.0,DISCONNECT,4/12/2011,90009,,,Missing or Invalid GPS
7,,,916168078,Abayneh Betela,700453,6751269.883,38422366.13,ACTIVE,4/12/2011,90009,6.75127,38.422366,Valid
7,,,,Shora Kayeso,700454,6749773.167,38421871.65,Active,4/10/2012,90009,6.749773,38.421872,Valid
7,,,,Mame Tsege,700455,0.0,0.0,DISCONNECT,4/10/2012,90009,,,Missing or Invalid GPS
7,,,,Shora Kayeso,700456,0.0,0.0,DISCONNECT,4/10/2012,90009,,,Missing or Invalid GPS
7,,,,Mame Tsege,700457,6750424.25,38418397.08,DISCONNECT,4/10/2012,90009,6.750424,38.418397,Valid
7,,,901552008,Tumato Tura,700458,6750687.283,38419330.4,ACTIVE,4/12/2011,90009,6.750687,38.41933,Valid
7,,,,Kebede Kambata,700459,6751120.117,38427228.32,Active,4/10/2012,90009,6.75112,38.427228,Valid
7,,,,Seyfu Woraqo,700460,0.0,0.0,DISCONNECT,4/10/2012,90009,,,Missing or Invalid GPS
7,,,916809600,Buzune Bukula,700461,6752017.2,38427588.05,ACTIVE,4/12/2011,90009,6.752017,38.427588,Valid
7,,,910308490,Negash Dima,700462,6750512.233,38421520.12,ACTIVE,41/02/012_,90009,6.750512,38.42152,Valid
7,,,,Engida Asefa,700463,6750542.05,38421109.1,Active,4/10/2012,90009,6.750542,38.421109,Valid
7,,,,Almaz Demse,700464,6751121.583,38427109.38,Active,4/10/2012,90009,6.751122,38.427109,Valid
7,,,916941743,Worku Mulu,700465,6750902.133,38424956.32,DISCONNECT,4/12/2011,90009,6.750902,38.424956,Valid
7,,,,Alem Tefera,700466,6753252.583,38418486.82,Active,4/10/2012,90009,6.753253,38.418487,Valid
7,,,913360975,Demeqe Debela,700467,6749703.133,38421203.03,ACTIVE,4/12/2011,90009,6.749703,38.421203,Valid
7,,,,Eshetu Bekele,700468,6752354.017,38418792.47,Active,4/10/2012,90009,6.752354,38.418792,Valid
7,,,901516623,Deyaso Jago,700469,6751940.65,38419197.9,ACTIVE,4/12/2011,90009,6.751941,38.419198,Valid
7,,,,Alem Shenkoru,700470,6749942.317,38424428.3,Active,4/10/2012,90009,6.749942,38.424428,Valid
7,,,916164573,Tinsae Rubato ,700471,6749066.5,38418105.17,ACTIVE,41-22-011_,90009,6.749066,38.418105,Valid
7,,,,Alemayehu Bekele,700472,6751364.2,38423016.9,ACTIVE,4/10/2012,90009,6.751364,38.423017,Valid
7,,,984553700,Bogale Bolka,700473,6750469.983,38420194.97,ACTIVE,4/12/2011,90009,6.75047,38.420195,Valid
7,,,934602681,Tesfaye Tafese,700474,6752311.133,38419458.12,ACTIVE,4/12/2011,90009,6.752311,38.419458,Valid
7,,,,Hanchacha Boisa,700475,6749736.133,38418094.95,Active,4/10/2012,90009,6.749736,38.418095,Valid
7,,,941598134,Mamo Yena ,700476,6749016.0,38418880.0,ACTIVE,41-02-012_,90009,6.749016,38.41888,Valid
7,,,,Wesene Legesse,700477,6749623.75,38421559.95,Active,4/10/2012,90009,6.749624,38.42156,Valid
7,,,,Kebubush A/Meskel,700478,6750656.833,38420274.48,Active,4/10/2012,90009,6.750657,38.420274,Valid
7,,,949594248,Aleazar Asefa,700479,6751278.783,38419886.18,ACTIVE,4/12/2011,90009,6.751279,38.419886,Valid
7,,,,Tadelech Tomas,700480,6750750.367,38422246.13,Active,4/10/2012,90009,6.75075,38.422246,Valid
7,,,,Degife Wolde,700481,6753059.0,38417647.68,Active,4/10/2012,90009,6.753059,38.417648,Valid
7,,,,Tafese Bogale,700482,6749904.983,38424385.48,Active,4/10/2012,90009,6.749905,38.424385,Valid
7,,,,Imru Eshetu,700483,6750841.433,38424800.53,Active,4/10/2012,90009,6.750841,38.424801,Valid
7,,,916135553,Shiferaw Butusha,700484,6752738.167,38416953.57,ACTIVE,4/12/2011,90009,6.752738,38.416954,Valid
7,,,916165000,Bunaye Gudura Orisa ,700485,6751903.433,38417895.32,ACTIVE,41-22-011_,90009,6.751903,38.417895,Valid
7,,,,Kasahun Kambata,700486,6751321.583,38419532.2,Active,4/10/2012,90009,6.751322,38.419532,Valid
7,,,916040285,Derese Dewala,700487,6752040.55,38427632.95,ACTIVE,4/12/2011,90009,6.752041,38.427633,Valid
7,,,908563103,Amare Lanqamo,700488,6751514.583,38426258.15,ACTIVE,4/12/2011,90009,6.751515,38.426258,Valid
7,,,,Tamene Gijamo,700489,6751437.483,38426331.97,Active,4/10/2012,90009,6.751437,38.426332,Valid
7,,,977353150,Almaz Kanchufa ,700490,6751569.4,38426512.57,ACTIVE,4/12/2011,90009,6.751569,38.426513,Valid
7,,,,Tadele Tamene,700491,6751558.617,38426609.58,Active,4/10/2012,90009,6.751559,38.42661,Valid
7,,,910318144,Tamene Tadesse,700492,6752073.35,38426512.3,ACTIVE,4/12/2011,90009,6.752073,38.426512,Valid
7,,,916435221,Eliyas Bona ,700493,6750793.783,38424876.28,ACTIVE,41-02-012_,90009,6.750794,38.424876,Valid
7,,,,Shenkora Chewasa,700494,6752113.533,38426298.65,Active,4/10/2012,90009,6.752114,38.426299,Valid
7,,,964005827,Legesse Jawo,700495,6752070.1,38426329.67,ACTIVE,4/12/2011,90009,6.75207,38.42633,Valid
7,,,,Bogale Bonora,700496,6751425.55,38426184.92,Active,4/10/2012,90009,6.751426,38.426185,Valid
7,,,926196448,Kefiyalew Kasa ,700497,6750941.933,38424940.7,ACTIVE,4/12/2011,90009,6.750942,38.424941,Valid
7,,,924302853,Melaku Alemayehu,700498,6752009.183,38425649.03,ACTIVE,4/12/2011,90009,6.752009,38.425649,Valid
7,,,,Fiqadu Fitamo,700499,6750967.85,38425585.37,Active,4/10/2012,90009,6.750968,38.425585,Valid
7,,,,Yohannes Belamo,700500,6752171.083,38428000.93,Active,4/10/2012,90009,6.752171,38.428001,Valid
7,,,916140443,Buntura Shelemo,700501,6752127.983,38425823.87,ACTIVE,4/12/2011,90009,6.752128,38.425824,Valid
7,,,916504851,Maja Geremew,700502,6749894.117,38422195.4,ACTIVE,4/12/2011,90009,6.749894,38.422195,Valid
7,,,,Derese Bokiso,700503,6753727.8,38417342.48,Active,4/10/2012,90009,6.753728,38.417342,Valid
7,,,,Marqos Abate,700504,6751475.867,38425544.85,Active,4/10/2012,90009,6.751476,38.425545,Valid
7,,,934604933,Sileshi Roma,700505,6752793.4,38416985.43,ACTIVE,4/12/2011,90009,6.752793,38.416985,Valid
7,,,,Tewabech Adane,700506,6750841.733,38424891.82,Active,4/10/2012,90009,6.750842,38.424892,Valid
7,,,,Melkamu Matiwos,700507,0.0,0.0,TERMINATE,4/10/2012,90009,,,Missing or Invalid GPS
7,,,,Abyot Tadesse,700508,6749727.267,38421167.7,Active,4/10/2012,90009,6.749727,38.421168,Valid
7,,,,Mengistu Alito,700509,6753061.433,38417611.92,Active,4/10/2012,90009,6.753061,38.417612,Valid
7,,,9166416612,Asfaw Ledawa,700510,6752780.967,38416673.48,ACTIVE,4/12/2011,90009,6.752781,38.416673,Valid
7,,,916861267,Dubale Anbese,700511,6752664.517,38416047.48,ACTIVE,4/12/2011,90009,6.752665,38.416047,Valid
7,,,,Girma Yalew,700512,6750741.317,38424129.12,Active,4/10/2012,90009,6.750741,38.424129,Valid
7,,,,Yonas Gota,700513,6752864.25,38418089.93,Active,4/10/2012,90009,6.752864,38.41809,Valid
7,,,972830510,Shiferaw Bendosha,700514,6751928.467,38417753.33,ACTIVE,41-22-011_,90009,6.751928,38.417753,Valid
7,,,916808433,Mesfin Meta,700515,6750797.75,38424841.07,ACTIVE,4/12/2011,90009,6.750798,38.424841,Valid
7,,,926412880,Nigist Dafura,700516,6748119.067,38413860.15,ACTIVE,4/12/2011,90009,6.748119,38.41386,Valid
7,,,,Babiso Bapisa,700517,6750247.283,38425145.95,Active,4/10/2012,90009,6.750247,38.425146,Valid
7,,,,Desalegn Buche,700518,6751077.8,38418169.37,ACTIVE,4/12/2011,90009,6.751078,38.418169,Valid
7,,,,Tesfaye W/Kidan,700519,0.0,0.0,DISCONNECT,4/10/2012,90009,,,Missing or Invalid GPS
7,,,,Kayo Con/Gib/A/Mahber,700520,0.0,0.0,DISCONNECT,4/10/2012,90009,,,Missing or Invalid GPS
7,,,916042817,Abebe Ataro,700521,6751859.967,38418866.55,ACTIVE,4/12/2011,90009,6.75186,38.418867,Valid
6,,,,Kebede Bonqore,600716,6746504.117,38408578.72,ACTIVE,4/12/2011,90009,6.746504,38.408579,Valid
7,,,,Jenberu Kitabo,700523,6752262.667,38419755.13,Active,4/10/2012,90009,6.752263,38.419755,Valid
7,,,,Wudnesh Qolchamo,700524,6749965.05,38426183.37,Active,4/10/2012,90009,6.749965,38.426183,Valid
7,,,916373506,Dunbulo Edesa,700525,6749997.233,38420569.7,ACTIVE,4/12/2011,90009,6.749997,38.42057,Valid
7,,,977344897,Fanta Tuka,700526,6752197.667,38417427.42,ACTIVE,4/12/2011,90009,6.752198,38.417427,Valid
7,,,910186110,Ashenafi Barasa,700527,6752421.917,38418732.0,ACTIVE,41-02-012_,90009,6.752422,38.418732,Valid
7,,,984177034,Belay Badego,700528,6749359.95,38418282.5,ACTIVE,4/12/2011,90009,6.74936,38.418282,Valid
7,,,961610461,Yetera Harqa,700529,6751973.25,38418017.57,ACTIVE,4/12/2011,90009,6.751973,38.418018,Valid
7,,,,Giru Sasamo,700530,6752571.25,38417304.8,Active,4/10/2012,90009,6.752571,38.417305,Valid
7,,,916032283,Anato Argeta,700531,6749862.35,38415902.93,ACTIVE,4/12/2011,90009,6.749862,38.415903,Valid
7,,,,Henok Bekele,700532,6750367.1,38420705.23,DISCONNECT,4/10/2012,90009,6.750367,38.420705,Valid
7,,,,Q. Mikael B/Yeka/Menorya,700533,6750530.283,38421488.25,DISCONNECT,4/10/2012,90009,6.75053,38.421488,Valid
7,,,924652269,Eyasu Gadana,700534,6753402.133,38416900.38,ACTIVE,4/12/2011,90009,6.753402,38.4169,Valid
7,,,913521505,Dawit Shelemo,700535,6749841.1,38423010.67,ACTIVE,4/12/2011,90009,6.749841,38.423011,Valid
7,,,,Tigist Eskindir,700536,6750730.017,38418828.27,Active,4/10/2012,90009,6.75073,38.418828,Valid
7,,,926287522,Shure Ayele,700537,0.0,0.0,ACTIVE,4/12/2011,90009,,,Missing or Invalid GPS
7,,,,Bekele Gonsamo,700538,6749948.8,38419371.05,Active,4/10/2012,90009,6.749949,38.419371,Valid
7,,,916152118,Belete Barasa,700539,6751832.333,38419253.62,ACTIVE,4/12/2011,90009,6.751832,38.419254,Valid
7,,,916168045,Lemlem Riqiba,700540,6752644.317,38417300.6,ACTIVE,4/12/2011,90009,6.752644,38.417301,Valid
7,,,,Hailu Riqba,700541,0.0,0.0,ACTIVE,4/10/2012,90009,,,Missing or Invalid GPS
7,,,,Legamo Bene,700542,6749868.8,38419604.28,Active,4/10/2012,90009,6.749869,38.419604,Valid
7,,,,Belay Betiso,700543,6752456.25,38417699.4,Active,4/10/2012,90009,6.752456,38.417699,Valid
7,,,,Hailu Haro,700544,6751208.417,38421270.38,Active,4/10/2012,90009,6.751208,38.42127,Valid
7,,,,Afira Drago,700545,6751944.25,38419127.67,Active,4/10/2012,90009,6.751944,38.419128,Valid
7,,,,W/Sa Tesfaye Nae,700546,6750400.75,38421148.75,Active,4/10/2012,90009,6.750401,38.421149,Valid
7,,,,Abebe Fetera,700547,6751631.733,38425243.15,Active,4/10/2012,90009,6.751632,38.425243,Valid
7,,,927139105,Qes Muse Hamaro,700548,6749290.717,38423824.07,ACTIVE,4/12/2011,90009,6.749291,38.423824,Valid
7,,,,H/Silassie Yue,700549,6751116.45,38420740.13,DISCONNECT,4/10/2012,90009,6.751116,38.42074,Valid
7,,,934933224,Siyoum Muno,700550,6749681.05,38418019.67,ACTIVE,4/12/2011,90009,6.749681,38.41802,Valid
7,,,,Afra Meteshu,700551,6749399.533,38419438.52,Active,4/10/2012,90009,6.7494,38.419439,Valid
7,,,,Hassen Niguse,700552,6753647.95,38429928.67,Active,4/10/2012,90009,6.753648,38.429929,Valid
7,,,916869890,Bogale Tilahun,700553,6752196.883,38416552.62,ACTIVE,4/12/2011,90009,6.752197,38.416553,Valid
7,,,911960716,Shinana Bilso,700554,6752506.7,38418457.45,ACTIVE,4/12/2011,90009,6.752507,38.418457,Valid
7,,,,Shibiru Borsamo,700555,6749908.45,38419282.65,Active,4/10/2012,90009,6.749908,38.419283,Valid
7,,,916077609,Mengesha Fetera,700556,6751309.467,38427751.12,ACTIVE,4/12/2011,90009,6.751309,38.427751,Valid
7,,,,Degife Kassa,700557,6749938.717,38419113.28,Active,4/10/2012,90009,6.749939,38.419113,Valid
7,,,,Aselefech Jenbere,700558,6752188.317,38415930.78,Active,4/10/2012,90009,6.752188,38.415931,Valid
7,,,926030803,Almawu Irgete,700559,6751763.75,38418098.02,ACTIVE,4/12/2011,90009,6.751764,38.418098,Valid
7,,,913210010,Timqete Bahir,700560,6750698.683,38422790.38,ACTIVE,4/12/2011,90009,6.750699,38.42279,Valid
7,,,902932383,Marta Tafese ,700561,6749259.283,38418362.93,ACTIVE,41-22-011_,90009,6.749259,38.418363,Valid
7,,,913955134,Mirtnesh Benti,700562,6752394.533,38419067.68,ACTIVE,4/12/2011,90009,6.752395,38.419068,Valid
7,,,,Tafese Boche,700563,6749095.6,38417918.12,Active,4/10/2012,90009,6.749096,38.417918,Valid
7,,,,Habte Haile,700564,6752377.617,38420050.95,Active,4/10/2012,90009,6.752378,38.420051,Valid
7,,,,Marqos Godana,700565,0.0,0.0,TERMINATE,4/12/2011,90009,,,Missing or Invalid GPS
7,,,,Abera Beyene,700566,6753360.6,38418684.62,Active,4/10/2012,90009,6.753361,38.418685,Valid
7,,,,Aschalew W/Rifael,700567,6752953.267,38418601.12,Active,4/10/2012,90009,6.752953,38.418601,Valid
7,,,,Doboch Doyamo,700568,6751598.217,38424636.73,Active,4/10/2012,90009,6.751598,38.424637,Valid
7,,,,Azeb Nigatu,700569,6753925.5,38417086.77,Active,4/10/2012,90009,6.753926,38.417087,Valid
7,,,916503888,Degute Amelo,700570,6753869.7,38417156.85,ACTIVE,4/12/2011,90009,6.75387,38.417157,Valid
7,,,,Alemu Sasamo,700571,6752299.817,38420116.93,Active,4/10/2012,90009,6.7523,38.420117,Valid
7,,,,Bekele Hatiso,700572,6753167.367,38417398.4,Active,4/10/2012,90009,6.753167,38.417398,Valid
7,,,910561475,Melesse Haile,700573,6752276.883,38419540.53,ACTIVE,4/12/2011,90009,6.752277,38.419541,Valid
7,,,,Mengistu Butaqa,700574,6750771.667,38424907.18,ACTIVE,4/12/2011,90009,6.750772,38.424907,Valid
7,,,,Taye Kassa,700576,6752962.217,38418526.3,ACTIVE,4/10/2012,90009,6.752962,38.418526,Valid
7,,,,Kebede Godana,700577,6752844.767,38419369.57,Active,4/10/2012,90009,6.752845,38.41937,Valid
7,,,,Dawit Mue,700578,6752962.25,38419051.3,Active,4/10/2012,90009,6.752962,38.419051,Valid
7,,,916997609,Beldeqa Hatula,700579,6752933.617,38419386.95,ACTIVE,4/12/2011,90009,6.752934,38.419387,Valid
7,,,913474756,Teklu Genale,700580,6752882.75,38418605.9,ACTIVE,4/12/2011,90009,6.752883,38.418606,Valid
7,,,,Mohammed Nuri,700581,6752912.567,38419231.8,Active,4/10/2012,90009,6.752913,38.419232,Valid
7,,,,Q/Mikael Bet/Christian,700582,6749280.4,38416240.22,Active,4/10/2012,90009,6.74928,38.41624,Valid
7,,,913923519,Engida Abera,700583,6751753.567,38422954.68,ACTIVE,4/12/2011,90009,6.751754,38.422955,Valid
7,,,926022403,Eliyas Bekele ,700584,6751270.467,38419458.88,ACTIVE,41-22-011_,90009,6.75127,38.419459,Valid
7,,,913193965,Yimenyushal Demse,700585,6752801.067,38418516.45,ACTIVE,4/12/2011,90009,6.752801,38.418516,Valid
7,,,916435230,Dereje Yohannes,700586,6752854.533,38419343.3,ACTIVE,4/12/2011,90009,6.752855,38.419343,Valid
7,,,,Samuel Bachare,700587,6752927.033,38418963.55,Active,4/10/2012,90009,6.752927,38.418964,Valid
7,,,,Adisu Asefa,700588,6752904.833,38419034.92,DISCONNECT,4/10/2012,90009,6.752905,38.419035,Valid
7,,,916164926,Tesfaye Kufiso,700589,6752916.05,38419167.35,ACTIVE,4/12/2011,90009,6.752916,38.419167,Valid
7,,,,Tareqegn Besha,700590,6752577.967,38417468.9,Active,4/10/2012,90009,6.752578,38.417469,Valid
7,,,,Hussein Qasim,700591,6751614.2,38424811.53,ACTIVE,4/10/2012,90009,6.751614,38.424812,Valid
7,,,,Biru Dangiso,700592,6751650.9,38424987.22,ACTIVE,4/10/2012,90009,6.751651,38.424987,Valid
7,,,,Kebede Godana,700593,0.0,0.0,DISCONNECT,4/10/2012,90009,,,Missing or Invalid GPS
7,,,,Degene Amelo,700594,6747948.8,38415721.88,Active,4/10/2012,90009,6.747949,38.415722,Valid
7,,,,Lanqamo Qamiso,700595,6749793.883,38418347.33,ACTIVE,4/10/2012,90009,6.749794,38.418347,Valid
7,,,,Aberash Geremu,700596,6751621.667,38415717.8,Active,4/10/2012,90009,6.751622,38.415718,Valid
7,,,905249384,Tigist Feleke ,700597,6751560.617,38421896.38,ACTIVE,41-02-012_,90009,6.751561,38.421896,Valid
7,,,,Akalu Lema,700598,6751696.633,38421914.45,ACTIVE,4/12/2011,90009,6.751697,38.421914,Valid
7,,,924652155,Mulugeta Zeleke,700599,6750091.167,38419949.85,ACTIVE,4/12/2011,90009,6.750091,38.41995,Valid
7,,,919375045,Teshome Debesha,700600,6751892.033,38418990.28,ACTIVE,4/12/2011,90009,6.751892,38.41899,Valid
7,,,,Qes Dawit Garsamo,700601,6750762.867,38426513.73,Active,4/10/2012,90009,6.750763,38.426514,Valid
7,,,911851764,Getu Tabota,700602,6749891.183,38419452.17,ACTIVE,4/12/2011,90009,6.749891,38.419452,Valid
7,,,,Asrat Alemu,700603,6752236.467,38419882.68,Active,4/10/2012,90009,6.752236,38.419883,Valid
7,,,932190655,Teshome Naramo,700604,6751210.7,38421544.92,ACTIVE,4/12/2011,90009,6.751211,38.421545,Valid
7,,,,Almaz Moges,700605,6753684.85,38429045.57,Active,4/10/2012,90009,6.753685,38.429046,Valid
7,,,916942840,Matiwos Asele,700606,6753198.167,38429692.32,ACTIVE,4/12/2011,90009,6.753198,38.429692,Valid
7,,,986254461,Birhanu Teferi,700607,6752449.8,38419524.92,ACTIVE,4/12/2011,90009,6.75245,38.419525,Valid
7,,,,Belay Baraso,700608,6752992.15,38418186.88,Active,4/10/2012,90009,6.752992,38.418187,Valid
7,,,,Yohannes Qamiso,700609,6751826.367,38418521.52,Active,4/10/2012,90009,6.751826,38.418522,Valid
7,,,987242163,Wontashe Worana,700610,6749877.967,38423262.83,ACTIVE,4/12/2011,90009,6.749878,38.423263,Valid
7,,,,Muse Dangiso,700611,6753343.55,38417049.18,Active,4/10/2012,90009,6.753344,38.417049,Valid
7,,,,Hussein Kemal,700612,6750968.467,38424553.85,Active,4/10/2012,90009,6.750968,38.424554,Valid
7,,,,Y/Alem Bekele,700613,6744724.367,38411392.4,ACTIVE,4/12/2011,90009,6.744724,38.411392,Valid
7,,,901516440,Habtamu Haylu ,700614,6749682.467,38417934.48,ACTIVE,41-02-012_,90009,6.749682,38.417934,Valid
7,,,979687796,Aregash Kebede,700615,6751782.883,38418594.5,ACTIVE,4/12/2011,90009,6.751783,38.418594,Valid
7,,,902240742,Fanaye Bekalo,700616,6750284.75,38426151.33,ACTIVE,4/12/2011,90009,6.750285,38.426151,Valid
7,,,910044708,Asefa Hano,700617,6751834.6,38419190.37,ACTIVE,4/12/2011,90009,6.751835,38.41919,Valid
7,,,,Batiso Yetera,700618,6749715.467,38421535.87,Active,4/10/2012,90009,6.749715,38.421536,Valid
7,,,916374083,Soresa Boisa,700619,6752359.7,38419288.27,ACTIVE,4/12/2011,90009,6.75236,38.419288,Valid
7,,,,Dangamo Dumo,700620,6750614.367,38418507.52,Active,4/10/2012,90009,6.750614,38.418508,Valid
7,,,,Dawit Bolka,700621,6752277.8,38428232.53,Active,4/10/2012,90009,6.752278,38.428233,Valid
7,,,984164942,Didamo Dima,700622,6752290.367,38427086.72,ACTIVE,4/12/2011,90009,6.75229,38.427087,Valid
7,,,921663201,Bogale W/Hana ,700623,6749806.55,38424391.42,ACTIVE,41-02-012_,90009,6.749807,38.424391,Valid
7,,,,Abebe Usuman,700624,6752157.55,38427172.1,Active,4/10/2012,90009,6.752158,38.427172,Valid
7,,,,Melaku Kassa,700625,0.0,0.0,TERMINATE,4/10/2012,90009,,,Missing or Invalid GPS
7,,,,Elias Dumara,700626,6752889.417,38417848.65,Active,4/10/2012,90009,6.752889,38.417849,Valid
7,,,,Mamush Mesfin,700627,6748945.533,38419113.65,Active,4/10/2012,90009,6.748946,38.419114,Valid
7,,,,Sultan Yasin,700628,6751819.917,38419109.15,Active,4/10/2012,90009,6.75182,38.419109,Valid
7,,,,Bekele Fisa,700629,6751987.55,38427516.67,Active,4/10/2012,90009,6.751988,38.427517,Valid
7,,,,Tamiru Tino,700630,6752009.3,38427701.4,Active,4/10/2012,90009,6.752009,38.427701,Valid
7,,,916807610,Kebede Kayeso,700631,6752473.767,38427678.68,ACTIVE,4/12/2011,90009,6.752474,38.427679,Valid
7,,,,Ashenafi Worku,700632,6752558.6,38429269.2,Active,4/10/2012,90009,6.752559,38.429269,Valid
7,,,931933437,Galcha Batso,700633,6753053.817,38429232.2,ACTIVE,4/12/2011,90009,6.753054,38.429232,Valid
7,,,,Qes Legesse Lanqamo,700634,6753050.933,38428998.28,Active,4/10/2012,90009,6.753051,38.428998,Valid
7,,,,Dide Fiqre,700635,6751991.75,38427582.75,Active,4/10/2012,90009,6.751992,38.427583,Valid
7,,,916071014,Denbeshu Yoye,700636,6752692.483,38428234.33,ACTIVE,4/12/2011,90009,6.752692,38.428234,Valid
7,,,,Kalfu Kayeso,700637,6752149.367,38428069.45,Active,4/10/2012,90009,6.752149,38.428069,Valid
7,,,,Mesfin Ejamo,700638,6752398.533,38428796.82,Active,4/10/2012,90009,6.752399,38.428797,Valid
7,,,,Hailu Abate,700639,6752475.85,38428770.98,Active,4/10/2012,90009,6.752476,38.428771,Valid
7,,,910592608,Bekele Debeko,700640,6753081.95,38429065.68,ACTIVE,4/12/2011,90009,6.753082,38.429066,Valid
7,,,,Gabiso Garmamo,700641,6752917.45,38428673.05,Active,4/10/2012,90009,6.752917,38.428673,Valid
7,,,,Gashaw Gebiba,700642,6752475.983,38428863.58,Active,4/10/2012,90009,6.752476,38.428864,Valid
7,,,,Tesfaye Shalmo,700643,6752433.5,38428724.58,Active,4/10/2012,90009,6.752434,38.428725,Valid
7,,,916045156,Dangura Danbalo,700644,6751828.483,38421416.82,ACTIVE,4/12/2011,90009,6.751828,38.421417,Valid
7,,,,Aster Bekele,700645,6753002.15,38428894.37,Active,4/10/2012,90009,6.753002,38.428894,Valid
7,,,901551684,Tsegaye adela ,700646,6752410.017,38428620.18,ACTIVE,4/12/2011,90009,6.75241,38.42862,Valid
7,,,,Meqdelawit Alemayehu,700647,6750656.2,38419422.92,Active,4/10/2012,90009,6.750656,38.419423,Valid
7,,,,Milyon Meesa,700648,6752709.767,38428301.97,Active,4/10/2012,90009,6.75271,38.428302,Valid
7,,,,Desalegn Lalego,700649,6752574.2,38427928.38,Active,4/10/2012,90009,6.752574,38.427928,Valid
7,,,,Mandefro Abebe,700650,6750851.417,38418455.2,Active,4/10/2012,90009,6.750851,38.418455,Valid
7,,,,Tefera Debesa,700651,6751870.017,38418739.58,ACTIVE,4/10/2012,90009,6.75187,38.41874,Valid
7,,,916159235,Sitota Yohannes,700652,6752199.0,38428170.0,ACTIVE,41/02/012_,90009,6.752199,38.42817,Valid
7,,,,Selemon Buamo,700653,6749638.05,38424486.18,Active,4/10/2012,90009,6.749638,38.424486,Valid
7,,,938732307,Qes W/Senbet Shaemo,700654,6751934.65,38427373.7,ACTIVE,4/12/2011,90009,6.751935,38.427374,Valid
7,,,,Chernet Munana,700655,6752326.033,38428624.05,Active,4/10/2012,90009,6.752326,38.428624,Valid
7,,,,Hargamo Hanfato,700656,6752354.917,38419733.85,Active,4/10/2012,90009,6.752355,38.419734,Valid
7,,,992970193,Tefera W/Giorgis,700657,6751859.517,38422090.73,ACTIVE,4/12/2011,90009,6.75186,38.422091,Valid
7,,,947569825,Mitwab W/Tsadiq,700658,6750827.667,38424023.38,ACTIVE,4/12/2011,90009,6.750828,38.424023,Valid
7,,,955946548,Etagneyew Mekuria,700659,6750069.867,38424302.8,ACTIVE,4/12/2011,90009,6.75007,38.424303,Valid
7,,,915597697,Shunana Shita,700660,6749189.75,38419007.52,ACTIVE,4/12/2011,90009,6.74919,38.419008,Valid
7,,,,Abiy Tushu,700661,6752655.867,38428151.25,Active,4/10/2012,90009,6.752656,38.428151,Valid
7,,,,Tsehay Abera,700662,6750389.717,38420710.03,Active,4/10/2012,90009,6.75039,38.42071,Valid
7,,,,Laqew Legesse,700663,6751637.167,38418498.58,Active,4/10/2012,90009,6.751637,38.418499,Valid
7,,,944127529,Tesfaye W/Michael,700664,6749666.217,38421612.08,ACTIVE,4/12/2011,90009,6.749666,38.421612,Valid
7,,,,W/Yesus Rbo,700665,6749312.183,38421137.18,ACTIVE,4/10/2012,90009,6.749312,38.421137,Valid
7,,,916041630,Birhanu Bunkura,700666,6749119.85,38421928.92,ACTIVE,4/12/2011,90009,6.74912,38.421929,Valid
7,,,916165092,Ashnafi Gareno,700667,6749231.883,38421569.25,ACTIVE,4/12/2011,90009,6.749232,38.421569,Valid
7,,,,Ageze Argeta,700668,6749316.883,38420467.77,ACTIVE,4/10/2012,90009,6.749317,38.420468,Valid
7,,,,Dilgasa Tushura,700669,6750777.3,38424852.9,Active,4/10/2012,90009,6.750777,38.424853,Valid
7,,,,Mengistu Mekuria,700670,6749447.033,38420952.33,Active,4/10/2012,90009,6.749447,38.420952,Valid
7,,,,Selemon Kufso,700671,6749653.983,38421080.57,Active,4/10/2012,90009,6.749654,38.421081,Valid
7,,,925548605,Marqos W/Giorgis,700672,6750440.117,38421790.17,ACTIVE,4/12/2011,90009,6.75044,38.42179,Valid
7,,,937216145,Zewde Sasamo,700673,6749190.383,38421667.6,ACTIVE,4/12/2011,90009,6.74919,38.421668,Valid
7,,,,Erdachew Tilahun,700674,6749262.05,38421203.55,Active,4/10/2012,90009,6.749262,38.421204,Valid
7,,,912114934,Desalegn Ledamo,700675,6751892.583,38421963.83,ACTIVE,4/12/2011,90009,6.751893,38.421964,Valid
7,,,916069949,Oka Dilkaso,700676,6749807.133,38422217.13,ACTIVE,4/12/2011,90009,6.749807,38.422217,Valid
7,,,916448580,H/Yesus Neka,700677,6751143.75,38421142.12,ACTIVE,4/12/2011,90009,6.751144,38.421142,Valid
7,,,,Eyub Yute,700678,6749423.083,38418891.57,Active,4/10/2012,90009,6.749423,38.418892,Valid
7,,,,Irqihun Dansamo,700679,6752132.55,38424164.53,Active,4/10/2012,90009,6.752133,38.424165,Valid
7,,,916156069,Teka Wenbeto,700680,6751919.383,38429210.47,ACTIVE,4/12/2011,90009,6.751919,38.42921,Valid
7,,,,Nuri Bilso,700681,6751783.417,38418618.3,Active,4/10/2012,90009,6.751783,38.418618,Valid
7,,,953804642,Demoze Gadisa,700682,6748757.783,38418849.87,ACTIVE,4/12/2011,90009,6.748758,38.41885,Valid
7,,,,Habtamu Yetera,700683,6748815.933,38419031.03,Active,4/10/2012,90009,6.748816,38.419031,Valid
8,,,,Nigatu Tadesse,800402,0.0,0.0,DISCONNECT,4/12/2011,90010,,,Missing or Invalid GPS
7,,,,Dawit Yute,700685,6752789.383,38419515.45,Active,4/10/2012,90009,6.752789,38.419515,Valid
7,,,916604330,Shala Kambata,700686,6753785.817,38417246.6,ACTIVE,4/12/2011,90009,6.753786,38.417247,Valid
7,,,,Kedir Niguse,700687,6751021.6,38424387.48,Active,4/10/2012,90009,6.751022,38.424387,Valid
8,0.0,,,Aster Tsegaye,800001,0.0,0.0,DISCONNECT,4/10/2012,90010,,,Missing or Invalid GPS
8,0.0,,,Belay Beyene,800002,0.0,0.0,TERMINATE,4/10/2012,90010,,,Missing or Invalid GPS
8,0.0,,,Hagriso Lale,800003,6750597.217,38427354.6,Active,4/10/2012,90010,6.750597,38.427355,Valid
8,0.0,,916076333,Biru Gegeso,800004,6750672.633,38427298.28,ACTIVE,4/12/2011,90010,6.750673,38.427298,Valid
8,0.0,,,Ashagre G/Tsadiq,800005,6750656.983,38427393.5,Active,4/10/2012,90010,6.750657,38.427394,Valid
8,0.0,,,Kifle Aga,800006,6750611.733,38427560.7,Active,4/10/2012,90010,6.750612,38.427561,Valid
8,0.0,,926052847,Enush Gideso,800007,6750658.567,38427467.52,ACTIVE,4/12/2011,90010,6.750659,38.427468,Valid
8,0.0,,,Dangiso Buwane,800008,6750583.7,38427728.85,Active,4/10/2012,90010,6.750584,38.427729,Valid
8,0.0,,978243446,Fetilework Kebede ,800009,6750571.767,38427833.58,ACTIVE,4/12/2011,90010,6.750572,38.427834,Valid
8,0.0,,997153236,Almaz Abebe ,800010,6750541.0,38427924.47,ACTIVE,4/12/2011,90010,6.750541,38.427924,Valid
8,0.0,,912072273,Zerfu Hanasho,800011,6750481.45,38427981.95,ACTIVE,4/12/2011,90010,6.750481,38.427982,Valid
8,0.0,,,Hine Yimamu,800012,6750643.117,38428077.2,Active,4/10/2012,90010,6.750643,38.428077,Valid
8,0.0,,,Almaz Argata,800013,6750388.05,38428152.32,Active,4/10/2012,90010,6.750388,38.428152,Valid
8,0.0,,,Tumato Turche,800014,6750566.167,38428190.33,Active,4/10/2012,90010,6.750566,38.42819,Valid
8,0.0,,,Yeshi Metasebiya,800015,6750376.367,38429209.53,DISCONNECT,4/10/2012,90010,6.750376,38.42921,Valid
8,0.0,,916167587,Bekele Tuke,800016,6750383.467,38428731.52,DISCONNECT,4/12/2011,90010,6.750383,38.428732,Valid
8,0.0,,904782345,Yaqob Bela,800017,6750451.4,38428356.12,ACTIVE,4/12/2011,90010,6.750451,38.428356,Valid
8,0.0,,,Meselech Tafese,800018,0.0,0.0,TERMINATE,4/10/2012,90010,,,Missing or Invalid GPS
8,0.0,,974269051,Beyene Kenbata Gebiba ,800019,6750385.317,38428489.82,ACTIVE,4/12/2011,90010,6.750385,38.42849,Valid
8,0.0,,,Abera Bermeja,800020,6750372.85,38428654.33,Active,4/10/2012,90010,6.750373,38.428654,Valid
8,0.0,,,Wegayehu Tefera,800021,0.0,0.0,TERMINATE,4/10/2012,90010,,,Missing or Invalid GPS
8,0.0,,,Siyoum Tesfaye,800022,6750483.667,38428856.52,Active,4/10/2012,90010,6.750484,38.428857,Valid
8,0.0,,,Adane Kesou,800023,6750405.25,38428697.13,Active,4/10/2012,90010,6.750405,38.428697,Valid
8,0.0,,,Barnabas Estifanos,800024,6750506.633,38428899.87,Active,4/10/2012,90010,6.750507,38.4289,Valid
8,0.0,,,Mohammed Rejebo,800025,6750257.617,38428973.02,Active,4/10/2012,90010,6.750258,38.428973,Valid
8,0.0,,916165106,Dagim Gebru ,800026,6750018.217,38429093.05,ACTIVE,4/12/2011,90010,6.750018,38.429093,Valid
8,0.0,,926396215,Senayit Azage,800027,6750304.333,38428780.78,ACTIVE,4/12/2011,90010,6.750304,38.428781,Valid
8,0.0,,,Eshetu Tilahun,800028,0.0,0.0,TERMINATE,4/10/2012,90010,,,Missing or Invalid GPS
8,0.0,,,Chasa Asele,800029,6748644.867,38429541.32,Active,4/10/2012,90010,6.748645,38.429541,Valid
8,0.0,,,Muhidin Red,800030,6750379.317,38429037.4,ACTIVE,4/10/2012,90010,6.750379,38.429037,Valid
8,0.0,,926490230,Mulu Tumato,800031,6750457.883,38429080.45,ACTIVE,4/12/2011,90010,6.750458,38.42908,Valid
8,0.0,,916810734,Debebe Dima,800032,6750191.317,38428928.9,ACTIVE,4/12/2011,90010,6.750191,38.428929,Valid
8,0.0,,934600931,Shemsiya Lalanda ,800033,6750376.667,38429426.03,ACTIVE,4/12/2011,90010,6.750377,38.429426,Valid
8,0.0,,916164371,Alemneash Shifa,800034,6749929.267,38429422.38,ACTIVE,4/12/2011,90010,6.749929,38.429422,Valid
8,0.0,,,Sirur Abraham,800035,6750073.083,38429540.03,Active,4/10/2012,90010,6.750073,38.42954,Valid
8,0.0,,967879530,Yohannes Simu,800036,6750031.783,38429223.63,ACTIVE,4/12/2011,90010,6.750032,38.429224,Valid
8,0.0,,,Bedilu G/Meskel,800037,6750189.317,38429500.68,Active,4/10/2012,90010,6.750189,38.429501,Valid
8,0.0,,,Belay Debiso,800038,0.0,0.0,TERMINATE,4/10/2012,90010,,,Missing or Invalid GPS
8,0.0,,,Yohannes Alito,800039,6750461.017,38429419.9,Active,4/10/2012,90010,6.750461,38.42942,Valid
8,0.0,,,Siyoum Tesfaye,800040,0.0,0.0,TERMINATE,4/10/2012,90010,,,Missing or Invalid GPS
8,0.0,,,Kassa Tsegaye,800041,6750422.683,38429426.77,Active,4/10/2012,90010,6.750423,38.429427,Valid
8,0.0,,,Tesema W/Michael,800042,6750447.967,38429489.28,Active,4/10/2012,90010,6.750448,38.429489,Valid
8,0.0,,,Kawiso Rorso,800043,6750305.3,38429720.73,Active,4/10/2012,90010,6.750305,38.429721,Valid
8,0.0,,916036866,Hiwot Asfaw,800044,6750325.783,38429819.6,ACTIVE,4/12/2011,90010,6.750326,38.42982,Valid
8,0.0,,,Taye Yuma,800045,0.0,0.0,TERMINATE,4/10/2012,90010,,,Missing or Invalid GPS
8,0.0,,,Radiya Sofiya,800046,6750304.933,38429773.93,Active,4/10/2012,90010,6.750305,38.429774,Valid
8,0.0,,945853587,Aba Kasahun Menkir ,800047,6750447.683,38429816.9,ACTIVE,41-22-011_,90010,6.750448,38.429817,Valid
8,0.0,,,Tesema Ragasa,800048,6750269.567,38429825.08,Active,4/10/2012,90010,6.75027,38.429825,Valid
8,0.0,,,Mengistu Burgi,800049,6750266.867,38429810.63,Active,4/10/2012,90010,6.750267,38.429811,Valid
8,0.0,,,Juhar Hassen,800050,6750213.133,38429837.1,Active,4/10/2012,90010,6.750213,38.429837,Valid
8,0.0,,,Feleqe Bulcha,800051,6750345.333,38429796.47,Active,4/10/2012,90010,6.750345,38.429796,Valid
8,0.0,,,Tiglu Tadesse,800052,0.0,0.0,TERMINATE,4/10/2012,90010,,,Missing or Invalid GPS
8,0.0,,,Minalechewa Adal,800053,6750270.05,38430025.45,Active,4/10/2012,90010,6.75027,38.430025,Valid
8,0.0,,,Alma Awol,800054,6746922.8,38437090.12,Active,4/10/2012,90010,6.746923,38.43709,Valid
8,0.0,,,Bekele Bora,800055,0.0,0.0,DISCONNECT,4/10/2012,90010,,,Missing or Invalid GPS
8,0.0,,,Tafese Tesfaye,800056,0.0,0.0,TERMINATE,4/10/2012,90010,,,Missing or Invalid GPS
8,0.0,,,Ashenafi Duamo,800057,0.0,0.0,TERMINATE,4/10/2012,90010,,,Missing or Invalid GPS
8,0.0,,,Meselech Abraham,800058,6751010.433,38430023.18,Active,4/10/2012,90010,6.75101,38.430023,Valid
8,0.0,,,Aster Tadesse,800059,0.0,0.0,DISCONNECT,4/10/2012,90010,,,Missing or Invalid GPS
8,0.0,,,Fitamo Simano,800060,0.0,0.0,TERMINATE,4/10/2012,90010,,,Missing or Invalid GPS
8,0.0,,,Bogale G/Meskel,800061,6751144.25,38430352.17,Active,4/10/2012,90010,6.751144,38.430352,Valid
8,0.0,,,Senya Adere,800062,0.0,0.0,TERMINATE,4/10/2012,90010,,,Missing or Invalid GPS
8,0.0,,,Tariku Fetera,800063,0.0,0.0,TERMINATE,4/10/2012,90010,,,Missing or Invalid GPS
8,0.0,,916169464,Asfaw Kebede,800064,6752885.167,38430830.18,ACTIVE,41-02-012_,90010,6.752885,38.43083,Valid
8,0.0,,,Ragasa Lanqamo,800065,0.0,0.0,TERMINATE,4/10/2012,90010,,,Missing or Invalid GPS
8,0.0,,927153586,Zemecha Dika,800066,0.0,0.0,DISCONNECT,41-02-012_,90010,,,Missing or Invalid GPS
8,0.0,,,Bogale Lanqamo,800067,0.0,0.0,TERMINATE,4/10/2012,90010,,,Missing or Invalid GPS
8,0.0,,,Taterech Habte,800068,0.0,0.0,TERMINATE,4/10/2012,90010,,,Missing or Invalid GPS
8,0.0,,,Misale Dika,800069,0.0,0.0,TERMINATE,4/10/2012,90010,,,Missing or Invalid GPS
8,0.0,,,Tsehay W/Senbet,800070,0.0,0.0,TERMINATE,4/10/2012,90010,,,Missing or Invalid GPS
8,0.0,,,Hassen Wolqisa,800071,6749688.3,38430102.22,Active,4/10/2012,90010,6.749688,38.430102,Valid
8,0.0,,,Wolltamo Watango,800072,6749583.583,38430153.22,Active,4/10/2012,90010,6.749584,38.430153,Valid
8,0.0,,,Desalegn Debiso,800073,0.0,0.0,TERMINATE,4/10/2012,90010,,,Missing or Invalid GPS
8,0.0,,901554024,Aynalem Ayele,800074,6749844.85,38430155.78,ACTIVE,4/12/2011,90010,6.749845,38.430156,Valid
8,0.0,,,Amarech Ragasa,800075,6749611.617,38429860.75,Active,4/10/2012,90010,6.749612,38.429861,Valid
8,0.0,,944287879,Meseret Desta,800076,6749911.467,38430210.92,ACTIVE,4/12/2011,90010,6.749911,38.430211,Valid
8,0.0,,,Melese Boche,800077,6749884.633,38430033.88,Active,4/10/2012,90010,6.749885,38.430034,Valid
8,0.0,,916515705,Asnaqech Dika,800078,6750058.233,38430033.62,ACTIVE,4/12/2011,90010,6.750058,38.430034,Valid
8,0.0,,,Girma Kibret,800079,6749978.333,38430181.87,Active,4/10/2012,90010,6.749978,38.430182,Valid
8,0.0,,986723549,Temesgen Olena  ,800080,6749908.6,38430323.87,ACTIVE,4/12/2011,90010,6.749909,38.430324,Valid
8,0.0,,,Alemush Degene,800081,6750000.25,38430269.33,Active,4/10/2012,90010,6.75,38.430269,Valid
8,0.0,,,Temesgen Tesfaye,800082,6750145.583,38430227.28,DISCONNECT,4/10/2012,90010,6.750146,38.430227,Valid
8,0.0,,916642237,Argaw Birbo,800083,6750279.95,38430389.03,ACTIVE,4/12/2011,90010,6.75028,38.430389,Valid
8,0.0,,,Nursheh Ahmed,800084,0.0,0.0,TERMINATE,4/10/2012,90010,,,Missing or Invalid GPS
8,0.0,,916040285,Schools Office,800085,6750680.433,38430818.73,DISCONNECT,4/12/2011,90010,6.75068,38.430819,Valid
8,0.0,,,Hagirtu Megenta,800086,6749928.767,38430794.27,DISCONNECT,4/10/2012,90010,6.749929,38.430794,Valid
8,0.0,,,Megertu Yeshume,800087,6749631.95,38430707.2,Active,4/10/2012,90010,6.749632,38.430707,Valid
8,0.0,,924650842,Zewga Aregay,800088,6749772.333,38430754.65,ACTIVE,4/12/2011,90010,6.749772,38.430755,Valid
8,0.0,,,Bazabih Yuma,800089,0.0,0.0,TERMINATE,4/10/2012,90010,,,Missing or Invalid GPS
8,0.0,,,Zaki Shikur,800090,0.0,0.0,TERMINATE,4/10/2012,90010,,,Missing or Invalid GPS
8,0.0,,960231128,Amsalu Yirgu ,800091,6749492.95,38430810.63,ACTIVE,4/12/2011,90010,6.749493,38.430811,Valid
8,0.0,,926988691,Gidesa Buntamo,800092,6749415.4,38430903.0,ACTIVE,4/12/2011,90010,6.749415,38.430903,Valid
8,0.0,,916331903,Seyid Shifa,800093,6749454.033,38430883.43,ACTIVE,4/12/2011,90010,6.749454,38.430883,Valid
8,0.0,,,Nigatu Kifle,800094,0.0,0.0,TERMINATE,4/10/2012,90010,,,Missing or Invalid GPS
8,0.0,,934608943,Mulunesh Gidebo,800095,6749258.083,38430889.07,ACTIVE,4/12/2011,90010,6.749258,38.430889,Valid
8,0.0,,950594743,Tenaye Berja ,800096,6749207.267,38430743.73,ACTIVE,41-22-011_,90010,6.749207,38.430744,Valid
8,0.0,,,Kebede G/Yes,800097,0.0,0.0,TERMINATE,4/10/2012,90010,,,Missing or Invalid GPS
8,0.0,,,Girma Zewdu,800098,0.0,0.0,TERMINATE,4/10/2012,90010,,,Missing or Invalid GPS
8,0.0,,,Gezahegn Tesema,800099,0.0,0.0,TERMINATE,4/10/2012,90010,,,Missing or Invalid GPS
8,0.0,,,Shemsiya Ali,800100,6749051.25,38430530.42,Active,4/10/2012,90010,6.749051,38.43053,Valid
8,0.0,,,Qemeriya Mohammed,800101,0.0,0.0,TERMINATE,4/10/2012,90010,,,Missing or Invalid GPS
8,0.0,,,Almaz Atnafu,800102,0.0,0.0,DISCONNECT,4/10/2012,90010,,,Missing or Invalid GPS
8,0.0,,975722349,Mugisina Redi ,800103,6748209.55,38433414.13,ACTIVE,4/12/2011,90010,6.74821,38.433414,Valid
8,0.0,,949985990,Tikikl Begna,800104,6748426.6,38432603.07,ACTIVE,4/12/2011,90010,6.748427,38.432603,Valid
8,0.0,,916169900,Murshid Mohammed,800105,6748398.133,38432715.02,ACTIVE,4/12/2011,90010,6.748398,38.432715,Valid
8,0.0,,,Sebsibe Jima,800106,0.0,0.0,TERMINATE,4/10/2012,90010,,,Missing or Invalid GPS
8,0.0,,,Sebsibe Jima,800107,6748331.4,38433286.18,Active,4/10/2012,90010,6.748331,38.433286,Valid
8,0.0,,941393202,Asikale Teshome,800108,6748177.967,38433552.6,ACTIVE,4/12/2011,90010,6.748178,38.433553,Valid
8,0.0,,,Mohammed Dilbe,800109,6748069.117,38433545.58,Active,4/10/2012,90010,6.748069,38.433546,Valid
8,0.0,,,Abdulwahab Abdurahman,800110,6748000.8,38433841.73,Active,4/10/2012,90010,6.748001,38.433842,Valid
8,0.0,,,Aschalew Worku,800111,6748082.45,38433919.25,Active,4/10/2012,90010,6.748082,38.433919,Valid
8,0.0,,,Abeje Jima,800112,6748001.583,38434185.1,Active,4/10/2012,90010,6.748002,38.434185,Valid
8,0.0,,916830175,Birhanu Yuma,800113,6744197.383,38441237.08,ACTIVE,4/12/2011,90010,6.744197,38.441237,Valid
8,0.0,,912385810,Kassa Yokamo,800114,6748139.633,38434486.57,ACTIVE,4/12/2011,90010,6.74814,38.434487,Valid
8,0.0,,,Shemolo Ibrihim,800115,6747927.833,38434393.42,Active,4/10/2012,90010,6.747928,38.434393,Valid
8,0.0,,,Kedija Jamal,800116,6747880.017,38434518.35,Active,4/10/2012,90010,6.74788,38.434518,Valid
8,0.0,,916135759,Shafi Beshir,800117,6747847.55,38434334.4,ACTIVE,4/12/2011,90010,6.747848,38.434334,Valid
8,0.0,,,Kedir Abraham,800118,6747611.567,38434603.28,Active,4/10/2012,90010,6.747612,38.434603,Valid
8,0.0,,,Sofiya Arengeda,800119,6747428.367,38434670.88,Active,4/10/2012,90010,6.747428,38.434671,Valid
8,0.0,,,Filate Tone,800120,0.0,0.0,TERMINATE,4/10/2012,90010,,,Missing or Invalid GPS
8,0.0,,,Edegu Abebe,800121,0.0,0.0,TERMINATE,4/10/2012,90010,,,Missing or Invalid GPS
8,0.0,,911946566,Sadiya Mohammed,800122,6747706.033,38435114.62,ACTIVE,4/12/2011,90010,6.747706,38.435115,Valid
8,0.0,,,Adanech Ayele,800123,6747367.35,38435202.0,Active,4/10/2012,90010,6.747367,38.435202,Valid
8,0.0,,910114478,H/Silassie Amare,800124,6747551.483,38435364.58,ACTIVE,4/12/2011,90010,6.747551,38.435365,Valid
8,0.0,,916373532,Begna Wendimu,800125,6748197.25,38430420.0,ACTIVE,4/12/2011,90010,6.748197,38.43042,Valid
8,0.0,,,Tesfaye Tenaye,800126,0.0,0.0,TERMINATE,4/10/2012,90010,,,Missing or Invalid GPS
8,0.0,,,Fute Basha,800127,6747733.95,38435636.35,Active,4/10/2012,90010,6.747734,38.435636,Valid
8,0.0,,928802945,Arada Mu/W/B/K/Yan,800128,6748313.217,38435836.68,ACTIVE,4/12/2011,90010,6.748313,38.435837,Valid
8,0.0,,,Kemal Surbala,800129,0.0,0.0,TERMINATE,4/10/2012,90010,,,Missing or Invalid GPS
8,0.0,,,Adisu Anebo,800130,6748068.0,38435623.7,ACTIVE,4/12/2011,90010,6.748068,38.435624,Valid
8,0.0,,925650064,Abrham Yohannes ,800131,6747998.633,38435399.8,ACTIVE,41-22-011_,90010,6.747999,38.4354,Valid
8,0.0,,916161491,Redwan Nur,800132,6747943.617,38435345.83,ACTIVE,4/12/2011,90010,6.747944,38.435346,Valid
8,0.0,,,Engida Qarfafa,800133,0.0,0.0,TERMINATE,4/10/2012,90010,,,Missing or Invalid GPS
8,0.0,,,Shibiru Simano,800134,6748569.25,38434891.15,Active,4/10/2012,90010,6.748569,38.434891,Valid
8,0.0,,,Qidist Mariyam/B/K/Yan,800135,6749449.583,38433981.87,Active,4/10/2012,90010,6.74945,38.433982,Valid
8,0.0,,,Tadelech Kebede,800136,0.0,0.0,TERMINATE,4/10/2012,90010,,,Missing or Invalid GPS
8,0.0,,,Hagos Asefa,800137,6750366.667,38427332.07,Active,4/10/2012,90010,6.750367,38.427332,Valid
8,0.0,,916834098,Tafese Lanqamo,800138,6750424.217,38427498.35,ACTIVE,4/12/2011,90010,6.750424,38.427498,Valid
8,0.0,,916941684,Hailu Alto,800139,6750213.45,38427481.57,ACTIVE,4/12/2011,90010,6.750213,38.427482,Valid
8,0.0,,,H/Mariam Hanqamo,800140,6750329.233,38427940.55,ACTIVE,4/12/2011,90010,6.750329,38.427941,Valid
8,0.0,,,Gerba Haqiso,800141,6749987.383,38428325.15,Active,4/10/2012,90010,6.749987,38.428325,Valid
8,0.0,,926389033,G/Yes Barnabas,800142,6750291.417,38427946.67,ACTIVE,4/12/2011,90010,6.750291,38.427947,Valid
8,0.0,,916333244,Desta Borena ,800143,6750103.917,38428456.23,ACTIVE,41-02-012_,90010,6.750104,38.428456,Valid
8,0.0,,926196716,Mekonnen Buwane,800144,6749941.317,38428658.73,ACTIVE,4/12/2011,90010,6.749941,38.428659,Valid
8,0.0,,,Asefa Baramo,800145,6749419.9,38428119.07,Active,4/10/2012,90010,6.74942,38.428119,Valid
8,0.0,,,Gobena Bekele,800146,0.0,0.0,TERMINATE,4/10/2012,90010,,,Missing or Invalid GPS
8,0.0,,,Yesuf Shure,800147,6749825.383,38428870.95,Active,4/10/2012,90010,6.749825,38.428871,Valid
8,0.0,,916164679,Degemo Adiso,800148,6756716.467,38430238.18,ACTIVE,4/12/2011,90010,6.756716,38.430238,Valid
8,0.0,,,Endrias Lema,800149,6749727.283,38429069.4,Active,4/10/2012,90010,6.749727,38.429069,Valid
8,0.0,,,Radiya Kedir,800150,6749729.783,38429140.28,ACTIVE,4/10/2012,90010,6.74973,38.42914,Valid
8,0.0,,,Abebe Asfaw,800151,0.0,0.0,DISCONNECT,4/10/2012,90010,,,Missing or Invalid GPS
8,0.0,,,Aselefech Geda,800152,6749712.533,38429304.75,Active,4/10/2012,90010,6.749713,38.429305,Valid
8,0.0,,,Zerfu Alemu,800153,0.0,0.0,DISCONNECT,4/10/2012,90010,,,Missing or Invalid GPS
8,0.0,,,Bogale Lanqamo,800154,0.0,0.0,TERMINATE,4/10/2012,90010,,,Missing or Invalid GPS
8,0.0,,924372399,Zerga Tsegaye,800155,6749997.817,38430720.08,ACTIVE,4/12/2011,90010,6.749998,38.43072,Valid
8,0.0,,,Fiqadu Baso,800156,0.0,0.0,DISCONNECT,4/10/2012,90010,,,Missing or Invalid GPS
8,0.0,,913233468,Zuriyash Kertawi ,800157,6749496.717,38430037.43,DISCONNECT,4/12/2011,90010,6.749497,38.430037,Valid
8,0.0,,,Muzeyin Awol,800158,0.0,0.0,DISCONNECT,4/12/2011,90010,,,Missing or Invalid GPS
8,0.0,,,Matiwos Daniel,800159,0.0,0.0,ACTIVE,4/12/2011,90010,,,Missing or Invalid GPS
8,0.0,,,Jabir Buser,800160,0.0,0.0,DISCONNECT,4/10/2012,90010,,,Missing or Invalid GPS
8,0.0,,913405130,Halima Seyid ,800161,6748976.683,38431360.55,ACTIVE,4/12/2011,90010,6.748977,38.431361,Valid
8,0.0,,,Muzeyin Ali,800162,6748700.117,38431714.72,ACTIVE,4/12/2011,90010,6.7487,38.431715,Valid
8,0.0,,,Bergicho Usuman,800163,0.0,0.0,DISCONNECT,4/10/2012,90010,,,Missing or Invalid GPS
8,0.0,,,Hailu Hariso,800164,6749294.967,38431745.62,ACTIVE,4/12/2011,90010,6.749295,38.431746,Valid
8,0.0,,,Jamal Beshir,800165,0.0,0.0,DISCONNECT,4/10/2012,90010,,,Missing or Invalid GPS
8,0.0,,,Jamal Ahmed,800166,0.0,0.0,TERMINATE,4/10/2012,90010,,,Missing or Invalid GPS
8,0.0,,,Kemal Shafi,800167,6748935.083,38431523.52,ACTIVE,4/12/2011,90010,6.748935,38.431524,Valid
8,0.0,,,Asrat Lalo,800168,6748366.867,38433222.47,ACTIVE,4/12/2011,90010,6.748367,38.433222,Valid
8,0.0,,,Shewale Abraham,800169,6748366.867,38433222.47,ACTIVE,4/12/2011,90010,6.748367,38.433222,Valid
8,0.0,,,Mulunesh Wolde,800170,6747249.667,38437033.68,DISCONNECT,4/10/2012,90010,6.74725,38.437034,Valid
8,0.0,,,Elias Tefera,800171,6747334.967,38436401.3,Active,4/10/2012,90010,6.747335,38.436401,Valid
8,0.0,,,Aregash  Welde ,800172,6747212.817,38437254.97,ACTIVE,4/12/2011,90010,6.747213,38.437255,Valid
8,0.0,,,Demeqech Haile,800173,0.0,0.0,DISCONNECT,4/10/2012,90010,,,Missing or Invalid GPS
8,0.0,,,Duresa Sebeqa,800174,6746918.1,38437384.53,Active,4/10/2012,90010,6.746918,38.437385,Valid
8,0.0,,,Dr. Kambata Bangasa,800175,6746892.183,38437450.03,Active,4/10/2012,90010,6.746892,38.43745,Valid
8,0.0,,934015772,Felekech Eshew ,800176,6746857.95,38437618.38,ACTIVE,4/12/2011,90010,6.746858,38.437618,Valid
8,0.0,,,Seyid Hassen,800177,6746753.183,38437838.13,ACTIVE,4/12/2011,90010,6.746753,38.437838,Valid
8,0.0,,,Dese Rejebo,800178,6746662.733,38437973.25,Active,4/10/2012,90010,6.746663,38.437973,Valid
8,0.0,,902937713,Tadelech Wolde,800179,6746523.367,38438182.42,ACTIVE,4/12/2011,90010,6.746523,38.438182,Valid
8,0.0,,916434477,Shimeles Fichale,800180,6746539.65,38438190.55,ACTIVE,4/12/2011,90010,6.74654,38.438191,Valid
8,0.0,,,Aliabd Shikur,800181,0.0,0.0,TERMINATE,4/10/2012,90010,,,Missing or Invalid GPS
8,0.0,,,Tadesse Medelo,800182,0.0,0.0,TERMINATE,4/10/2012,90010,,,Missing or Invalid GPS
8,0.0,,,Shifa Seyid,800183,6746328.85,38438627.93,Active,4/10/2012,90010,6.746329,38.438628,Valid
8,0.0,,936301227,Fate Aman ,800184,6746440.033,38438319.75,ACTIVE,4/12/2011,90010,6.74644,38.43832,Valid
8,0.0,,,Dilbeto Shikur,800185,6746402.883,38438898.83,Active,4/10/2012,90010,6.746403,38.438899,Valid
8,0.0,,,Ashenafi Sibache,800186,6746333.783,38438827.02,Active,4/10/2012,90010,6.746334,38.438827,Valid
8,0.0,,,Amarech Shiferaw,800187,6746270.317,38438966.58,Active,4/10/2012,90010,6.74627,38.438967,Valid
8,0.0,,,Ruqiya Mustafa,800188,0.0,0.0,DISCONNECT,4/10/2012,90010,,,Missing or Invalid GPS
8,0.0,,,Mokonn Shale,800189,6746171.917,38439869.07,Active,4/10/2012,90010,6.746172,38.439869,Valid
8,0.0,,,Gewato Gitora,800190,6746039.533,38439936.28,DISCONNECT,4/10/2012,90010,6.74604,38.439936,Valid
8,0.0,,,Birzo Kelee,800191,0.0,0.0,TERMINATE,4/10/2012,90010,,,Missing or Invalid GPS
8,0.0,,,Bihon Lema,800192,6745806.8,38441317.15,Active,4/10/2012,90010,6.745807,38.441317,Valid
8,0.0,,926396285,Amare Adato,800193,6745730.533,38442048.75,ACTIVE,4/12/2011,90010,6.745731,38.442049,Valid
8,0.0,,,Eskindir Semungus,800194,6745644.167,38442169.6,Active,4/10/2012,90010,6.745644,38.44217,Valid
8,0.0,,,Tafesech Laqew,800195,6745693.9,38442278.37,Active,4/10/2012,90010,6.745694,38.442278,Valid
8,0.0,,,Frewyit Tula,800196,6746441.55,38441357.22,ACTIVE,4/10/2012,90010,6.746442,38.441357,Valid
8,0.0,,,Manaozehal Adfres,800197,6746446.75,38441229.02,Active,4/10/2012,90010,6.746447,38.441229,Valid
8,0.0,,,Adane Yue,800198,6746387.483,38441191.33,ACTIVE,4/10/2012,90010,6.746387,38.441191,Valid
8,0.0,,934229594,Bogalech Tokise ,800199,6746498.967,38441149.67,ACTIVE,41-02-012_,90010,6.746499,38.44115,Valid
8,0.0,,,Dawit Kish,800200,6745779.55,38441486.9,Active,4/10/2012,90010,6.74578,38.441487,Valid
8,0.0,,,Sebsibe Jima,800201,6748765.35,38433107.12,Active,4/10/2012,90010,6.748765,38.433107,Valid
8,0.0,,,Memhir Degene,800202,6748862.033,38433503.28,ACTIVE,4/12/2011,90010,6.748862,38.433503,Valid
8,0.0,,,Bekele Atnafu,800203,6749205.983,38433034.15,Active,4/10/2012,90010,6.749206,38.433034,Valid
8,0.0,,,Sebsibe Jima,800204,0.0,0.0,DISCONNECT,4/10/2012,90010,,,Missing or Invalid GPS
8,0.0,,,Ras Desta 2nd Grade School,800205,6749188.517,38432215.87,ACTIVE,4/10/2012,90010,6.749189,38.432216,Valid
8,0.0,,,Nuri Hassen,800206,6748608.167,38433028.27,Active,4/10/2012,90010,6.748608,38.433028,Valid
8,0.0,,,Atsede Gemechu,800207,6748599.833,38432760.15,Active,4/10/2012,90010,6.7486,38.43276,Valid
8,0.0,,,Tamrat Tesema,800208,6748683.933,38433024.07,Active,4/10/2012,90010,6.748684,38.433024,Valid
8,0.0,,,Besufqad Kebt Madalebiy,800209,0.0,0.0,DISCONNECT,4/10/2012,90010,,,Missing or Invalid GPS
8,0.0,,966109478,Musa Siraj,800210,6747425.167,38436336.08,ACTIVE,4/12/2011,90010,6.747425,38.436336,Valid
8,0.0,,956605023,Birhanu Yuma,800211,6747996.733,38434313.08,ACTIVE,4/12/2011,90010,6.747997,38.434313,Valid
8,0.0,,,Ahmed Ali,800212,6747271.75,38434197.32,Active,4/10/2012,90010,6.747272,38.434197,Valid
8,0.0,,947071608,Zulfa Mohamed ,800213,6748342.8,38433213.98,ACTIVE,4/12/2011,90010,6.748343,38.433214,Valid
8,0.0,,,Mahmed Yimam,800214,0.0,0.0,DISCONNECT,4/10/2012,90010,,,Missing or Invalid GPS
8,0.0,,,Amina Awol,800215,0.0,0.0,DISCONNECT,4/10/2012,90010,,,Missing or Invalid GPS
8,0.0,,,Gadisa Tufa,800216,6750342.167,38429197.93,ACTIVE,4/10/2012,90010,6.750342,38.429198,Valid
8,0.0,,,Tareqegn Bunuka,800217,6746550.117,38440844.67,ACTIVE,4/10/2012,90010,6.74655,38.440845,Valid
8,,,,Nasr Kedir,800218,6746797.283,38437793.92,Active,4/10/2012,90010,6.746797,38.437794,Valid
8,,,,Ruqiya Mustafa,800219,0.0,0.0,DISCONNECT,4/10/2012,90010,,,Missing or Invalid GPS
8,,,,Mulugeta Mue,800220,0.0,0.0,DISCONNECT,4/10/2012,90010,,,Missing or Invalid GPS
8,,,911053033,Wesila Delbe,800221,6749404.667,38430413.13,ACTIVE,4/12/2011,90010,6.749405,38.430413,Valid
8,,,,Jamal Imamu,800222,0.0,0.0,DISCONNECT,4/10/2012,90010,,,Missing or Invalid GPS
8,,,,Bekele Bora,800223,0.0,0.0,DISCONNECT,4/10/2012,90010,,,Missing or Invalid GPS
8,,,,Degife Hamito,800224,6749560.133,38430962.43,Active,4/10/2012,90010,6.74956,38.430962,Valid
8,,,,Bekele Bora,800225,6750773.283,38430139.08,Active,4/10/2012,90010,6.750773,38.430139,Valid
8,,,912130233,Ruqiya Mustafa,800226,6746276.7,38439166.0,ACTIVE,4/12/2011,90010,6.746277,38.439166,Valid
8,,,,Mohammed Yimam,800227,6748935.083,38431523.52,Active,4/10/2012,90010,6.748935,38.431524,Valid
8,,,913482004,Mulugeta Mue,800228,6750585.417,38426610.02,ACTIVE,4/12/2011,90010,6.750585,38.42661,Valid
8,,,,Kintamo Sedemo,800229,6750588.817,38427111.98,Active,4/10/2012,90010,6.750589,38.427112,Valid
8,,,,Belay Beyene,800230,6750707.583,38427153.5,Active,4/10/2012,90010,6.750708,38.427154,Valid
8,,,936230700,Wubayhu Teferi,800231,6750059.833,38428797.87,ACTIVE,41-02-012_,90010,6.75006,38.428798,Valid
8,,,,Eshetu Tilahun,800232,6750408.117,38429124.97,ACTIVE,4/10/2012,90010,6.750408,38.429125,Valid
8,,,,Belay Debiso,800233,6750237.35,38429578.83,Active,4/10/2012,90010,6.750237,38.429579,Valid
8,,,,Siyoum Tesfaye,800234,6750357.467,38429285.77,Active,4/10/2012,90010,6.750357,38.429286,Valid
8,,,,Taye Yuma,800235,6750412.583,38429721.45,Active,4/10/2012,90010,6.750413,38.429721,Valid
8,,,,Tiglu Tadesse,800236,6750531.333,38430081.52,Active,4/10/2012,90010,6.750531,38.430082,Valid
8,,,916067487,Tafese Tesfaye,800237,6750893.383,38430022.55,ACTIVE,4/12/2011,90010,6.750893,38.430023,Valid
8,,,916517117,Abrham Eliayas ,800238,6750747.2,38429919.33,ACTIVE,4/12/2011,90010,6.750747,38.429919,Valid
8,,,,Aster Tadesse,800239,6751004.717,38430184.97,Active,4/10/2012,90010,6.751005,38.430185,Valid
8,,,,Fitemo Simano,800240,6751280.783,38430361.57,Active,4/10/2012,90010,6.751281,38.430362,Valid
8,,,977869455,Zulefa Jilalu,800241,6751246.0,38430560.0,ACTIVE,41-02-012_,90010,6.751246,38.43056,Valid
8,,,967236267,Tariku Fetera,800242,6752684.65,38430644.55,ACTIVE,41-02-012_,90010,6.752685,38.430645,Valid
8,,,,Ragasa Lanqamo,800243,6752648.667,38430917.15,Active,4/10/2012,90010,6.752649,38.430917,Valid
8,,,927153586,Zemecha Dika,800244,6752891.0,38431100.0,ACTIVE,41-02-012_,90010,6.752891,38.4311,Valid
8,,,912180258,Bogale Lanqamo,800245,6752957.983,38431279.78,ACTIVE,4/12/2011,90010,6.752958,38.43128,Valid
8,,,,Taterech Habte,800246,6751108.883,38429929.03,DISCONNECT,4/10/2012,90010,6.751109,38.429929,Valid
8,,,,Misale Dika,800247,6751134.55,38429608.42,Active,4/10/2012,90010,6.751135,38.429608,Valid
8,,,916053458,Tsehay W/Senbet,800248,6749757.85,38429912.85,ACTIVE,4/12/2011,90010,6.749758,38.429913,Valid
8,,,912420071,Desalegn Debiso,800249,6749625.817,38430189.82,ACTIVE,41-02-012_,90010,6.749626,38.43019,Valid
8,,,972632898,Nuri Ahmed,800250,6749847.933,38429294.15,ACTIVE,4/12/2011,90010,6.749848,38.429294,Valid
8,,,916504408,Bezabih Yuma,800251,6749948.95,38430849.0,ACTIVE,4/12/2011,90010,6.749949,38.430849,Valid
8,,,,Zaki Shikur,800252,6749602.883,38430823.13,Active,4/10/2012,90010,6.749603,38.430823,Valid
8,,,910519316,Nigatu Kifle,800253,6749253.583,38430744.35,ACTIVE,4/12/2011,90010,6.749254,38.430744,Valid
8,,,931555387,Kebede W/Yes,800254,6749224.067,38430860.4,ACTIVE,4/12/2011,90010,6.749224,38.43086,Valid
8,,,969371524,Girma Zewde,800255,6749109.05,38430864.02,ACTIVE,4/12/2011,90010,6.749109,38.430864,Valid
8,,,,Gezahegn Tesema,800256,6749119.633,38430709.33,Active,4/10/2012,90010,6.74912,38.430709,Valid
8,,,,Qemeriya Mohammed,800257,6749384.317,38430677.42,DISCONNECT,4/10/2012,90010,6.749384,38.430677,Valid
8,,,,Almawu Atnafu,800258,6748293.583,38433270.15,Active,4/10/2012,90010,6.748294,38.43327,Valid
8,,,911905174,Sebsibe Jima,800259,6748584.15,38433263.63,ACTIVE,4/12/2011,90010,6.748584,38.433264,Valid
8,,,,Ejigu Abebe,800260,6746954.683,38435000.13,Active,4/10/2012,90010,6.746955,38.435,Valid
8,,,,Tesfaye Tenaye,800261,0.0,0.0,DISCONNECT,4/10/2012,90010,,,Missing or Invalid GPS
8,,,,Kemal Surbala,800262,6748046.383,38435730.03,Active,4/10/2012,90010,6.748046,38.43573,Valid
8,,,,Engida Qarfafa,800263,6748265.867,38435089.03,Active,4/10/2012,90010,6.748266,38.435089,Valid
8,,,,Tadelech Kebede,800264,6750295.683,38426909.43,ACTIVE,4/10/2012,90010,6.750296,38.426909,Valid
8,,,,Gobena Bekele,800265,6749985.833,38429017.83,Active,4/10/2012,90010,6.749986,38.429018,Valid
8,,,912180258,Bogale Lanqamo,800266,6749616.183,38430270.87,ACTIVE,4/12/2011,90010,6.749616,38.430271,Valid
8,,,,Bergicho Usma,800267,6748621.55,38431831.0,ACTIVE,4/10/2012,90010,6.748622,38.431831,Valid
8,,,,Jamal Ahmed,800268,6748935.083,38431523.52,Active,4/10/2012,90010,6.748935,38.431524,Valid
8,,,,Demeqech Hailu,800269,0.0,0.0,DISCONNECT,4/10/2012,90010,,,Missing or Invalid GPS
8,,,912130233,Aliabdela Shikur,800270,6746500.817,38438513.7,ACTIVE,4/12/2011,90010,6.746501,38.438514,Valid
8,,,916164841,Tadesse Medelo,800271,6746368.683,38438585.53,ACTIVE,4/12/2011,90010,6.746369,38.438586,Valid
8,,,902937713,Birzo Kelee,800272,6746117.933,38440374.65,ACTIVE,4/12/2011,90010,6.746118,38.440375,Valid
8,,,916503940,Biratu Bilalo,800273,6746413.933,38440782.1,ACTIVE,4/12/2011,90010,6.746414,38.440782,Valid
8,,,,Aster Tsegaye,800274,6750636.85,38427016.03,Active,4/10/2012,90010,6.750637,38.427016,Valid
8,,,902937140,Haji Awol,800275,6747573.383,38435898.32,ACTIVE,4/12/2011,90010,6.747573,38.435898,Valid
8,,,,Abezash Danole,800276,6751020.733,38429599.07,Active,4/10/2012,90010,6.751021,38.429599,Valid
8,,,,Meselech Tafese,800277,6750578.783,38428468.73,Active,4/10/2012,90010,6.750579,38.428469,Valid
8,,,913061925,Jamal Beshir,800278,6748354.333,38433343.43,ACTIVE,4/12/2011,90010,6.748354,38.433343,Valid
8,,,,Tesfaye Tenaye,800279,6747578.9,38435734.77,Active,4/10/2012,90010,6.747579,38.435735,Valid
8,,,,Teqiya Seyid,800280,6747640.617,38436605.15,Active,4/10/2012,90010,6.747641,38.436605,Valid
8,,,,Sindu Kebt Irbata,800281,0.0,0.0,DISCONNECT,4/10/2012,90010,,,Missing or Invalid GPS
8,,,979837289,Birqe G/Tsadiq,800282,6752331.733,38430619.53,ACTIVE,4/12/2011,90010,6.752332,38.43062,Valid
8,,,,Taterech Habte,800283,6748101.067,38435282.53,Active,4/10/2012,90010,6.748101,38.435283,Valid
8,,,,Tamiru Birhanu,800284,6750547.183,38429348.28,Active,4/10/2012,90010,6.750547,38.429348,Valid
8,,,,Tariku Abraham,800285,6752135.033,38431091.15,Active,4/10/2012,90010,6.752135,38.431091,Valid
8,,,,Basha Batiso,800286,6752354.6,38431020.88,Active,4/10/2012,90010,6.752355,38.431021,Valid
8,,,,Tayelign Tafese,800287,6752217.083,38431105.75,Active,4/10/2012,90010,6.752217,38.431106,Valid
8,,,921687921,Kifle Korem,800288,6752232.7,38431149.93,ACTIVE,4/12/2011,90010,6.752233,38.43115,Valid
8,,,,Zeleke Dengiso,800289,0.0,0.0,DISCONNECT,4/10/2012,90010,,,Missing or Invalid GPS
8,,,,Asfaw EO,800290,6753112.25,38431157.4,Active,4/10/2012,90010,6.753112,38.431157,Valid
8,,,978777327,Bekelech Shiferaw,800291,6747579.2,38437262.3,ACTIVE,4/12/2011,90010,6.747579,38.437262,Valid
8,,,984257297,Admasu Ayele,800292,6748121.8,38433011.65,ACTIVE,4/12/2011,90010,6.748122,38.433012,Valid
8,,,,Degife Bunaye,800293,6752687.1,38431099.45,Active,4/10/2012,90010,6.752687,38.431099,Valid
8,,,903803768,Shawul Yigletu,800294,6746429.767,38438652.88,ACTIVE,4/12/2011,90010,6.74643,38.438653,Valid
8,,,967697190,Wendimagegn Belachew,800295,6752587.317,38430470.95,ACTIVE,4/12/2011,90010,6.752587,38.430471,Valid
8,,,,Abyot Chora School,800296,6750136.367,38430724.15,ACTIVE,4/10/2012,90010,6.750136,38.430724,Valid
8,,,,Abdi Hassen,800297,6749225.617,38429575.32,Active,4/10/2012,90010,6.749226,38.429575,Valid
8,,,,Gezahegn Getiso,800298,6752817.467,38431172.5,Active,4/10/2012,90010,6.752817,38.431173,Valid
8,,,,Wendimu Hanfato,800299,6749351.783,38437535.77,Active,4/10/2012,90010,6.749352,38.437536,Valid
8,,,,Kibre Zeleke,800300,6748512.4,38437376.02,Active,4/10/2012,90010,6.748512,38.437376,Valid
8,,,,Tibebu Tongola,800301,6748709.9,38437446.77,Active,4/10/2012,90010,6.74871,38.437447,Valid
8,,,,Shenkoru Wedebo,800302,6750351.617,38429384.63,Active,4/10/2012,90010,6.750352,38.429385,Valid
8,,,,Andualem Gesese,800303,6748013.183,38437239.37,Active,4/10/2012,90010,6.748013,38.437239,Valid
8,,,913365353,Tigist Tesfaye,800304,6749594.767,38430135.02,ACTIVE,4/12/2011,90010,6.749595,38.430135,Valid
8,,,915161702,Qros Desta,800305,6751574.633,38430504.28,ACTIVE,4/12/2011,90010,6.751575,38.430504,Valid
8,,,,Shibiru Simano,800306,6748507.4,38434919.57,Active,4/10/2012,90010,6.748507,38.43492,Valid
8,,,,Qebele 08 Arada K/Ketema,800307,0.0,0.0,DISCONNECT,4/10/2012,90010,,,Missing or Invalid GPS
8,,,,Werqe G/Kidan,800308,6750786.317,38426677.43,Active,4/10/2012,90010,6.750786,38.426677,Valid
8,,,945831197,Aynalem Dikara,800309,6749925.083,38429376.85,ACTIVE,4/12/2011,90010,6.749925,38.429377,Valid
8,,,939170437,Belay Banata,800310,6752412.95,38430495.55,ACTIVE,4/12/2011,90010,6.752413,38.430496,Valid
8,,,,Yohannes Mustafa,800311,6748935.083,38431523.52,Active,4/10/2012,90010,6.748935,38.431524,Valid
8,,,,Kassa Kawiso,800312,6748318.417,38437313.88,Active,4/10/2012,90010,6.748318,38.437314,Valid
8,,,,Shume G/Michael,800313,6750057.8,38430096.38,Active,4/10/2012,90010,6.750058,38.430096,Valid
8,,,,Damene Sima,800315,6746349.767,38438664.15,Active,4/10/2012,90010,6.74635,38.438664,Valid
8,,,,Legesse Chora,800316,6745258.95,38437832.28,Active,4/10/2012,90010,6.745259,38.437832,Valid
8,,,984881086,Mulunesh Wolde,800317,6748900.5,38431016.4,ACTIVE,4/12/2011,90010,6.748901,38.431016,Valid
8,,,916331937,Adunya Asefa,800318,6750597.033,38427268.25,ACTIVE,4/12/2011,90010,6.750597,38.427268,Valid
8,,,924328985,Mengistu Kia,800319,6748624.817,38437360.77,ACTIVE,4/12/2011,90010,6.748625,38.437361,Valid
8,,,926389230,Tariku Qamiso,800320,6752784.817,38430591.52,ACTIVE,4/12/2011,90010,6.752785,38.430592,Valid
8,,,910475943,Henok Banata,800321,6749169.933,38437762.4,ACTIVE,4/12/2011,90010,6.74917,38.437762,Valid
8,,,,Tefera Kia,800322,6752763.333,38431034.6,Active,4/10/2012,90010,6.752763,38.431035,Valid
8,,,,Demse Deqamo,800324,6747516.617,38431990.25,Active,4/10/2012,90010,6.747517,38.43199,Valid
8,,,916164621,Tekalegn Petros,800325,6748480.567,38437875.4,ACTIVE,4/12/2011,90010,6.748481,38.437875,Valid
8,,,,Matiwos Lanqamo,800326,6748373.7,38437789.03,Active,4/10/2012,90010,6.748374,38.437789,Valid
8,,,,Tsegaye Yimamu,800327,6747691.267,38445653.87,Active,4/10/2012,90010,6.747691,38.445654,Valid
8,,,,Lema Hailu,800329,6746311.217,38441460.98,ACTIVE,4/10/2012,90010,6.746311,38.441461,Valid
8,,,,Misraq Diqaso,800330,6746459.767,38440807.02,Active,4/10/2012,90010,6.74646,38.440807,Valid
8,,,926915184,Muday Adane,800331,6748935.083,38431523.52,ACTIVE,4/12/2011,90010,6.748935,38.431524,Valid
8,,,,Degiye Godana,800332,6748925.833,38437392.33,Active,4/10/2012,90010,6.748926,38.437392,Valid
8,,,,Tekabech Yimaneh,800333,6748759.667,38429479.72,Active,4/10/2012,90010,6.74876,38.42948,Valid
8,,,995744060,Marba Shurala,800334,6747621.817,38431352.83,ACTIVE,4/12/2011,90010,6.747622,38.431353,Valid
8,,,,Mulu Abebe,800335,6750460.667,38429880.38,Active,4/10/2012,90010,6.750461,38.42988,Valid
8,,,,Teshome Yigezu,800336,6747810.1,38437200.7,Active,4/10/2012,90010,6.74781,38.437201,Valid
8,,,908451791,Menbere Desta,800337,6747614.683,38437326.75,ACTIVE,4/12/2011,90010,6.747615,38.437327,Valid
8,,,926196716,Natnael Asefa,800338,6750456.833,38429533.87,ACTIVE,4/12/2011,90010,6.750457,38.429534,Valid
8,,,,Matiwos Daniel,800339,6748715.017,38431754.88,Active,4/10/2012,90010,6.748715,38.431755,Valid
8,,,926129801,Gada Meke,800340,6748593.883,38437456.03,ACTIVE,4/12/2011,90010,6.748594,38.437456,Valid
8,,,,Haile Harso,800341,6753347.2,38430108.23,ACTIVE,4/12/2011,90010,6.753347,38.430108,Valid
8,,,,Ras D/2nd Grade School No. 2,800342,6749294.967,38431745.62,Active,4/10/2012,90010,6.749295,38.431746,Valid
3,,,,Daniel Seqamo,300750,0.0,0.0,DISCONNECT,4/12/2011,90027,,,Missing or Invalid GPS
8,,,,Ginbo Yubate,800344,6749466.2,38436970.38,Active,4/10/2012,90010,6.749466,38.43697,Valid
8,,,,Elias Banata,800345,6749327.483,38436896.15,Active,4/10/2012,90010,6.749327,38.436896,Valid
8,,,949630241,Elias Jamal,800346,6750686.267,38426844.97,ACTIVE,4/12/2011,90010,6.750686,38.426845,Valid
8,,,,Ragasa Lamiso,800347,6750804.917,38426790.18,Active,4/10/2012,90010,6.750805,38.42679,Valid
8,,,,Mohammed Shifa,800348,6750763.217,38426767.57,Active,4/10/2012,90010,6.750763,38.426768,Valid
9,0.0,,,Yesuf Shure,900001,6748854.25,38430222.4,ACTIVE,4/12/2011,90010,6.748854,38.430222,Valid
9,0.0,,,Qondale Yuma,900002,0.0,0.0,TERMINATE,4/10/2012,90010,,,Missing or Invalid GPS
9,0.0,,,Fitamo Simano,900003,0.0,0.0,TERMINATE,4/10/2012,90010,,,Missing or Invalid GPS
9,0.0,,,Mulu Manguda,900004,0.0,0.0,TERMINATE,4/10/2012,90010,,,Missing or Invalid GPS
9,0.0,,,Bizuneh Qie,900005,0.0,0.0,TERMINATE,4/10/2012,90010,,,Missing or Invalid GPS
9,0.0,,,Salfaqo Sanbato,900006,6750010.667,38426437.35,Active,4/10/2012,90010,6.750011,38.426437,Valid
9,0.0,,,Siyoum Kumo,900007,6750177.717,38427311.85,Active,4/10/2012,90010,6.750178,38.427312,Valid
9,0.0,,,Melese Qia,900008,6749669.017,38427069.0,Active,4/10/2012,90010,6.749669,38.427069,Valid
9,0.0,,,Argata Amelo,900009,6749780.05,38427101.98,Active,4/10/2012,90010,6.74978,38.427102,Valid
9,0.0,,964040668,Adane Kambata,900010,6749608.967,38427434.45,ACTIVE,4/12/2011,90010,6.749609,38.427434,Valid
9,0.0,,912017797,Selemon H/Michael,900011,6749847.683,38427333.25,ACTIVE,4/12/2011,90010,6.749848,38.427333,Valid
9,0.0,,,Kedija Bergecho,900012,6749540.55,38427339.75,Active,4/10/2012,90010,6.749541,38.42734,Valid
9,0.0,,,Sururi Yesuf,900013,0.0,0.0,TERMINATE,4/10/2012,90010,,,Missing or Invalid GPS
9,0.0,,916137944,Jamal Lule,900014,6749829.517,38427941.35,ACTIVE,4/12/2011,90010,6.74983,38.427941,Valid
9,0.0,,,Amudla Shifa,900015,6749523.917,38427829.87,Active,4/10/2012,90010,6.749524,38.42783,Valid
9,0.0,,916810341,Getachew Gebre,900016,6749500.067,38427937.67,ACTIVE,4/12/2011,90010,6.7495,38.427938,Valid
9,0.0,,,Hajired Abdshikur,900017,0.0,0.0,TERMINATE,4/10/2012,90010,,,Missing or Invalid GPS
9,0.0,,916161782,Getachew Bito,900018,6749503.567,38428400.18,ACTIVE,4/12/2011,90010,6.749504,38.4284,Valid
9,0.0,,,Efrem Abebe,900019,0.0,0.0,DISCONNECT,4/10/2012,90010,,,Missing or Invalid GPS
9,0.0,,,Yishaq Niguse,900020,0.0,0.0,TERMINATE,4/10/2012,90010,,,Missing or Invalid GPS
9,0.0,,,Beshir Nuga,900021,6749733.433,38428329.8,Active,4/10/2012,90010,6.749733,38.42833,Valid
9,0.0,,,Tadelech Worke,900022,6749610.217,38428182.73,Active,4/10/2012,90010,6.74961,38.428183,Valid
9,0.0,,,Endale Siyoum,900023,0.0,0.0,TERMINATE,4/10/2012,90010,,,Missing or Invalid GPS
9,0.0,,,Meselech Waqsukur,900024,6749190.733,38428624.43,Active,4/10/2012,90010,6.749191,38.428624,Valid
9,0.0,,,Abyut Shafi,900025,0.0,0.0,TERMINATE,4/10/2012,90010,,,Missing or Invalid GPS
9,0.0,,,Zeritu W/Michael,900026,0.0,0.0,TERMINATE,4/10/2012,90010,,,Missing or Invalid GPS
9,0.0,,,Adanech Dinbeba,900027,0.0,0.0,TERMINATE,4/10/2012,90010,,,Missing or Invalid GPS
9,0.0,,,Tadesse Degene,900028,0.0,0.0,DISCONNECT,4/10/2012,90010,,,Missing or Invalid GPS
9,0.0,,,Almaz Tamiru,900029,0.0,0.0,TERMINATE,4/10/2012,90010,,,Missing or Invalid GPS
9,0.0,,,Getu Wolde,900030,6749776.583,38428462.28,Active,4/10/2012,90010,6.749777,38.428462,Valid
9,0.0,,908945345,Askale Alemu,900031,6748999.95,38429251.37,ACTIVE,4/12/2011,90010,6.749,38.429251,Valid
9,0.0,,926915184,Fikirte Negash ,900032,6749325.15,38428765.55,ACTIVE,4/12/2011,90010,6.749325,38.428766,Valid
9,0.0,,,Ketema Qulto,900033,6748999.533,38429215.57,DISCONNECT,4/10/2012,90010,6.749,38.429216,Valid
9,0.0,,926915184,Amare Ashenafi,900034,6749555.7,38429039.33,ACTIVE,4/12/2011,90010,6.749556,38.429039,Valid
9,0.0,,,Yohannes Dechasa,900035,6749025.067,38429322.23,Active,4/10/2012,90010,6.749025,38.429322,Valid
9,0.0,,,Wagaye Tadele,900036,6748925.733,38429364.53,Active,4/10/2012,90010,6.748926,38.429365,Valid
9,0.0,,,Yohannes Hamito,900037,0.0,0.0,TERMINATE,4/10/2012,90010,,,Missing or Invalid GPS
9,0.0,,,Hulahager T/Michael,900038,0.0,0.0,TERMINATE,4/10/2012,90010,,,Missing or Invalid GPS
9,0.0,,965537726,Adolawork Tafese,900039,6748697.55,38429384.68,ACTIVE,4/12/2011,90010,6.748698,38.429385,Valid
9,0.0,,,Belaynesh Tadesse,900040,0.0,0.0,TERMINATE,4/10/2012,90010,,,Missing or Invalid GPS
9,0.0,,,Muluwork Waqgira,900041,0.0,0.0,TERMINATE,4/10/2012,90010,,,Missing or Invalid GPS
9,0.0,,,Yumura Yunka,900042,6748536.033,38430800.58,Active,4/10/2012,90010,6.748536,38.430801,Valid
9,0.0,,910207094,Kasa Kabiso ,900043,6748458.6,38430275.75,ACTIVE,4/12/2011,90010,6.748459,38.430276,Valid
9,0.0,,925105006,Meselech Mengesha ,900044,6749108.9,38432197.05,ACTIVE,41-02-012_,90010,6.749109,38.432197,Valid
9,0.0,,,Eshetu Alebo,900045,0.0,0.0,TERMINATE,4/10/2012,90010,,,Missing or Invalid GPS
9,0.0,,,Hussein Grume,900046,0.0,0.0,TERMINATE,4/10/2012,90010,,,Missing or Invalid GPS
9,0.0,,,Bizunesh Eshete,900047,6748903.9,38430579.95,Active,4/10/2012,90010,6.748904,38.43058,Valid
9,0.0,,,Zenebech Beri,900048,0.0,0.0,TERMINATE,4/10/2012,90010,,,Missing or Invalid GPS
9,0.0,,,Wesene Burso,900049,0.0,0.0,TERMINATE,4/10/2012,90010,,,Missing or Invalid GPS
9,0.0,,,Almaz Mekonnen,900050,0.0,0.0,DISCONNECT,4/10/2012,90010,,,Missing or Invalid GPS
9,0.0,,,Getachew Asefa,900051,6748382.383,38431088.45,Active,4/10/2012,90010,6.748382,38.431088,Valid
9,0.0,,,Umer Ulu,900052,6748462.017,38430959.0,Active,4/10/2012,90010,6.748462,38.430959,Valid
9,0.0,,,Fite Yesuf,900053,6747611.367,38432659.75,ACTIVE,4/10/2012,90010,6.747611,38.43266,Valid
9,0.0,,,Fitamo Simano,900054,0.0,0.0,TERMINATE,4/10/2012,90010,,,Missing or Invalid GPS
9,0.0,,911053033,Abdi Hassen ,900055,6748461.05,38431068.88,ACTIVE,4/12/2011,90010,6.748461,38.431069,Valid
9,0.0,,,Arada Shewur,900056,6748927.717,38430249.92,Active,4/10/2012,90010,6.748928,38.43025,Valid
9,0.0,,905464518,Tesfaye Garbi,900057,6747957.333,38430966.17,ACTIVE,4/12/2011,90010,6.747957,38.430966,Valid
9,0.0,,944985990,Kur Bogale,900058,6748211.85,38430774.23,ACTIVE,4/12/2011,90010,6.748212,38.430774,Valid
9,0.0,,911570725,Ahmed Hassen,900059,6748377.517,38430689.73,ACTIVE,4/12/2011,90010,6.748378,38.43069,Valid
9,0.0,,,Mulugeta Bekele,900060,0.0,0.0,TERMINATE,4/10/2012,90010,,,Missing or Invalid GPS
9,0.0,,949034536,Asikale Gibiso ,900061,6748165.467,38430724.07,ACTIVE,4/12/2011,90010,6.748165,38.430724,Valid
9,0.0,,,Baleker Kelele,900062,0.0,0.0,TERMINATE,4/10/2012,90010,,,Missing or Invalid GPS
9,0.0,,,Eshetu Adino,900063,6747781.767,38430484.52,Active,4/10/2012,90010,6.747782,38.430485,Valid
9,0.0,,,Yohannes Balcha,900064,0.0,0.0,DISCONNECT,4/10/2012,90010,,,Missing or Invalid GPS
9,0.0,,,Gosay Derba,900065,0.0,0.0,TERMINATE,4/10/2012,90010,,,Missing or Invalid GPS
9,0.0,,,Mohammed Awol,900066,0.0,0.0,TERMINATE,4/10/2012,90010,,,Missing or Invalid GPS
9,0.0,,,Bizuyehu Abate,900067,6748336.783,38430207.63,ACTIVE,4/12/2011,90010,6.748337,38.430208,Valid
9,0.0,,,Tenaye Mola,900068,6748019.067,38430173.47,Active,4/10/2012,90010,6.748019,38.430173,Valid
9,0.0,,927088605,Fikirte H/Mariam,900069,6748238.683,38429970.2,ACTIVE,4/12/2011,90010,6.748239,38.42997,Valid
9,0.0,,,Tesheme Afra,900070,6748181.667,38429953.82,Active,4/10/2012,90010,6.748182,38.429954,Valid
9,0.0,,925306079,Ayinalem Aregay,900071,6748159.55,38429933.28,ACTIVE,4/12/2011,90010,6.74816,38.429933,Valid
9,0.0,,,Almaz Mekonnen,900072,6748281.7,38429011.73,Active,4/10/2012,90010,6.748282,38.429012,Valid
9,0.0,,,Zenebech Metela,900073,0.0,0.0,TERMINATE,4/10/2012,90010,,,Missing or Invalid GPS
9,0.0,,,Etemanachi Tegen,900074,6747812.05,38430013.27,Active,4/10/2012,90010,6.747812,38.430013,Valid
9,0.0,,,Qetsela Qamiso,900075,0.0,0.0,TERMINATE,4/10/2012,90010,,,Missing or Invalid GPS
9,0.0,,,Elias Guto,900076,0.0,0.0,TERMINATE,4/10/2012,90010,,,Missing or Invalid GPS
9,0.0,,,Niguse Welena,900077,0.0,0.0,TERMINATE,4/10/2012,90010,,,Missing or Invalid GPS
9,0.0,,,Yohannes Bolka,900078,0.0,0.0,TERMINATE,4/10/2012,90010,,,Missing or Invalid GPS
9,0.0,,,Tefera Worana,900079,0.0,0.0,TERMINATE,4/10/2012,90010,,,Missing or Invalid GPS
9,0.0,,,Asefa Amelo,900080,0.0,0.0,TERMINATE,4/10/2012,90010,,,Missing or Invalid GPS
9,0.0,,924668087,Mulugeta Mume,900081,6747997.35,38429682.9,DISCONNECT,4/12/2011,90010,6.747997,38.429683,Valid
9,0.0,,,Mihret Selemon,900082,0.0,0.0,TERMINATE,4/10/2012,90010,,,Missing or Invalid GPS
9,0.0,,,Selemon Worku,900083,0.0,0.0,TERMINATE,4/10/2012,90010,,,Missing or Invalid GPS
9,0.0,,,Kambie Hamito,900084,0.0,0.0,TERMINATE,4/10/2012,90010,,,Missing or Invalid GPS
9,0.0,,,Tiro Gezahegn,900085,0.0,0.0,TERMINATE,4/10/2012,90010,,,Missing or Invalid GPS
9,0.0,,,Meselech Wesene,900086,6748697.55,38429384.68,Active,4/10/2012,90010,6.748698,38.429385,Valid
9,0.0,,,Zinash Muchayo,900087,0.0,0.0,TERMINATE,4/10/2012,90010,,,Missing or Invalid GPS
9,0.0,,916503994,Getachew Gebre,900088,6748382.067,38429609.22,ACTIVE,4/12/2011,90010,6.748382,38.429609,Valid
9,0.0,,,Sultan Kedir,900089,6748687.2,38429161.05,Active,4/10/2012,90010,6.748687,38.429161,Valid
9,0.0,,,Teshome Arga,900090,0.0,0.0,TERMINATE,4/10/2012,90010,,,Missing or Invalid GPS
9,0.0,,,Asegedech Meskele ,900091,6748550.983,38429376.38,ACTIVE,4/12/2011,90010,6.748551,38.429376,Valid
9,0.0,,,Fikre Mamo,900092,0.0,0.0,TERMINATE,4/10/2012,90010,,,Missing or Invalid GPS
9,0.0,,,Qalab Lale,900093,0.0,0.0,TERMINATE,4/10/2012,90010,,,Missing or Invalid GPS
9,0.0,,,Tirfe Endale,900094,0.0,0.0,TERMINATE,4/10/2012,90010,,,Missing or Invalid GPS
9,0.0,,,Azalech Wube,900095,0.0,0.0,TERMINATE,4/10/2012,90010,,,Missing or Invalid GPS
9,0.0,,,Zenebech Bermeja,900096,0.0,0.0,TERMINATE,4/10/2012,90010,,,Missing or Invalid GPS
9,0.0,,,Behaylu Tafese,900097,0.0,0.0,TERMINATE,4/10/2012,90010,,,Missing or Invalid GPS
9,0.0,,,Wobe W/Semayat,900098,0.0,0.0,DISCONNECT,4/10/2012,90010,,,Missing or Invalid GPS
9,0.0,,,Genet Betiso,900099,0.0,0.0,DISCONNECT,4/10/2012,90010,,,Missing or Invalid GPS
9,0.0,,944127847,Kedija Mohammed,900100,6748806.45,38428632.07,ACTIVE,4/12/2011,90010,6.748806,38.428632,Valid
9,0.0,,935916604,Aselefech Zewude,900101,6748646.717,38428719.93,ACTIVE,4/12/2011,90010,6.748647,38.42872,Valid
9,0.0,,916168258,Niguse Abebe,900102,6748993.283,38428249.32,ACTIVE,4/12/2011,90010,6.748993,38.428249,Valid
9,0.0,,,Abdulhakim Mustafa,900103,0.0,0.0,TERMINATE,4/10/2012,90010,,,Missing or Invalid GPS
9,0.0,,936462255,Galcha Galfato,900104,6749253.35,38427229.53,ACTIVE,4/12/2011,90010,6.749253,38.42723,Valid
9,0.0,,,Yibura Qulito,900105,0.0,0.0,DISCONNECT,4/10/2012,90010,,,Missing or Invalid GPS
9,0.0,,913224732,Henok Banata,900106,6749456.083,38427372.1,ACTIVE,4/12/2011,90010,6.749456,38.427372,Valid
9,0.0,,,H/Bet/Christian,900107,0.0,0.0,TERMINATE,4/10/2012,90010,,,Missing or Invalid GPS
9,0.0,,,Hayeso Hamaro,900108,0.0,0.0,TERMINATE,4/10/2012,90010,,,Missing or Invalid GPS
9,0.0,,,Tamrat Bezabih,900109,0.0,0.0,TERMINATE,4/10/2012,90010,,,Missing or Invalid GPS
9,0.0,,,Asefa Alemu,900110,0.0,0.0,TERMINATE,4/10/2012,90010,,,Missing or Invalid GPS
9,0.0,,,Matiwos Kunta,900111,0.0,0.0,TERMINATE,4/10/2012,90010,,,Missing or Invalid GPS
9,0.0,,,Belaycho Baramo,900112,0.0,0.0,TERMINATE,4/10/2012,90010,,,Missing or Invalid GPS
9,0.0,,,Debebe Bela,900113,6749258.45,38426114.63,Active,4/10/2012,90010,6.749258,38.426115,Valid
9,0.0,,,Kassa Kumo,900114,0.0,0.0,TERMINATE,4/10/2012,90010,,,Missing or Invalid GPS
9,0.0,,,Gafarsa Gesese,900115,0.0,0.0,TERMINATE,4/10/2012,90010,,,Missing or Invalid GPS
9,0.0,,,Alelima Berhe,900116,0.0,0.0,TERMINATE,4/10/2012,90010,,,Missing or Invalid GPS
9,0.0,,924446538,Kedir Shikur,900117,6747632.567,38430994.38,ACTIVE,4/12/2011,90010,6.747633,38.430994,Valid
9,0.0,,,Usuman Reshid,900118,0.0,0.0,DISCONNECT,4/10/2012,90010,,,Missing or Invalid GPS
9,0.0,,,Gezahegn Getahun,900119,0.0,0.0,DISCONNECT,4/10/2012,90010,,,Missing or Invalid GPS
9,0.0,,,Amna Hassen,900120,6747621.3,38431261.25,Active,4/10/2012,90010,6.747621,38.431261,Valid
9,0.0,,927153680,Sultan Lale,900121,6747675.917,38431519.98,ACTIVE,4/12/2011,90010,6.747676,38.43152,Valid
9,0.0,,,Dagnachew Abru,900122,6747584.5,38431837.62,Active,4/10/2012,90010,6.747585,38.431838,Valid
9,0.0,,,Rabiya Mohammed,900123,0.0,0.0,DISCONNECT,4/10/2012,90010,,,Missing or Invalid GPS
9,0.0,,928870017,Elias Usuman,900124,6747379.15,38431746.52,ACTIVE,4/12/2011,90010,6.747379,38.431747,Valid
9,0.0,,,Sebsibe Teka,900125,0.0,0.0,DISCONNECT,4/10/2012,90010,,,Missing or Invalid GPS
9,0.0,,,Rahima Mudasir,900126,0.0,0.0,TERMINATE,4/10/2012,90010,,,Missing or Invalid GPS
9,0.0,,,Wabe Ahmed,900127,0.0,0.0,DISCONNECT,4/10/2012,90010,,,Missing or Invalid GPS
9,0.0,,,Nur Gazhassen,900128,0.0,0.0,DISCONNECT,4/10/2012,90010,,,Missing or Invalid GPS
9,0.0,,,Nur Asres,900129,6747750.5,38431841.85,Active,4/10/2012,90010,6.747751,38.431842,Valid
9,0.0,,,Adinew Teshome ,900130,6747763.05,38431614.9,ACTIVE,4/12/2011,90010,6.747763,38.431615,Valid
9,0.0,,,Sultan Nur,900131,0.0,0.0,DISCONNECT,4/10/2012,90010,,,Missing or Invalid GPS
9,0.0,,,Fite Shemoro,900132,0.0,0.0,DISCONNECT,4/10/2012,90010,,,Missing or Invalid GPS
9,56.0,,,Nur Hassen,900133,0.0,0.0,DISCONNECT,4/10/2012,90010,,,Missing or Invalid GPS
9,0.0,,916050929,Mekiya Bergicho,900134,6747542.3,38432913.98,ACTIVE,4/12/2011,90010,6.747542,38.432914,Valid
9,0.0,,,Fiqadu Elele,900135,6747560.483,38432892.32,Active,4/10/2012,90010,6.74756,38.432892,Valid
9,0.0,,,Red Shihahmed,900136,0.0,0.0,TERMINATE,4/10/2012,90010,,,Missing or Invalid GPS
9,0.0,,,Askale Dokle,900137,0.0,0.0,DISCONNECT,4/10/2012,90010,,,Missing or Invalid GPS
9,0.0,,,Ashenafi Qawato,900138,6747603.817,38433059.7,Active,4/10/2012,90010,6.747604,38.43306,Valid
9,0.0,,,Almaz Abebe,900139,0.0,0.0,TERMINATE,4/10/2012,90010,,,Missing or Invalid GPS
9,0.0,,924655708,Alemtu T/Wolde,900140,6747480.983,38433211.35,ACTIVE,4/12/2011,90010,6.747481,38.433211,Valid
9,0.0,,,Tsehaynesh Tsegayu,900141,6747488.183,38433503.8,Active,4/10/2012,90010,6.747488,38.433504,Valid
9,0.0,,,Qebele 09 Mesgide,900142,0.0,0.0,TERMINATE,4/10/2012,90010,,,Missing or Invalid GPS
9,0.0,,926396238,Niguse Jemal,900143,6747392.25,38433478.63,ACTIVE,4/12/2011,90010,6.747392,38.433479,Valid
9,0.0,,,Zebeyda Hassen,900144,6747346.633,38433642.73,Active,4/10/2012,90010,6.747347,38.433643,Valid
9,0.0,,978794452,Etenesh Ligbe,900145,6747305.5,38433672.35,ACTIVE,4/12/2011,90010,6.747306,38.433672,Valid
9,0.0,,978794452,Hussein Taer,900146,6747240.117,38433701.62,ACTIVE,4/12/2011,90010,6.74724,38.433702,Valid
9,0.0,,926988181,Fetudin Awel ,900147,6747322.817,38433761.77,ACTIVE,4/12/2011,90010,6.747323,38.433762,Valid
9,0.0,,,Muzeyin Shifa,900148,6747284.117,38433879.97,Active,4/10/2012,90010,6.747284,38.43388,Valid
9,0.0,,,Zebeyda Dilcho,900149,6747281.0,38434241.43,Active,4/10/2012,90010,6.747281,38.434241,Valid
9,0.0,,,Fatuma Wolsebe,900150,6747222.283,38434215.98,Active,4/10/2012,90010,6.747222,38.434216,Valid
9,0.0,,,Muluge Shifa,900151,6747156.1,38434225.27,Active,4/10/2012,90010,6.747156,38.434225,Valid
9,0.0,,916135759,Muhidin Shifa,900152,6747144.767,38434237.87,ACTIVE,4/12/2011,90010,6.747145,38.434238,Valid
9,0.0,,916332739,Mohamed Wulgicho ,900153,6747973.717,38434535.62,ACTIVE,4/12/2011,90010,6.747974,38.434536,Valid
9,0.0,,,Hassen Habte,900154,6747450.85,38434222.5,Active,4/10/2012,90010,6.747451,38.434222,Valid
9,0.0,,,Jamal Beshir,900155,0.0,0.0,DISCONNECT,4/10/2012,90010,,,Missing or Invalid GPS
9,0.0,,,Bediru Nur,900156,6746920.9,38434960.72,Active,4/10/2012,90010,6.746921,38.434961,Valid
9,0.0,,,Admasu Ayele,900157,6746920.9,38434960.72,Active,4/10/2012,90010,6.746921,38.434961,Valid
9,0.0,,989940206,Aweqe Zeleke,900158,6746920.9,38434960.72,ACTIVE,4/12/2011,90010,6.746921,38.434961,Valid
9,0.0,,,Kedir Beshir,900159,6746973.3,38434561.27,Active,4/10/2012,90010,6.746973,38.434561,Valid
9,0.0,,,Amudela Shifa,900160,0.0,0.0,DISCONNECT,4/10/2012,90010,,,Missing or Invalid GPS
9,0.0,,,Degife Fandamo,900161,6746920.9,38434960.72,Active,4/10/2012,90010,6.746921,38.434961,Valid
9,0.0,,,Asefa Kebede,900162,0.0,0.0,DISCONNECT,4/10/2012,90010,,,Missing or Invalid GPS
9,0.0,,,Nega Gebre,900163,0.0,0.0,TERMINATE,4/10/2012,90010,,,Missing or Invalid GPS
9,0.0,,,Abebech Kebede,900164,6747779.133,38435050.35,Active,4/10/2012,90010,6.747779,38.43505,Valid
9,0.0,,,Birhanu Setegn,900165,6747407.367,38435216.72,Active,4/10/2012,90010,6.747407,38.435217,Valid
9,0.0,,916159681,Sabra Hassen,900166,6747223.583,38435117.95,ACTIVE,4/12/2011,90010,6.747224,38.435118,Valid
9,0.0,,,Getachew Ragasa,900167,6747549.467,38435133.57,Active,4/10/2012,90010,6.747549,38.435134,Valid
9,0.0,,926622231,Betula Hassen,900168,6746943.733,38434983.52,ACTIVE,4/12/2011,90010,6.746944,38.434984,Valid
9,0.0,,903052463,Fate Awel ,900169,6747660.317,38434851.55,ACTIVE,41-02-012_,90010,6.74766,38.434852,Valid
9,0.0,,,Alemneash Tufa,900170,0.0,0.0,DISCONNECT,4/10/2012,90010,,,Missing or Invalid GPS
9,0.0,,,Sofiya Mohammed,900171,6747390.317,38434521.42,Active,4/10/2012,90010,6.74739,38.434521,Valid
9,0.0,,,Zertu Bekele,900172,6747631.8,38434423.92,Active,4/10/2012,90010,6.747632,38.434424,Valid
9,0.0,,912180343,Tsegaye Abera,900173,6747408.483,38434596.18,ACTIVE,41-02-012_,90010,6.747408,38.434596,Valid
9,0.0,,978794452,Wuleta G/Mariam,900174,6748027.317,38434494.65,ACTIVE,4/12/2011,90010,6.748027,38.434495,Valid
9,0.0,,931553795,Zehara Jamal,900175,6747937.5,38434119.1,ACTIVE,4/12/2011,90010,6.747937,38.434119,Valid
9,0.0,,,Kassa Dubale,900176,0.0,0.0,DISCONNECT,4/10/2012,90010,,,Missing or Invalid GPS
9,0.0,,,Almaz Shibiru,900177,0.0,0.0,DISCONNECT,4/10/2012,90010,,,Missing or Invalid GPS
9,0.0,,941841656,Matiwos Daniel,900178,6747904.133,38433557.03,ACTIVE,4/12/2011,90010,6.747904,38.433557,Valid
9,0.0,,,Begna Basa,900179,0.0,0.0,TERMINATE,4/10/2012,90010,,,Missing or Invalid GPS
9,0.0,,,Tadelech Mengistu,900180,6747915.517,38433489.98,Active,4/10/2012,90010,6.747916,38.43349,Valid
9,0.0,,924329299,Meselech Kebede ,900181,6747793.7,38433256.67,ACTIVE,4/12/2011,90010,6.747794,38.433257,Valid
9,0.0,,900463793,Tamene Petros,900182,6748052.083,38433433.03,ACTIVE,4/12/2011,90010,6.748052,38.433433,Valid
9,0.0,,934517291,Gashaw Tafese,900183,6747985.217,38433170.0,ACTIVE,4/12/2011,90010,6.747985,38.43317,Valid
9,0.0,,,Eyasu Daniel,900184,0.0,0.0,DISCONNECT,4/10/2012,90010,,,Missing or Invalid GPS
9,0.0,,984253851,Pawlos Bete,900185,6748223.9,38433147.25,ACTIVE,4/12/2011,90010,6.748224,38.433147,Valid
9,0.0,,916373991,Medina Tahir,900186,6748660.067,38430860.58,ACTIVE,4/12/2011,90010,6.74866,38.430861,Valid
9,0.0,,,Genet Asrat,900187,6748632.85,38430594.42,Active,4/10/2012,90010,6.748633,38.430594,Valid
9,0.0,,911756477,Surur Abham,900188,6749048.883,38430448.18,ACTIVE,4/12/2011,90010,6.749049,38.430448,Valid
9,0.0,,,Shawubeza Kedir,900189,6748821.317,38430215.32,ACTIVE,4/12/2011,90010,6.748821,38.430215,Valid
9,0.0,,,Nur Surur,900190,6748874.817,38430163.15,Active,4/10/2012,90010,6.748875,38.430163,Valid
9,0.0,,,Muzeyin Awol,900191,0.0,0.0,TERMINATE,4/10/2012,90010,,,Missing or Invalid GPS
9,0.0,,,Abinet Shifa,900192,0.0,0.0,DISCONNECT,4/10/2012,90010,,,Missing or Invalid GPS
9,0.0,,,Commercial Bank,900193,6749223.083,38430192.3,ACTIVE,4/12/2011,90010,6.749223,38.430192,Valid
9,0.0,,,Abebech Legesse,900194,0.0,0.0,DISCONNECT,4/10/2012,90010,,,Missing or Invalid GPS
9,0.0,,,Tesema Ragasa,900195,0.0,0.0,DISCONNECT,4/10/2012,90010,,,Missing or Invalid GPS
9,0.0,,,Tsegaamlak Tesema,900196,6749552.817,38428916.07,Active,4/10/2012,90010,6.749553,38.428916,Valid
9,0.0,,,Sultan Kedir,900197,6749568.817,38428863.22,ACTIVE,4/12/2011,90010,6.749569,38.428863,Valid
9,0.0,,,Qelemu Tadesse,900198,6749727.2,38428809.92,Active,4/10/2012,90010,6.749727,38.42881,Valid
9,0.0,,916607044,Haylu Mulat ,900199,6749545.767,38428816.87,ACTIVE,41/22/011_,90010,6.749546,38.428817,Valid
9,0.0,,,Bezu Duguda,900200,6749639.417,38428729.78,ACTIVE,4/12/2011,90010,6.749639,38.42873,Valid
9,0.0,,916375030,Gelana Begna,900201,6749713.967,38428702.92,ACTIVE,4/12/2011,90010,6.749714,38.428703,Valid
9,0.0,,,Mulu Aman,900202,0.0,0.0,TERMINATE,4/10/2012,90010,,,Missing or Invalid GPS
9,0.0,,,Yenenesh Bito,900203,0.0,0.0,DISCONNECT,4/10/2012,90010,,,Missing or Invalid GPS
9,0.0,,,Bogalech Dumo,900204,6750001.483,38428105.88,Active,4/10/2012,90010,6.750001,38.428106,Valid
9,0.0,,,Yesh Bermeje,900205,6749885.55,38428120.43,Active,4/10/2012,90010,6.749886,38.42812,Valid
9,0.0,,916332776,Debritu Beri ,900206,6749912.267,38428230.83,ACTIVE,4/12/2011,90010,6.749912,38.428231,Valid
9,0.0,,910052995,Kebede Hailu,900207,6750215.0,38427929.4,ACTIVE,4/12/2011,90010,6.750215,38.427929,Valid
9,0.0,,,Worknesh Muzeyin,900208,6749991.1,38427488.22,ACTIVE,4/12/2011,90010,6.749991,38.427488,Valid
9,0.0,,,Reji Jamal,900209,0.0,0.0,DISCONNECT,4/10/2012,90010,,,Missing or Invalid GPS
9,0.0,,,Tesfaye Tsegaye,900210,6750243.217,38427603.45,Active,4/10/2012,90010,6.750243,38.427603,Valid
9,0.0,,,Asegid Mengistu,900211,6750350.85,38427321.4,Active,4/10/2012,90010,6.750351,38.427321,Valid
9,0.0,,,Bogalech Tadesse,900212,0.0,0.0,DISCONNECT,4/10/2012,90010,,,Missing or Invalid GPS
9,0.0,,912104037,Bizunesh Fanana ,900213,6746755.45,38435455.82,DISCONNECT,4/12/2011,90010,6.746755,38.435456,Valid
9,0.0,,937216202,Bizunesh Abebe,900214,6747132.517,38435569.32,ACTIVE,41-02-012_,90010,6.747133,38.435569,Valid
9,0.0,,913490507,Demeqech Chaka,900215,6747220.333,38435689.93,ACTIVE,4/12/2011,90010,6.74722,38.43569,Valid
9,0.0,,,Ukume Belelo,900216,0.0,0.0,DISCONNECT,4/10/2012,90010,,,Missing or Invalid GPS
9,0.0,,983893667,Hajsintayehu Ayalew,900217,6746950.2,38436892.42,ACTIVE,4/12/2011,90010,6.74695,38.436892,Valid
9,0.0,,909483080,Bedriya Ali,900218,6746942.617,38437101.08,ACTIVE,4/12/2011,90010,6.746943,38.437101,Valid
9,0.0,,994171699,Tsega Waqsurur,900219,6746254.3,38436745.63,ACTIVE,4/12/2011,90010,6.746254,38.436746,Valid
9,0.0,,,Worknesh Lalego,900220,0.0,0.0,DISCONNECT,4/10/2012,90010,,,Missing or Invalid GPS
9,0.0,,909332368,Mehamed Lenjisho ,900221,6746694.9,38437303.97,ACTIVE,4/12/2011,90010,6.746695,38.437304,Valid
9,0.0,,,Zebedriya Bekele,900222,6746703.783,38437581.08,Active,4/10/2012,90010,6.746704,38.437581,Valid
9,0.0,,,Bizunesh Kebede,900223,6746586.117,38437871.63,Active,4/10/2012,90010,6.746586,38.437872,Valid
9,0.0,,,Nur Seyid,900224,6746505.5,38437784.57,ACTIVE,4/12/2011,90010,6.746505,38.437785,Valid
9,0.0,,,Negu Baleher,900225,6746503.517,38437947.97,Active,4/10/2012,90010,6.746504,38.437948,Valid
9,0.0,,,Tayech Megenta,900226,6746438.933,38438126.0,Active,4/10/2012,90010,6.746439,38.438126,Valid
9,0.0,,916964105,Werkinesh Negeya ,900227,6746368.783,38438301.57,ACTIVE,41/22/011_,90010,6.746369,38.438302,Valid
9,0.0,,911934801,Fantu Shanko ,900228,6746368.733,38438488.98,ACTIVE,4/12/2011,90010,6.746369,38.438489,Valid
9,0.0,,,Dilbeto Shikur,900229,6746161.717,38438559.6,ACTIVE,4/12/2011,90010,6.746162,38.43856,Valid
9,0.0,,903803768,Abdulqehisq Jamal,900230,6746209.067,38438538.52,ACTIVE,4/12/2011,90010,6.746209,38.438539,Valid
9,0.0,,,Selemon Bezu,900231,6746212.233,38438748.0,Active,4/10/2012,90010,6.746212,38.438748,Valid
9,0.0,,,Amare Adato,900232,0.0,0.0,DISCONNECT,4/10/2012,90010,,,Missing or Invalid GPS
9,0.0,,902884516,Elifinesh Haile ,900233,6746053.983,38439644.97,ACTIVE,4/12/2011,90010,6.746054,38.439645,Valid
9,0.0,,,Elfnesh Wolde,900234,0.0,0.0,DISCONNECT,4/10/2012,90010,,,Missing or Invalid GPS
9,0.0,,926441062,Derese Danole,900235,6745995.867,38439841.48,ACTIVE,41-22-011_,90010,6.745996,38.439841,Valid
9,0.0,,,Birtukan Fota,900236,0.0,0.0,TERMINATE,4/10/2012,90010,,,Missing or Invalid GPS
9,0.0,,,Fiqadu Yunka,900237,0.0,0.0,DISCONNECT,4/10/2012,90010,,,Missing or Invalid GPS
9,0.0,,,Abdelaziz Usuman,900238,0.0,0.0,DISCONNECT,4/10/2012,90010,,,Missing or Invalid GPS
9,0.0,,,Ashenafi Gunguy,900239,0.0,0.0,DISCONNECT,4/10/2012,90010,,,Missing or Invalid GPS
9,0.0,,913411323,Asegedech Ameje,900240,6745866.5,38443191.25,ACTIVE,4/12/2011,90010,6.745866,38.443191,Valid
9,0.0,,937299762,Belay Baqe,900241,6746069.583,38443782.45,ACTIVE,4/12/2011,90010,6.74607,38.443782,Valid
9,0.0,,,Zewze H/Mariam,900242,0.0,0.0,DISCONNECT,4/10/2012,90010,,,Missing or Invalid GPS
9,0.0,,919375028,Tsegaye Damitew ,900243,6746210.867,38444056.92,ACTIVE,4/12/2011,90010,6.746211,38.444057,Valid
9,0.0,,,Kebede Baqe,900244,0.0,0.0,DISCONNECT,4/10/2012,90010,,,Missing or Invalid GPS
9,0.0,,,Nigatu Desu,900245,6746534.95,38444788.87,Active,4/10/2012,90010,6.746535,38.444789,Valid
9,0.0,,916039927,Tarekegn Zeleke ,900246,6745851.633,38437713.08,ACTIVE,4/12/2011,90010,6.745852,38.437713,Valid
9,0.0,,,Mesfin Mengesha,900247,6745670.917,38438383.78,Active,4/10/2012,90010,6.745671,38.438384,Valid
9,0.0,,,Kebede Boesa,900248,6745890.433,38437871.53,Active,4/10/2012,90010,6.74589,38.437872,Valid
9,0.0,,,Turbo Adem,900249,6745687.5,38438071.2,Active,4/10/2012,90010,6.745687,38.438071,Valid
9,0.0,,,Kifle Gudana,900250,6745778.967,38438146.15,Active,4/10/2012,90010,6.745779,38.438146,Valid
9,0.0,,,Filate Tone,900251,6745634.533,38438596.95,Active,4/10/2012,90010,6.745635,38.438597,Valid
9,0.0,,,Mengesha Itso,900252,6745476.25,38438892.95,Active,4/10/2012,90010,6.745476,38.438893,Valid
9,0.0,,,Ayele G/Medhin,900253,6745444.9,38439434.77,Active,4/10/2012,90010,6.745445,38.439435,Valid
9,0.0,,,Zertu G/Medhin,900254,6745594.767,38438875.98,Active,4/10/2012,90010,6.745595,38.438876,Valid
9,0.0,,,Yohannes Yota,900255,6745370.15,38439519.65,Active,4/10/2012,90010,6.74537,38.43952,Valid
9,0.0,,916164995,Semago Tefle,900256,6745370.733,38439823.68,ACTIVE,4/12/2011,90010,6.745371,38.439824,Valid
9,0.0,,,Ageze Adola,900257,6745516.9,38439947.93,Active,4/10/2012,90010,6.745517,38.439948,Valid
9,0.0,,,Habte Fandamo,900258,0.0,0.0,DISCONNECT,4/10/2012,90010,,,Missing or Invalid GPS
9,0.0,,912186274,Chonoso Debso,900259,6745221.05,38440237.17,ACTIVE,4/12/2011,90010,6.745221,38.440237,Valid
9,0.0,,903158154,Takele Gabiba,900260,6745088.083,38440911.63,ACTIVE,4/12/2011,90010,6.745088,38.440912,Valid
9,0.0,,,Petros Buchacha,900261,6745619.75,38441211.05,Active,4/10/2012,90010,6.74562,38.441211,Valid
9,0.0,,,Tadelech Tefaye,900262,6745151.767,38441358.57,Active,4/10/2012,90010,6.745152,38.441359,Valid
9,0.0,,,Derese Tsegaye,900263,0.0,0.0,TERMINATE,4/10/2012,90010,,,Missing or Invalid GPS
9,0.0,,,Melaku Gidemo,900264,6744772.4,38440371.18,Active,4/10/2012,90010,6.744772,38.440371,Valid
9,0.0,,,Asnaqe Gugo,900265,6744599.65,38440341.07,Active,4/10/2012,90010,6.7446,38.440341,Valid
9,0.0,,977352181,Zelalem Birhanu,900266,6744597.15,38440241.25,ACTIVE,4/12/2011,90010,6.744597,38.440241,Valid
9,0.0,,,Belayneh Bete,900267,6744871.617,38439751.98,ACTIVE,4/12/2011,90010,6.744872,38.439752,Valid
9,0.0,,968581505,Marqos Shalmo,900268,6744736.767,38439574.33,ACTIVE,4/12/2011,90010,6.744737,38.439574,Valid
9,0.0,,,Degene Godana,900269,6745555.717,38439965.25,DISCONNECT,4/10/2012,90010,6.745556,38.439965,Valid
9,0.0,,934515753,Tadesse Qarfe,900270,6745042.0,38439437.7,ACTIVE,4/12/2011,90010,6.745042,38.439438,Valid
9,0.0,,,Haycha Shibiru,900271,6745105.117,38439260.5,Active,4/10/2012,90010,6.745105,38.439261,Valid
9,0.0,,,Dawit Yunka,900272,6745023.533,38439249.7,Active,4/10/2012,90010,6.745024,38.43925,Valid
9,0.0,,916412102,Tadesse Mokonn,900273,6744978.983,38439268.8,ACTIVE,4/12/2011,90010,6.744979,38.439269,Valid
9,0.0,,916025653,Terefe Worana,900274,6744979.033,38439069.37,ACTIVE,4/12/2011,90010,6.744979,38.439069,Valid
9,0.0,,,Tsegaye Urgesa,900275,0.0,0.0,TERMINATE,4/10/2012,90010,,,Missing or Invalid GPS
9,0.0,,,Tesfaye Fandamo,900276,6745078.8,38438954.13,Active,4/10/2012,90010,6.745079,38.438954,Valid
9,0.0,,,Tekalegn Tadesse,900277,0.0,0.0,TERMINATE,4/10/2012,90010,,,Missing or Invalid GPS
9,0.0,,,Ayele Argata,900278,6745237.167,38438236.83,Active,4/10/2012,90010,6.745237,38.438237,Valid
9,0.0,,953805192,Mansa Marmo,900279,6745254.4,38438017.13,ACTIVE,4/12/2011,90010,6.745254,38.438017,Valid
9,0.0,,924677725,Kibru Chora,900280,6745386.717,38437744.78,ACTIVE,4/12/2011,90010,6.745387,38.437745,Valid
9,0.0,,926051398,Demse Turgamo,900281,6745456.383,38437671.9,ACTIVE,4/12/2011,90010,6.745456,38.437672,Valid
9,0.0,,916037357,Zewdu Yohannes,900282,6745417.7,38437582.5,ACTIVE,4/12/2011,90010,6.745418,38.437582,Valid
9,0.0,,,Shunte Eshetu,900283,6745667.783,38437441.67,Active,4/10/2012,90010,6.745668,38.437442,Valid
9,0.0,,,Asefa Negash,900284,6745448.1,38443560.08,Active,4/10/2012,90010,6.745448,38.44356,Valid
9,0.0,,,Denbeshu Debeko,900285,0.0,0.0,TERMINATE,4/10/2012,90010,,,Missing or Invalid GPS
9,0.0,,,Mulualem Debiso,900286,6748356.033,38448543.97,Active,4/10/2012,90010,6.748356,38.448544,Valid
9,0.0,,,Tilahun Giriso,900287,6748184.617,38448665.4,Active,4/10/2012,90010,6.748185,38.448665,Valid
9,0.0,,,Teshome Mokonn,900288,6749054.35,38450000.78,ACTIVE,4/10/2012,90010,6.749054,38.450001,Valid
9,0.0,,913512956,Tefera Alto,900289,6749726.433,38454233.92,ACTIVE,4/12/2011,90010,6.749726,38.454234,Valid
9,0.0,,,Dereje Tumato,900290,0.0,0.0,TERMINATE,4/10/2012,90010,,,Missing or Invalid GPS
9,0.0,,,Nur Urbala,900291,6750586.117,38426562.78,Active,4/10/2012,90010,6.750586,38.426563,Valid
9,0.0,,926988856,Degife Yuma,900292,6750418.567,38426451.95,ACTIVE,4/12/2011,90010,6.750419,38.426452,Valid
9,0.0,,,Ameno Alenbo,900293,6750443.533,38426502.12,Active,4/10/2012,90010,6.750444,38.426502,Valid
9,0.0,,,Almaz Ayele,900294,0.0,0.0,TERMINATE,4/10/2012,90010,,,Missing or Invalid GPS
9,0.0,,912105494,Tsegaye Gela,900295,6750306.35,38426752.35,ACTIVE,4/12/2011,90010,6.750306,38.426752,Valid
9,0.0,,,Wesel Dilbe,900296,6750243.083,38426636.65,Active,4/10/2012,90010,6.750243,38.426637,Valid
9,0.0,,916374902,Aster Tsegaye,900297,6750382.0,38427228.62,ACTIVE,4/12/2011,90010,6.750382,38.427229,Valid
9,0.0,,939170787,Mosema Yesuf,900298,6750245.35,38427155.95,ACTIVE,4/12/2011,90010,6.750245,38.427156,Valid
9,0.0,,,Tadesse Bifto,900299,0.0,0.0,DISCONNECT,4/10/2012,90010,,,Missing or Invalid GPS
9,0.0,,,Aregash Loj,900300,0.0,0.0,TERMINATE,4/10/2012,90010,,,Missing or Invalid GPS
9,0.0,,,Asefa Dubale,900301,6746288.1,38443222.85,Active,4/10/2012,90010,6.746288,38.443223,Valid
9,0.0,,,Abinet Lema,900302,0.0,0.0,TERMINATE,4/10/2012,90010,,,Missing or Invalid GPS
9,0.0,,,Birhanu Adulo,900303,0.0,0.0,DISCONNECT,4/10/2012,90010,,,Missing or Invalid GPS
9,0.0,,,Hamita Hanqamo,900304,0.0,0.0,DISCONNECT,4/10/2012,90010,,,Missing or Invalid GPS
9,0.0,,,Abraham Namura,900305,0.0,0.0,TERMINATE,4/10/2012,90010,,,Missing or Invalid GPS
9,0.0,,919375028,Asqech Desu,900306,6746598.333,38444839.12,ACTIVE,4/12/2011,90010,6.746598,38.444839,Valid
9,0.0,,,Gabiso Yuta,900307,0.0,0.0,TERMINATE,4/10/2012,90010,,,Missing or Invalid GPS
9,0.0,,964150989,Debertu Kasaye,900308,6746845.183,38445080.92,ACTIVE,4/12/2011,90010,6.746845,38.445081,Valid
9,0.0,,,Gizaw Legde,900309,0.0,0.0,DISCONNECT,4/10/2012,90010,,,Missing or Invalid GPS
9,0.0,,916037048,Bekele Baqe,900310,6747452.783,38446265.0,ACTIVE,41-02-012_,90010,6.747453,38.446265,Valid
9,0.0,,911532440,Abebayu Bekele,900311,6747477.917,38446538.7,ACTIVE,41-02-012_,90010,6.747478,38.446539,Valid
9,0.0,,,Bogale Wendimu,900312,6746985.167,38446545.32,Active,4/10/2012,90010,6.746985,38.446545,Valid
9,0.0,,916516396,Yaqob Bime,900313,6747671.0,38446780.92,ACTIVE,4/12/2011,90010,6.747671,38.446781,Valid
9,0.0,,916373991,Mengistu Dubale,900314,6746674.5,38446747.65,ACTIVE,4/12/2011,90010,6.746675,38.446748,Valid
9,0.0,,,Mawa Debecho,900315,0.0,0.0,DISCONNECT,4/10/2012,90010,,,Missing or Invalid GPS
9,0.0,,,Aselefech Shiferaw,900316,6746997.717,38431764.33,Active,4/10/2012,90010,6.746998,38.431764,Valid
9,0.0,,926286550,Legesse Lamiso,900317,6749118.05,38427518.88,ACTIVE,4/12/2011,90010,6.749118,38.427519,Valid
9,0.0,,931560079,Senbeto Ragasa,900318,6748506.0,38429550.0,ACTIVE,41-02-012_,90010,6.748506,38.42955,Valid
9,0.0,,916333063,Qasim Mohammed,900319,6747865.25,38429973.25,ACTIVE,4/12/2011,90010,6.747865,38.429973,Valid
9,0.0,,,Baso Baredo,900320,0.0,0.0,DISCONNECT,4/10/2012,90010,,,Missing or Invalid GPS
9,0.0,,,Begashaw Habtemariyam,900321,0.0,0.0,DISCONNECT,4/10/2012,90010,,,Missing or Invalid GPS
9,0.0,,,Tsegaye Hatiso,900322,6746786.867,38436062.58,Active,4/10/2012,90010,6.746787,38.436063,Valid
9,0.0,,,Niguse Yote,900323,6746577.15,38436822.98,Active,4/10/2012,90010,6.746577,38.436823,Valid
9,0.0,,,Endashaw Butasha,900324,6747226.1,38436064.0,Active,4/10/2012,90010,6.747226,38.436064,Valid
9,0.0,,,Filate Giriso,900325,6746269.683,38436690.97,Active,4/10/2012,90010,6.74627,38.436691,Valid
9,0.0,,916374934,Frew Shuramo,900326,6746189.783,38436259.45,ACTIVE,4/12/2011,90010,6.74619,38.436259,Valid
9,0.0,,,Mesele Worana,900327,0.0,0.0,DISCONNECT,4/10/2012,90010,,,Missing or Invalid GPS
9,0.0,,,Marqos Marasa,900328,6746779.883,38436009.88,Active,4/10/2012,90010,6.74678,38.43601,Valid
9,,,,Hanafa School,900329,6747277.483,38460160.97,Active,4/10/2012,90010,6.747277,38.460161,Valid
9,,,,Yisma Kassa,900330,6749701.567,38430878.32,Active,4/10/2012,90010,6.749702,38.430878,Valid
9,,,,Mamo Dacho,900331,0.0,0.0,DISCONNECT,4/10/2012,90010,,,Missing or Invalid GPS
9,,,,Bereket Temesgen ,900332,6748435.467,38430567.38,ACTIVE,4/12/2011,90010,6.748435,38.430567,Valid
9,,,,H/Mariam Kebede,900333,0.0,0.0,ACTIVE,04/01/2011,90010,,,Missing or Invalid GPS
9,,,,Altayu Alemu,900334,0.0,0.0,DISCONNECT,4/10/2012,90010,,,Missing or Invalid GPS
9,,,,Ejigu Diqaso,900335,6748785.133,38426816.5,ACTIVE,4/10/2012,90010,6.748785,38.426817,Valid
9,,,,Mamo Dacho,900336,0.0,0.0,DISCONNECT,4/10/2012,90010,,,Missing or Invalid GPS
9,,,,Altayo Alemu,900337,0.0,0.0,DISCONNECT,4/10/2012,90010,,,Missing or Invalid GPS
9,,,,Mesfin Yimora,900338,6747914.383,38428839.73,Active,4/10/2012,90010,6.747914,38.42884,Valid
9,,,,H/Mariam Kebede,900339,0.0,0.0,DISCONNECT,4/10/2012,90010,,,Missing or Invalid GPS
9,,,,Rahima Mudasir,900340,0.0,0.0,DISCONNECT,4/10/2012,90010,,,Missing or Invalid GPS
9,,,,Tamene Petros,900341,0.0,0.0,DISCONNECT,4/10/2012,90010,,,Missing or Invalid GPS
9,,,969371926,M/R Daniel Dengiso,900342,6744993.933,38442725.2,ACTIVE,4/12/2011,90010,6.744994,38.442725,Valid
9,,,,Oromo Odama,900343,6746177.1,38441422.97,Active,4/10/2012,90010,6.746177,38.441423,Valid
9,,,,Muluqen Tsegaye,900344,6744982.8,38441696.32,Active,4/10/2012,90010,6.744983,38.441696,Valid
9,,,,Derara Lalego,900345,6745121.75,38442737.38,Active,4/10/2012,90010,6.745122,38.442737,Valid
9,,,,Kebede Amelo,900346,6745116.55,38442874.23,Active,4/10/2012,90010,6.745117,38.442874,Valid
9,,,,Ejigu Diqasa,900347,0.0,0.0,DISCONNECT,4/10/2012,90010,,,Missing or Invalid GPS
9,,,,Almaz Mekonnen,900348,0.0,0.0,DISCONNECT,4/10/2012,90010,,,Missing or Invalid GPS
9,,,,Genet Betiso,900349,0.0,0.0,DISCONNECT,4/10/2012,90010,,,Missing or Invalid GPS
9,,,,Melese Worana,900350,0.0,0.0,DISCONNECT,4/10/2012,90010,,,Missing or Invalid GPS
9,,,,Meselech Demeqe,900351,0.0,0.0,DISCONNECT,4/10/2012,90010,,,Missing or Invalid GPS
9,,,,Selemon Shala,900352,0.0,0.0,DISCONNECT,4/10/2012,90010,,,Missing or Invalid GPS
9,,,916332659,Arada Q/H/Bet/Christian,900353,6745719.3,38444304.75,ACTIVE,41-02-012_,90010,6.745719,38.444305,Valid
9,,,,Baso Baredo,900354,6749576.667,38427490.27,Active,4/10/2012,90010,6.749577,38.42749,Valid
9,,,,Almaz Mekonnen,900355,6747880.583,38431305.67,ACTIVE,4/10/2012,90010,6.747881,38.431306,Valid
9,,,924650842,Meselech Demeqe,900356,6747739.217,38447461.72,ACTIVE,4/12/2011,90010,6.747739,38.447462,Valid
9,,,,Genet Betiso,900357,6748646.717,38428719.93,Active,4/10/2012,90010,6.748647,38.42872,Valid
9,,,953088569,Mesele Worana,900358,6745270.167,38438432.43,ACTIVE,4/12/2011,90010,6.74527,38.438432,Valid
9,,,,Qondale Yuma,900359,6750318.867,38426306.92,Active,4/10/2012,90010,6.750319,38.426307,Valid
9,,,,Fitamo Simano,900360,6750383.7,38426413.35,ACTIVE,4/12/2011,90010,6.750384,38.426413,Valid
9,,,943164432,Mulu Manguda,900361,6750384.55,38426333.37,ACTIVE,4/12/2011,90010,6.750385,38.426333,Valid
9,,,986489756,Bizuneh Kia,900362,6750160.0,38426150.15,ACTIVE,4/12/2011,90010,6.75016,38.42615,Valid
9,,,,Surur Yesuf,900363,6749576.667,38427490.27,Active,4/10/2012,90010,6.749577,38.42749,Valid
9,,,926614705,Roman Redi,900364,6749269.65,38428081.92,ACTIVE,4/12/2011,90010,6.74927,38.428082,Valid
9,,,961625084,Yisaq Niguse,900365,6749617.6,38428318.75,ACTIVE,4/12/2011,90010,6.749618,38.428319,Valid
9,,,,Endale Siyoum,900366,6749202.95,38428512.93,Active,4/10/2012,90010,6.749203,38.428513,Valid
9,,,916830175,Biruk Birhanu,900367,6748791.683,38429299.88,ACTIVE,4/12/2011,90010,6.748792,38.4293,Valid
9,,,916452821,Zeritu W/Michael,900368,6749396.5,38428750.77,ACTIVE,4/12/2011,90010,6.749396,38.428751,Valid
9,,,,Adanech Denboba,900369,6749825.05,38427703.1,Active,4/10/2012,90010,6.749825,38.427703,Valid
9,,,,Almaz Tamiru,900370,6749678.483,38428782.98,Active,4/10/2012,90010,6.749678,38.428783,Valid
9,,,916809532,Yohannes Hamito,900371,6748925.733,38429364.53,ACTIVE,4/12/2011,90010,6.748926,38.429365,Valid
9,,,,Hullager T/Michael,900372,6748682.333,38429464.67,Active,4/10/2012,90010,6.748682,38.429465,Valid
9,,,901174551,Zenebe Getachew ,900373,6748697.55,38429384.68,ACTIVE,41-02-012_,90010,6.748698,38.429385,Valid
9,,,989404299,Tadelech Ayele,900374,6748697.55,38429384.68,ACTIVE,4/12/2011,90010,6.748698,38.429385,Valid
9,,,,Eshetu Alenbo,900375,6748729.05,38430349.48,ACTIVE,4/10/2012,90010,6.748729,38.430349,Valid
9,,,945855974,Hussein Girmu,900376,6748428.817,38429927.17,ACTIVE,4/12/2011,90010,6.748429,38.429927,Valid
9,,,,Zenebech Berihe,900377,6748587.7,38430341.78,Active,4/10/2012,90010,6.748588,38.430342,Valid
9,,,,Wesene Burso,900378,6748502.967,38430529.4,ACTIVE,4/12/2011,90010,6.748503,38.430529,Valid
9,,,,Almaz Mekonnen,900379,0.0,0.0,DISCONNECT,4/10/2012,90010,,,Missing or Invalid GPS
9,,,,Fitemo Simeno,900380,6748755.05,38431008.72,ACTIVE,4/10/2012,90010,6.748755,38.431009,Valid
9,,,,Mulugeta Bekele,900381,6748160.25,38430722.75,Active,4/10/2012,90010,6.74816,38.430723,Valid
9,,,,Baleker Kelil,900382,6748160.017,38430952.3,Active,4/10/2012,90010,6.74816,38.430952,Valid
9,,,916333063,Gosaye Dema,900383,6747806.75,38430182.03,ACTIVE,4/12/2011,90010,6.747807,38.430182,Valid
9,,,919501015,Mohammed Awol,900384,6747808.7,38430119.33,ACTIVE,4/12/2011,90010,6.747809,38.430119,Valid
9,,,,Zenebech Metera,900385,0.0,0.0,DISCONNECT,4/10/2012,90010,,,Missing or Invalid GPS
9,,,,Qetsela Qamiso,900386,6747867.8,38429386.72,Active,4/10/2012,90010,6.747868,38.429387,Valid
9,,,,Elias Guto,900387,6747632.8,38429686.1,DISCONNECT,4/10/2012,90010,6.747633,38.429686,Valid
9,,,,Taye Buchacha,900388,6747867.8,38429386.72,Active,4/10/2012,90010,6.747868,38.429387,Valid
9,,,916141256,Yohannes Bolka,900389,6747867.8,38429386.72,ACTIVE,4/12/2011,90010,6.747868,38.429387,Valid
9,,,916642457,Tefera Worana,900390,6747867.8,38429386.72,ACTIVE,4/12/2011,90010,6.747868,38.429387,Valid
9,,,916869215,Asefa Amelo,900391,6747867.8,38429386.72,ACTIVE,4/12/2011,90010,6.747868,38.429387,Valid
9,,,916434491,Mihret Selemon,900392,6747843.25,38429005.02,ACTIVE,4/12/2011,90010,6.747843,38.429005,Valid
9,,,,Selemon Worku,900393,6747867.8,38429386.72,Active,4/10/2012,90010,6.747868,38.429387,Valid
9,,,916965933,Kambie Hamito,900394,6747850.833,38429069.18,ACTIVE,4/12/2011,90010,6.747851,38.429069,Valid
9,,,916434491,Tiro Gezahegn,900395,6748168.6,38429301.43,ACTIVE,4/12/2011,90010,6.748169,38.429301,Valid
9,,,,Zinash Muchayhu,900396,6748273.617,38429395.3,Active,4/10/2012,90010,6.748274,38.429395,Valid
9,,,949630322,Tesheme Aregay,900397,6748300.35,38429637.5,ACTIVE,41-22-011_,90010,6.7483,38.429637,Valid
9,,,,Fikre Mamo,900398,6748582.883,38429287.18,Active,4/10/2012,90010,6.748583,38.429287,Valid
9,,,902230566,Haylu Neshura ,900399,6748646.717,38428719.93,ACTIVE,41-02-012_,90010,6.748647,38.42872,Valid
9,,,,Tirfe Endale,900400,6748458.733,38429134.63,ACTIVE,4/12/2011,90010,6.748459,38.429135,Valid
9,,,,Azalech Wube,900401,6748600.383,38429185.83,Active,4/10/2012,90010,6.7486,38.429186,Valid
9,,,,Zenebech Bermeja,900402,6748987.5,38428853.7,Active,4/10/2012,90010,6.748988,38.428854,Valid
9,,,,Behaylu Tafese,900403,6748677.5,38428695.8,Active,4/10/2012,90010,6.748678,38.428696,Valid
9,,,,Ablhakim Mustafa,900404,6748942.783,38427493.78,Active,4/10/2012,90010,6.748943,38.427494,Valid
9,,,,Yibru Qulito,900405,6749156.767,38427067.33,Active,4/10/2012,90010,6.749157,38.427067,Valid
9,,,,Hawariyat Bet/Christian,900406,6748215.15,38427765.63,Active,4/10/2012,90010,6.748215,38.427766,Valid
9,,,916643119,Hayeso Hamaro,900407,6748472.817,38427254.25,ACTIVE,4/12/2011,90010,6.748473,38.427254,Valid
9,,,,Tamrat Bezabih,900408,6748719.467,38427035.18,Active,4/10/2012,90010,6.748719,38.427035,Valid
9,,,,Asefa Alemu,900409,6748733.283,38426963.32,Active,4/10/2012,90010,6.748733,38.426963,Valid
9,,,908303963,Matiwos Kintamo,900410,6749126.083,38426476.6,ACTIVE,4/12/2011,90010,6.749126,38.426477,Valid
9,,,934735667,Belaycho Baramo,900411,6749164.783,38426258.9,ACTIVE,4/12/2011,90010,6.749165,38.426259,Valid
9,,,916373585,Kassa Kumo,900412,6749523.333,38425874.85,ACTIVE,4/12/2011,90010,6.749523,38.425875,Valid
9,,,,Gafarsa Gesese,900413,6748738.05,38427184.52,Active,4/10/2012,90010,6.748738,38.427185,Valid
9,,,911131685,Shemisiya Ali,900414,6747833.217,38430870.25,ACTIVE,4/12/2011,90010,6.747833,38.43087,Valid
9,,,,Usuman Reshid,900415,6747869.7,38431091.12,Active,4/10/2012,90010,6.74787,38.431091,Valid
9,,,,Burqe Abera ,900416,6747855.483,38431124.18,ACTIVE,4/12/2011,90010,6.747855,38.431124,Valid
9,,,916164393,Fikire Hayle ,900417,6747517.617,38431719.82,ACTIVE,41/02/012_,90010,6.747518,38.43172,Valid
9,,,932602404,Sebsibe Teka,900418,6747564.217,38431749.45,ACTIVE,4/12/2011,90010,6.747564,38.431749,Valid
9,,,,Wabe Ahmed,900419,6748033.117,38432452.32,Active,4/10/2012,90010,6.748033,38.432452,Valid
9,,,911904162,Nurgaz Hassen,900420,6747882.5,38431437.6,ACTIVE,4/12/2011,90010,6.747883,38.431438,Valid
9,,,,Sultan Nuri,900421,0.0,0.0,DISCONNECT,4/10/2012,90010,,,Missing or Invalid GPS
9,,,,Fite Shamaro,900422,0.0,0.0,DISCONNECT,4/10/2012,90010,,,Missing or Invalid GPS
9,,,,Red Sheh Ahmed,900423,6747535.283,38433070.13,Active,4/10/2012,90010,6.747535,38.43307,Valid
9,,,,Askale Dokle,900424,6747501.567,38433318.95,Active,4/10/2012,90010,6.747502,38.433319,Valid
9,,,,Almaz Abebe,900425,6747616.45,38433250.42,ACTIVE,4/10/2012,90010,6.747616,38.43325,Valid
9,,,912130233,Qebele 09 Mesgide,900426,6748366.867,38433222.47,ACTIVE,4/12/2011,90010,6.748367,38.433222,Valid
9,,,,Jamal Beshir,900427,6746920.9,38434960.72,ACTIVE,4/10/2012,90010,6.746921,38.434961,Valid
9,,,,Amudela Shifo,900428,0.0,0.0,DISCONNECT,4/10/2012,90010,,,Missing or Invalid GPS
9,,,912133516,Asefa Kebede,900429,6746920.9,38434960.72,ACTIVE,4/12/2011,90010,6.746921,38.434961,Valid
9,,,927076737,Kuri Wakene ,900430,6747100.15,38434573.15,ACTIVE,4/12/2011,90010,6.7471,38.434573,Valid
9,,,,Alemneash Tufa,900431,6747448.75,38434627.68,ACTIVE,4/12/2011,90010,6.747449,38.434628,Valid
9,,,,Kassa Dubale,900432,6748869.333,38434421.12,ACTIVE,4/12/2011,90010,6.748869,38.434421,Valid
9,,,912104037,Welay Awel ,900433,6747748.033,38433627.72,ACTIVE,41/22/011_,90010,6.747748,38.433628,Valid
9,,,,Begna Basa,900434,0.0,0.0,DISCONNECT,4/10/2012,90010,,,Missing or Invalid GPS
9,,,986735998,Eyasu Daniel,900435,6748027.317,38433007.33,ACTIVE,4/12/2011,90010,6.748027,38.433007,Valid
9,,,,Muzeyin Awol,900436,6748878.183,38430108.93,ACTIVE,4/12/2011,90010,6.748878,38.430109,Valid
9,,,,Biruk Birhanu,900437,0.0,0.0,DISCONNECT,4/10/2012,90010,,,Missing or Invalid GPS
9,,,,Abebech Legesse,900438,6749301.467,38429723.93,ACTIVE,4/12/2011,90010,6.749301,38.429724,Valid
9,,,,Mulu Aman,900439,6749805.417,38428549.95,ACTIVE,4/12/2011,90010,6.749805,38.42855,Valid
9,,,934735760,Yenenesh Bitewu,900440,6751204.45,38428533.83,ACTIVE,4/12/2011,90010,6.751204,38.428534,Valid
9,,,,Redi Jamal,900441,6750048.717,38427608.28,ACTIVE,4/12/2011,90010,6.750049,38.427608,Valid
9,,,925112429,Bogalech Tadesse,900442,6747393.85,38435557.4,ACTIVE,4/12/2011,90010,6.747394,38.435557,Valid
9,,,903090862,Ukume Belelo,900443,6747176.95,38435775.78,ACTIVE,41-02-012_,90010,6.747177,38.435776,Valid
9,,,916974306,Worknesh Sulego,900444,6746836.033,38437079.72,ACTIVE,4/12/2011,90010,6.746836,38.43708,Valid
9,,,923396285,Amare Adato,900445,6746217.233,38439032.8,ACTIVE,4/12/2011,90010,6.746217,38.439033,Valid
9,,,,Elfnesh Wolde,900446,6746003.333,38439847.43,ACTIVE,4/10/2012,90010,6.746003,38.439847,Valid
9,,,,Birutukan Fita,900447,6745931.033,38439958.73,Active,4/10/2012,90010,6.745931,38.439959,Valid
9,,,,Fiqadu Yunka,900448,0.0,0.0,DISCONNECT,4/10/2012,90010,,,Missing or Invalid GPS
9,,,916169552,Abdelaaziz Usma,900449,6745642.717,38442045.42,ACTIVE,4/12/2011,90010,6.745643,38.442045,Valid
9,,,912190982,Fiqadu Yunka,900450,6745771.767,38440202.1,ACTIVE,4/12/2011,90010,6.745772,38.440202,Valid
9,,,,Ashenafu Gunfaro,900451,6745486.333,38441598.57,Active,4/10/2012,90010,6.745486,38.441599,Valid
9,,,926286584,Zewde H/Mariam,900452,6746177.933,38443891.9,ACTIVE,4/12/2011,90010,6.746178,38.443892,Valid
9,,,916332659,Kebede Baqe,900453,6746744.317,38444639.68,ACTIVE,41-02-012_,90010,6.746744,38.44464,Valid
9,,,,Habte Fandamo,900454,6745529.567,38440041.78,Active,4/10/2012,90010,6.74553,38.440042,Valid
9,,,911049053,Derese Tsegaye,900455,6745048.833,38441880.53,ACTIVE,4/12/2011,90010,6.745049,38.441881,Valid
9,,,,Tsegaye Urgesa,900456,6745065.05,38439141.03,Active,4/10/2012,90010,6.745065,38.439141,Valid
9,,,926434390,Tekalegn Tadesse,900457,6745158.633,38438453.15,ACTIVE,4/12/2011,90010,6.745159,38.438453,Valid
9,,,,Denbeshu Debeko,900458,6746574.9,38446623.17,Active,4/10/2012,90010,6.746575,38.446623,Valid
9,,,903100752,Tadesse Bifeto,900459,6746001.15,38440496.5,ACTIVE,4/12/2011,90010,6.746001,38.440497,Valid
9,,,911610067,Aregash Loj,900460,6749008.167,38443526.77,ACTIVE,4/12/2011,90010,6.749008,38.443527,Valid
9,,,,Abinet Lema,900461,6746365.917,38443878.58,Active,4/10/2012,90010,6.746366,38.443879,Valid
9,,,,Birhanu Adile,900462,0.0,0.0,DISCONNECT,4/10/2012,90010,,,Missing or Invalid GPS
9,,,,Hamito Hanqamo,900463,6746717.267,38444768.7,Active,4/10/2012,90010,6.746717,38.444769,Valid
9,,,,Abraham Namura,900464,6746679.7,38444786.98,Active,4/10/2012,90010,6.74668,38.444787,Valid
9,,,910162988,Gebiso Yota,900465,6746799.267,38444968.05,ACTIVE,4/12/2011,90010,6.746799,38.444968,Valid
9,,,,Mamo Dacho,900466,6750311.683,38428524.85,Active,4/10/2012,90010,6.750312,38.428525,Valid
9,,,,Begasha H/Mariam,900467,0.0,0.0,DISCONNECT,4/10/2012,90010,,,Missing or Invalid GPS
9,,,,Rabiya Mohammed,900468,0.0,0.0,DISCONNECT,4/10/2012,90010,,,Missing or Invalid GPS
9,,,,Tesema Ragasa,900469,0.0,0.0,DISCONNECT,4/10/2012,90010,,,Missing or Invalid GPS
9,,,,Mekonnen Alemayehu,900470,0.0,0.0,DISCONNECT,4/10/2012,90010,,,Missing or Invalid GPS
9,,,,Ejigayhu Tadesse,900471,0.0,0.0,DISCONNECT,4/10/2012,90010,,,Missing or Invalid GPS
9,,,,Zenebech Metera,900472,0.0,0.0,DISCONNECT,4/10/2012,90010,,,Missing or Invalid GPS
9,,,,Begashaw H/Mariam,900473,6745698.4,38441355.48,Active,4/10/2012,90010,6.745698,38.441355,Valid
9,,,,Gizaw Legde,900474,6747530.433,38445227.77,Active,4/10/2012,90010,6.74753,38.445228,Valid
9,,,908000375,Tesema Ragasa,900475,6749515.0,38429213.85,ACTIVE,4/12/2011,90010,6.749515,38.429214,Valid
9,,,,Rahima Mudasir,900476,6747675.35,38431866.95,Active,4/10/2012,90010,6.747675,38.431867,Valid
9,,,916809842,Almaz Ayele,900477,6750924.95,38427952.12,ACTIVE,4/12/2011,90010,6.750925,38.427952,Valid
9,,,916333043,Selemon Shala,900478,6744911.117,38442511.05,ACTIVE,4/12/2011,90010,6.744911,38.442511,Valid
9,,,,Askale Alemu,900479,0.0,0.0,DISCONNECT,4/10/2012,90010,,,Missing or Invalid GPS
9,,,,Zenebech Metera,900480,6747897.417,38429998.87,Active,4/10/2012,90010,6.747897,38.429999,Valid
9,,,916817659,Talo Adem,900481,6745956.483,38436476.27,ACTIVE,4/12/2011,90010,6.745956,38.436476,Valid
9,,,,Abezash Danole,900482,0.0,0.0,DISCONNECT,4/10/2012,90010,,,Missing or Invalid GPS
9,,,,Bogale Demse,900483,6748321.35,38429645.08,Active,4/10/2012,90010,6.748321,38.429645,Valid
9,,,934020126,Abyot Shafi,900484,6748946.883,38429280.65,ACTIVE,41-02-012_,90010,6.748947,38.429281,Valid
9,,,947445353,Ejigayhu Desta,900485,6750461.983,38427475.05,ACTIVE,4/12/2011,90010,6.750462,38.427475,Valid
9,,,926302813,Mekonnen Alemayehu,900486,6749422.75,38428402.48,ACTIVE,4/12/2011,90010,6.749423,38.428402,Valid
9,,,,Amudela Shifa,900487,6747058.25,38434527.13,ACTIVE,4/10/2012,90010,6.747058,38.434527,Valid
9,,,,Belay Baqe,900488,0.0,0.0,DISCONNECT,4/10/2012,90010,,,Missing or Invalid GPS
9,,,,Tumana Construction,900489,0.0,0.0,DISCONNECT,4/10/2012,90010,,,Missing or Invalid GPS
9,,,,Tariku Yohannes,900490,6746081.217,38436535.37,Active,4/10/2012,90010,6.746081,38.436535,Valid
9,,,926133698,Shimeles Kassa,900491,6746342.733,38444007.02,ACTIVE,4/12/2011,90010,6.746343,38.444007,Valid
9,,,,Gezahegn Tadesse,900492,6745696.233,38442776.67,Active,4/10/2012,90010,6.745696,38.442777,Valid
9,,,,M/R Debebe Kassa,900493,6750301.817,38427017.88,Active,4/10/2012,90010,6.750302,38.427018,Valid
9,,,911113455,Belete Getachew,900494,6748435.883,38431656.03,ACTIVE,4/12/2011,90010,6.748436,38.431656,Valid
9,,,,Gebayitu Gesese,900495,6748716.617,38428721.95,Active,4/10/2012,90010,6.748717,38.428722,Valid
9,,,,Amudela Shifa,900496,6748099.9,38430919.15,ACTIVE,4/12/2011,90010,6.7481,38.430919,Valid
9,,,,Tigre Diqaso,900497,6744912.683,38439477.87,Active,4/10/2012,90010,6.744913,38.439478,Valid
9,,,,Legesse Lamiso,900498,6749395.083,38425863.72,Active,4/10/2012,90010,6.749395,38.425864,Valid
9,,,,Megabi Adis Mesfin Hailu,900499,6748343.25,38428359.15,Active,4/10/2012,90010,6.748343,38.428359,Valid
9,,,,Terefe Alito,900500,6746048.1,38436572.55,Active,4/10/2012,90010,6.746048,38.436573,Valid
9,,,916143692,Nigatu Guta,900501,6744899.717,38441768.85,ACTIVE,4/12/2011,90010,6.7449,38.441769,Valid
9,,,,Zehara Sherif,900502,6747248.567,38434102.17,Active,4/10/2012,90010,6.747249,38.434102,Valid
9,,,910281929,Girma Qabato,900503,6745562.717,38439394.75,ACTIVE,4/12/2011,90010,6.745563,38.439395,Valid
9,,,916044030,Dawit Boke,900504,6745584.45,38444160.57,ACTIVE,4/12/2011,90010,6.745584,38.444161,Valid
9,,,910310484,Marqos Hanfato,900505,6745416.2,38439739.78,ACTIVE,4/12/2011,90010,6.745416,38.43974,Valid
9,,,916642447,Adisu Gelfato ,900506,6748578.3,38430379.28,ACTIVE,4/12/2011,90010,6.748578,38.430379,Valid
9,,,916641747,Rehima Ahmed ,900507,6747827.15,38431091.93,ACTIVE,4/12/2011,90010,6.747827,38.431092,Valid
9,,,,Endashaw Daniso,900508,6748684.1,38427134.77,Active,4/10/2012,90010,6.748684,38.427135,Valid
9,,,,Tafese Godana,900509,6745417.2,38441055.92,Active,4/10/2012,90010,6.745417,38.441056,Valid
9,,,919375297,Abebe Ketema,900510,6745139.733,38438555.75,ACTIVE,4/12/2011,90010,6.74514,38.438556,Valid
9,,,,Yohannes Beyene,900511,6745111.517,38438436.32,Active,4/10/2012,90010,6.745112,38.438436,Valid
9,,,,Yosef Botola,900512,6744699.233,38440189.88,Active,4/10/2012,90010,6.744699,38.44019,Valid
9,,,,Tadele Tesfaye,900513,6745282.05,38438705.72,Active,4/10/2012,90010,6.745282,38.438706,Valid
9,,,908493778,Worku Alemu,900514,6748471.3,38428223.92,ACTIVE,4/12/2011,90010,6.748471,38.428224,Valid
9,,,,Alemu Merasa,900515,6748722.8,38427026.52,Active,4/10/2012,90010,6.748723,38.427027,Valid
9,,,,Belay Gugo,900516,6748571.767,38429006.57,Active,4/10/2012,90010,6.748572,38.429007,Valid
9,,,,Laqech Ayalew,900517,6747906.767,38434993.87,Active,4/10/2012,90010,6.747907,38.434994,Valid
9,,,937795704,Birhanu Haje,900518,6750323.467,38426846.97,ACTIVE,4/12/2011,90010,6.750323,38.426847,Valid
9,,,916164411,Senbeto Hanqamo,900519,6749581.15,38453321.05,ACTIVE,4/12/2011,90010,6.749581,38.453321,Valid
9,,,941517913,Marqos Gedana,900520,6749551.433,38454521.07,ACTIVE,4/12/2011,90010,6.749551,38.454521,Valid
9,,,926317902,Taye Dika,900521,6749561.883,38454115.98,ACTIVE,4/12/2011,90010,6.749562,38.454116,Valid
9,,,,Meselech Dangiso,900522,6748300.983,38430701.32,Active,4/10/2012,90010,6.748301,38.430701,Valid
9,,,,Jemila Saliya,900523,6747156.683,38431810.23,Active,4/10/2012,90010,6.747157,38.43181,Valid
9,,,910162898,Biruk Tilahun,900524,6746873.233,38460223.42,ACTIVE,4/12/2011,90010,6.746873,38.460223,Valid
9,,,,Degene Qawato,900525,6745027.3,38438705.55,Active,4/10/2012,90010,6.745027,38.438706,Valid
9,,,996762341,Tesfaye Mekonnen,900526,6748166.6,38429732.17,ACTIVE,4/12/2011,90010,6.748167,38.429732,Valid
9,,,,Ugemo Ketera,900527,6745208.233,38437955.65,Active,4/10/2012,90010,6.745208,38.437956,Valid
9,,,955129254,Aynalem Chora,900528,6749048.233,38427564.12,ACTIVE,4/12/2011,90010,6.749048,38.427564,Valid
9,,,,Elias Usma,900529,6747682.833,38431177.2,Active,4/10/2012,90010,6.747683,38.431177,Valid
9,,,916642447,Tiba Surur,900530,6747958.767,38430600.5,ACTIVE,4/12/2011,90010,6.747959,38.4306,Valid
9,,,,Kifle Kia,900531,0.0,0.0,DISCONNECT,4/10/2012,90010,,,Missing or Invalid GPS
9,,,941841656,Afini Manufacturing,900532,6747282.65,38432559.75,ACTIVE,4/12/2011,90010,6.747283,38.43256,Valid
9,,,912167543,Abrham Tilahun ,900533,6753461.917,38435145.97,ACTIVE,4/12/2011,90010,6.753462,38.435146,Valid
9,,,,Gezahegn Geda,900534,6749727.4,38428638.62,Active,4/10/2012,90010,6.749727,38.428639,Valid
9,,,,Mitike Berane,900535,6747130.35,38446365.08,Active,4/10/2012,90010,6.74713,38.446365,Valid
9,,,,Seyid Wolqisa,900536,6747600.7,38431498.6,Active,4/10/2012,90010,6.747601,38.431499,Valid
9,,,,Tadele Tura,900537,0.0,0.0,TERMINATE,4/10/2012,90010,,,Missing or Invalid GPS
9,,,,Alemitu Dukemo,900538,6745656.267,38442841.1,Active,4/10/2012,90010,6.745656,38.442841,Valid
9,,,,Ayele Bonora,900539,6748668.65,38427128.27,Active,4/10/2012,90010,6.748669,38.427128,Valid
9,,,938966716,Zegeye Toshe,900540,6745980.15,38437047.48,ACTIVE,4/12/2011,90010,6.74598,38.437047,Valid
9,,,,Birtukan Mahmud,900541,6745875.417,38437135.42,Active,4/10/2012,90010,6.745875,38.437135,Valid
9,,,,Fantu Arega,900542,6749047.35,38429204.52,Active,4/10/2012,90010,6.749047,38.429205,Valid
9,,,,Balcha Bantora,900543,6747766.05,38429278.92,Active,4/10/2012,90010,6.747766,38.429279,Valid
9,,,,Alemayew Debo,900544,6749271.717,38427250.5,Active,4/10/2012,90010,6.749272,38.42725,Valid
9,,,,Sherif Reshid,900545,6749158.85,38427637.17,Active,4/10/2012,90010,6.749159,38.427637,Valid
9,,,,Birhanu Fandamo,900546,6745010.133,38441943.67,Active,4/10/2012,90010,6.74501,38.441944,Valid
9,,,,Anwar Ibrahim,900547,6747921.733,38434028.93,Active,4/10/2012,90010,6.747922,38.434029,Valid
9,,,903150606,Getachew Tesfaye,900548,6744803.067,38439899.38,ACTIVE,4/12/2011,90010,6.744803,38.439899,Valid
9,,,,Bereket Amare,900549,6749927.467,38427884.78,Active,4/10/2012,90010,6.749927,38.427885,Valid
9,,,,Aysha Nuri,900550,6748218.433,38432762.83,Active,4/10/2012,90010,6.748218,38.432763,Valid
9,,,,Endashaw Kuche,900551,6744829.083,38440167.47,Active,4/10/2012,90010,6.744829,38.440167,Valid
9,,,924455864,Gululat Gugo,900552,6748326.733,38437348.1,ACTIVE,4/12/2011,90010,6.748327,38.437348,Valid
9,,,916065337,Mentesnot Muse,900553,6746882.95,38435993.2,ACTIVE,4/12/2011,90010,6.746883,38.435993,Valid
9,,,,2nd Fero H/Bet/Christian,900554,0.0,0.0,DISCONNECT,4/10/2012,90010,,,Missing or Invalid GPS
9,,,916641742,Sinkinesh Fantaye ,900555,6749255.85,38428816.95,ACTIVE,4/12/2011,90010,6.749256,38.428817,Valid
9,,,912261287,Eshetu Danso,900556,6748020.817,38428908.57,ACTIVE,41-02-012_,90010,6.748021,38.428909,Valid
9,,,916925296,Fanta Zeleke,900557,6746705.6,38436255.53,ACTIVE,4/12/2011,90010,6.746706,38.436256,Valid
9,,,,Hailu Wolde,900558,6747261.083,38431769.3,Active,4/10/2012,90010,6.747261,38.431769,Valid
9,,,,Techane Argo,900559,6745266.15,38438047.95,Active,4/10/2012,90010,6.745266,38.438048,Valid
9,,,,Gudero Cholo,900560,6745504.9,38441977.62,Active,4/10/2012,90010,6.745505,38.441978,Valid
9,,,,W/Gebreyies Wachecha,900561,6745605.033,38441966.42,Active,4/10/2012,90010,6.745605,38.441966,Valid
9,,,939497399,Tigist Bolka,900562,6748509.983,38429268.05,ACTIVE,4/12/2011,90010,6.74851,38.429268,Valid
9,,,916164685,Kefyalew Galfato,900563,6748984.633,38426684.03,ACTIVE,4/12/2011,90010,6.748985,38.426684,Valid
9,,,,Belamo Beyo,900564,6746580.633,38436706.57,Active,4/10/2012,90010,6.746581,38.436707,Valid
9,,,,Tsegaye Harqa,900565,6745376.2,38443774.3,Active,4/10/2012,90010,6.745376,38.443774,Valid
9,,,932452391,Genet Wolde,900566,6748082.3,38430062.95,ACTIVE,4/12/2011,90010,6.748082,38.430063,Valid
9,,,916808827,Bilen Kasahun,900567,6747867.8,38429386.72,ACTIVE,4/12/2011,90010,6.747868,38.429387,Valid
9,,,,Ashenafi Dukamo,900568,6747273.9,38435794.1,Active,4/10/2012,90010,6.747274,38.435794,Valid
9,,,912150135,Kibre Zeleke,900569,6747296.133,38444085.55,ACTIVE,4/12/2011,90010,6.747296,38.444086,Valid
9,,,916809823,Abebe Dorsiso,900570,6750742.533,38426687.07,ACTIVE,4/12/2011,90010,6.750743,38.426687,Valid
9,,,916943553,Yetera Yunka,900571,6744992.367,38439475.2,ACTIVE,4/12/2011,90010,6.744992,38.439475,Valid
9,,,924684151,Getachew Gikso,900573,6748515.517,38438134.32,ACTIVE,4/12/2011,90010,6.748516,38.438134,Valid
9,,,,Dukamo Helso,900574,6747555.783,38435808.53,Active,4/10/2012,90010,6.747556,38.435809,Valid
9,,,925597000,Mengistu Qaqawo,900575,6747519.533,38458021.8,ACTIVE,4/12/2011,90010,6.74752,38.458022,Valid
2,,Awada,916941693,Afework Adela,200860,6747991.55,38382455.35,ACTIVE,29/11/2011,90011,6.747992,38.382455,Valid
2,,Awada,916163903,Ato Birhanu Burqito,200861,6755390.367,38390400.88,ACTIVE,29/11/2011,90011,6.75539,38.390401,Valid
2,,Awada,916070644,Ato Selemon Worku,200862,6749029.717,38394438.4,ACTIVE,29/11/2011,90011,6.74903,38.394438,Valid
2,,Stadium,942509581,Fitsum Tamiru,200863,6743509.567,38402324.68,ACTIVE,29/11/2011,90007,6.74351,38.402325,Valid
4,,,919666568,Ato Wederiyilew Wolde,400513,6746517.833,38407329.05,ACTIVE,29/11/2011,90027,6.746518,38.407329,Valid
4,,,908304261,W/Ro Amarech Zerga,400514,6743842.75,38408400.7,ACTIVE,29/11/2011,90027,6.743843,38.408401,Valid
5,,,926988328,Ato Tesfaye Barasa,500945,6753409.8,38410147.15,ACTIVE,29/11/2011,90007,6.75341,38.410147,Valid
5,,,904752899,Ato Tana Kia,500946,6752899.883,38414399.63,ACTIVE,29/11/2011,90007,6.7529,38.4144,Valid
7,,,912985843,Chaltu Bizuayehu,700695,6749930.983,38418462.75,ACTIVE,29-11-2011,90009,6.749931,38.418463,Valid
6,,,925649408,W/Ro Asnaqech Solbe,600637,6746412.9,38414179.37,ACTIVE,29/11/2011,90009,6.746413,38.414179,Valid
7,,,916104984,Ato Asegu Boe,700688,6752565.667,38419091.4,ACTIVE,29/11/2011,90009,6.752566,38.419091,Valid
7,,,916164379,Ato Elias Muse,700689,6751866.733,38421811.4,ACTIVE,29/11/2011,90009,6.751867,38.421811,Valid
7,,,916034943,Ato Kasahun Kayeso,700690,6752510.333,38417698.15,ACTIVE,29/11/2011,90009,6.75251,38.417698,Valid
7,,,916607425,Ato Ayele Gatso,700691,6752286.3,38419686.33,ACTIVE,29/11/2011,90009,6.752286,38.419686,Valid
7,,,916165837,Ato Kassa kayeso,700692,6752318.933,38428707.27,ACTIVE,29/11/2011,90009,6.752319,38.428707,Valid
7,,,943947131,Ato Gidesa Gidamo,700693,6746466.483,38408458.58,DISCONNECT,29/11/2011,90009,6.746466,38.408459,Valid
7,,,916118028,Dubso Dukamo,700694,6751202.817,38421189.03,ACTIVE,29/11/2011,90009,6.751203,38.421189,Valid
9,,,926196118,Ato Tadele Gebiba,900576,6745417.2,38441055.92,ACTIVE,29/11/2011,90010,6.745417,38.441056,Valid
9,,,916504492,W/Ro Mintwab Tsegaye,900577,6748106.033,38430446.87,ACTIVE,29/11/2011,90010,6.748106,38.430447,Valid
7,,,9168103338,Deqemo Dara ,700696,6750625.5,38422521.8,ACTIVE,28/12/2011,90009,6.750625,38.422522,Valid
7,,,916286068,Desalegn Danka,700697,6752461.467,38418886.9,ACTIVE,28/12/2011,90009,6.752461,38.418887,Valid
1,,,924329916,Asnaqech Bre,100949,6743809.05,38372287.38,ACTIVE,4/2/2012,90011,6.743809,38.372287,Valid
1,,,926530610,Selemon Galfato,100950,,,DISCONNECT,4/2/2012,90011,,,Missing or Invalid GPS
1,,,934484225,Temesgen Waqgira,100951,6743671.15,38372220.13,ACTIVE,4/2/2012,90011,6.743671,38.37222,Valid
1,,,924677104,Dawit Lemago,100952,6735936.483,38370267.65,ACTIVE,4/2/2012,90011,6.735936,38.370268,Valid
1,,,926308649,Adunya Tomas,100953,6758039.233,38377410.12,ACTIVE,4/2/2012,90011,6.758039,38.37741,Valid
1,,,913255349,Maraki Getachew,100954,6741425.567,38374358.15,ACTIVE,4/2/2012,90011,6.741426,38.374358,Valid
1,,,916164624,Girma G/Hiwot,100955,6742921.4,38375426.82,ACTIVE,4/2/2012,90011,6.742921,38.375427,Valid
2,,Awada,980284841,Tsehaynesh Botola,200864,6745291.817,38386865.58,ACTIVE,4/2/2012,90011,6.745292,38.386866,Valid
2,,Awada,932657146,Daniel Daqamo,200865,6745649.15,38387619.75,ACTIVE,4/2/2012,90011,6.745649,38.38762,Valid
2,,Stadium,913289602,Neway Dangiso,200866,6742814.45,38402487.33,ACTIVE,4/2/2012,90007,6.742814,38.402487,Valid
2,,Stadium,916184398,Tariku Fetesha,200867,6745072.083,38398612.25,ACTIVE,4/2/2012,90007,6.745072,38.398612,Valid
2,,Awada,913932863,Tafese Tesfaye,200868,6745511.667,38386842.95,ACTIVE,4/2/2012,90011,6.745512,38.386843,Valid
3,,,934233250,Belayneh Tadesse,300738,6750618.483,38400382.72,ACTIVE,4/2/2012,90027,6.750618,38.400383,Valid
3,,,911821419,Rahel Hadero,300739,6749779.917,38404171.43,ACTIVE,4/2/2012,90027,6.74978,38.404171,Valid
3,,,913538734,Genene Gizaw,300740,6748711.467,38399262.53,ACTIVE,4/2/2012,90027,6.748711,38.399263,Valid
4,,,916410938,Dawit Tuqa,400515,6742946.333,38407752.3,ACTIVE,4/2/2012,90027,6.742946,38.407752,Valid
4,,,912111232,No.1 Medihanit Laeqe,400516,6746954.083,38407306.2,DISCONNECT,4/2/2012,90027,6.746954,38.407306,Valid
7,,,916515578,Daniel Dikale,700708,6752846.917,38425045.03,ACTIVE,4/2/2012,90009,6.752847,38.425045,Valid
7,,,992805213,Getachew Gela,700709,6752355.633,38425028.9,ACTIVE,4/2/2012,90009,6.752356,38.425029,Valid
7,,,916374681,Langano Aleka,700702,0.0,0.0,DISCONNECT,4/2/2012,90009,,,Missing or Invalid GPS
5,,,934737826,Basha Leku,500950,6753946.517,38411863.87,ACTIVE,4/2/2012,90007,6.753947,38.411864,Valid
5,,,916023825,Marta Kebede,500951,6752213.117,38412991.75,ACTIVE,4/2/2012,90007,6.752213,38.412992,Valid
6,,,916642793,Birhanu Ugamo,600638,6748250.367,38415671.17,ACTIVE,4/2/2012,90009,6.74825,38.415671,Valid
7,,,916853187,Akleshiya B/K,700698,6752677.683,38425840.27,ACTIVE,4/2/2012,90009,6.752678,38.42584,Valid
7,,,916069707,Mengistu Borsamo,700699,6750241.35,38417753.9,ACTIVE,4/2/2012,90009,6.750241,38.417754,Valid
7,,,916624303,Abebech Habte,700700,6750840.133,38420034.13,ACTIVE,4/2/2012,90009,6.75084,38.420034,Valid
7,,,988985865,Atnafu Hameso,700701,6750008.983,38418687.12,ACTIVE,4/2/2012,90009,6.750009,38.418687,Valid
9,,,916333220,Abayneh Asefa,900578,6747958.333,38429355.85,ACTIVE,4/2/2012,90010,6.747958,38.429356,Valid
9,,,938705853,Abdulkrim Awol,900579,6749001.217,38428217.58,ACTIVE,4/2/2012,90010,6.749001,38.428218,Valid
1,,,913606431,Sanbato Sasamo,100956,6740259.55,38370765.87,ACTIVE,26/02/2012,90011,6.74026,38.370766,Valid
1,,,911827412,Nasr Nur,100957,6748215.933,38377193.45,ACTIVE,26/02/2012,90011,6.748216,38.377193,Valid
1,,,930393939,Alemayehu Tefera,100958,,,DISCONNECT,26/02/2012,90011,,,Missing or Invalid GPS
1,,,911996193,Amir W/Gebriel,100959,6746044.75,38376197.88,ACTIVE,26/02/2012,90011,6.746045,38.376198,Valid
1,,,926307793,Degou Desta,100960,6736612.65,38370503.3,ACTIVE,26/02/2012,90011,6.736613,38.370503,Valid
1,,,916503954,Selemon Shenkora,100961,6743918.483,38374246.5,ACTIVE,26/02/2012,90011,6.743918,38.374246,Valid
1,,,9,Jamal Denbere,100962,6737826.967,38368124.45,ACTIVE,26/02/2012,90011,6.737827,38.368124,Valid
1,,,911596068,Ethio Telecom Aposto 2nd D/School Compound,100963,6741425.333,38374417.85,ACTIVE,26/02/2012,90011,6.741425,38.374418,Valid
1,,,927116890,Amarech Tadesse,100964,6737346.617,38371421.12,ACTIVE,26/02/2012,90011,6.737347,38.371421,Valid
1,,,913892739,Tesfaye Geramo,100965,6738000.0,38369550.0,ACTIVE,26-02-2012,90011,6.738,38.36955,Valid
1,,,932554454,Tsehay Worku,100966,6737584.0,38371730.0,ACTIVE,26-02-2012,90011,6.737584,38.37173,Valid
1,,,916373913,Matiwos Betro,100967,6741612.55,38371053.85,ACTIVE,26/02/2012,90011,6.741613,38.371054,Valid
2,,Stadium,987242002,Frew Gelfto,200870,6740580.733,38406022.47,ACTIVE,26/02/2012,90007,6.740581,38.406022,Valid
2,,Awada,910971378,Reshid Haj,200871,6744545.567,38386029.77,ACTIVE,26/02/2012,90011,6.744546,38.38603,Valid
2,,Stadium,916021324,Kebede Tesfaye,200872,6740516.817,38405954.12,ACTIVE,26/02/2012,90007,6.740517,38.405954,Valid
2,,Awada,9,Etalem Kassa,200873,6746494.033,38386885.72,ACTIVE,26/02/2012,90011,6.746494,38.386886,Valid
2,,Stadium,911596068,Ethio Tele No.2 Stadium Compound,200874,6745000.167,38400966.05,ACTIVE,26/02/2012,90007,6.745,38.400966,Valid
2,,Stadium,916158168,Emahoy Tsehaynesh Mihretu,200875,6740875.217,38402925.55,ACTIVE,26/02/2012,90007,6.740875,38.402926,Valid
3,,,462250364,Tadelech Wakene,300741,0.0,0.0,DISCONNECT,28/02/2012,90027,,,Missing or Invalid GPS
3,,,949467143,Wolde Yumura,300742,6748290.883,38399408.25,ACTIVE,28/02/2012,90027,6.748291,38.399408,Valid
3,,,911596068,Ethio Telecom,300743,6752115.483,38405651.5,ACTIVE,28/02/2012,90027,6.752115,38.405651,Valid
3,,,945633667,Daniel Siamo,300744,6752894.733,38406090.37,ACTIVE,28/02/2012,90027,6.752895,38.40609,Valid
4,,,916052762,Tesfaye Ali,400517,6744152.75,38409033.03,ACTIVE,28/02/2012,90027,6.744153,38.409033,Valid
6,,,934174150,Tihut Getachew,600643,6745792.1,38410365.92,ACTIVE,28/02/2012,90009,6.745792,38.410366,Valid
4,,,926614450,Lema Duleto,400519,6741678.733,38407382.05,ACTIVE,28/02/2012,90027,6.741679,38.407382,Valid
4,,,965651848,Shilingo Godebo,400520,6743761.183,38408255.73,ACTIVE,28/02/2012,90027,6.743761,38.408256,Valid
4,,,924670783,Kemal Kawiso,400521,6741510.15,38407076.42,ACTIVE,28/02/2012,90027,6.74151,38.407076,Valid
5,,,901325586,Gete Tesfaye,500952,6749786.0,38410834.32,ACTIVE,28/02/2012,90007,6.749786,38.410834,Valid
7,,,916067487,Agezech Guracha,700776,6751475.867,38425544.85,ACTIVE,28/02/2012,90009,6.751476,38.425545,Valid
5,,,916042698,Mulatu Qarfafa,500954,6752876.35,38414440.5,ACTIVE,28/02/2012,90007,6.752876,38.41444,Valid
5,,,967697174,Didamo Irana,500955,6754740.817,38409965.33,ACTIVE,28/02/2012,90007,6.754741,38.409965,Valid
5,,,916807934,Fiseha Arega,500956,6751156.767,38413630.22,ACTIVE,28/02/2012,90007,6.751157,38.41363,Valid
6,,,911988902,Mesfin Tesfaye,600639,6746798.033,38414674.28,ACTIVE,28/02/2012,90009,6.746798,38.414674,Valid
4,,,916165732,Mesafint Marmato,400530,6741841.833,38407785.72,ACTIVE,28/02/2012,90027,6.741842,38.407786,Valid
6,,,,Dale Woreda Mem/G/Q/K/H/Mahber,600641,,,DISCONNECT,28/02/2012,90009,,,Missing or Invalid GPS
7,,,916663673,Yishaq Mekonnen,700703,6752438.533,38427426.05,ACTIVE,28/02/2012,90009,6.752439,38.427426,Valid
7,,,988105330,Elias Didesa,700704,6750730.7,38425955.68,ACTIVE,28/02/2012,90009,6.750731,38.425956,Valid
7,,,,Y/A/K/Food Security and Employment Creation Office,700705,,,DISCONNECT,28/02/2012,90009,,,Missing or Invalid GPS
7,,,912123196,Alemu Haile,700706,6750425.267,38421153.4,ACTIVE,28/02/2012,90009,6.750425,38.421153,Valid
7,,,916051474,Genet Getu,700707,6752017.15,38417629.55,ACTIVE,28/02/2012,90009,6.752017,38.41763,Valid
5,,,913564659,Melaku Tamene,500957,6753848.45,38409750.3,ACTIVE,28/02/2012,90007,6.753848,38.40975,Valid
5,,,916164982,Teshale Tamene,500958,6753744.583,38409807.1,ACTIVE,28/02/2012,90007,6.753745,38.409807,Valid
8,,,911596068,Ethio Telecom Ras Desta Compound,800349,6749324.517,38431739.48,ACTIVE,28/02/2012,90010,6.749325,38.431739,Valid
8,,,916434369,Kassa Dede,800350,6752690.183,38430954.0,ACTIVE,28/02/2012,90010,6.75269,38.430954,Valid
8,,,969927710,Nigatu Mentesnot,800351,6746851.867,38437587.17,ACTIVE,28/02/2012,90010,6.746852,38.437587,Valid
8,,,968699018,Siyoum Worku,800352,6745625.083,38437484.4,ACTIVE,28/02/2012,90010,6.745625,38.437484,Valid
8,,,991688578,Abebe Yume,800353,6747168.083,38431748.22,ACTIVE,28/02/2012,90010,6.747168,38.431748,Valid
1,,,926254520,Seyid Taye,100968,6742903.4,38373737.12,DISCONNECT,28/02/2012,90011,6.742903,38.373737,Valid
2,,Awada,919694096,Beletu Desalegn,200876,6746537.367,38387071.55,ACTIVE,28/02/2012,90011,6.746537,38.387072,Valid
1,,,909676142,Tesema Deqamo,100969,6729303.333,38368873.7,ACTIVE,20/04/2012,90011,6.729303,38.368874,Valid
1,,,926614120,Getu Geye,100970,6742888.3,38375473.58,ACTIVE,20/04/2012,90011,6.742888,38.375474,Valid
2,,Stadium,932544639,Tadesse Tesema,200877,6745017.95,38398263.37,ACTIVE,20/04/2012,90007,6.745018,38.398263,Valid
2,,Stadium,916046403,H/Yesus Muse,200878,6743179.1,38401911.25,ACTIVE,20/04/2012,90007,6.743179,38.401911,Valid
2,,Stadium,916964937,Gadisa Worana,200879,6740636.433,38405772.67,ACTIVE,20/04/2012,90007,6.740636,38.405773,Valid
2,,Stadium,916809442,Zerhun Amelo,200880,6740437.433,38405615.13,ACTIVE,20/04/2012,90007,6.740437,38.405615,Valid
2,,Stadium,913337197,Alemayehu Bekele,200881,6740265.083,38405649.22,ACTIVE,20/04/2012,90007,6.740265,38.405649,Valid
3,,,916373935,Fikre Mengesha,300745,6750879.85,38400510.83,ACTIVE,20/04/2012,90027,6.75088,38.400511,Valid
4,,,911960788,Mahlet Samuel,400522,6746469.117,38408478.72,ACTIVE,20/04/2012,90027,6.746469,38.408479,Valid
4,,,908284990,Tekle Helqera,400523,6743774.717,38408072.58,ACTIVE,20/04/2012,90027,6.743775,38.408073,Valid
5,,,934736106,Michael Ezedin,500959,6752211.667,38408172.15,ACTIVE,20/04/2012,90007,6.752212,38.408172,Valid
5,,,916157960,Mamo Yena,500960,6752984.417,38412675.95,ACTIVE,20/04/2012,90007,6.752984,38.412676,Valid
7,,,916650244,Elias Yebere,700710,6750587.233,38416241.03,ACTIVE,20/04/2012,90009,6.750587,38.416241,Valid
7,,,916516969,Firew Batiso ,700711,6752989.0,38428940.0,ACTIVE,20-04-2012,90009,6.752989,38.42894,Valid
8,,,927153913,Mengesha Yura ,800354,6751211.583,38428708.27,ACTIVE,20/04/2012,90010,6.751212,38.428708,Valid
8,,,916055576,Tibebu Bekele,800355,6751189.083,38428608.78,ACTIVE,20/04/2012,90010,6.751189,38.428609,Valid
8,,,945634008,Marta Dongato,800356,6751126.433,38429218.93,ACTIVE,20/04/2012,90010,6.751126,38.429219,Valid
8,,,910341863,Zenebech Gabiso,800357,6751195.467,38428981.85,ACTIVE,20/04/2012,90010,6.751195,38.428982,Valid
6,,,,Hayeso Haso,600642,6748234.233,38410545.95,DISCONNECT,23/04/2012,90009,6.748234,38.410546,Valid
1,,,,Aman Shurala,100971,6746730.967,38377111.38,ACTIVE,23/04/2012,90011,6.746731,38.377111,Valid
1,,,,Zinash Degu,100972,6738263.467,38370612.03,ACTIVE,24/04/2012,90011,6.738263,38.370612,Valid
1,,,,Kassa Kachara,100973,6740297.967,38372296.93,ACTIVE,24/04/2012,90011,6.740298,38.372297,Valid
1,,,,Selemon Ayehu,100974,6748143.917,38376916.33,DISCONNECT,24/04/2012,90011,6.748144,38.376916,Valid
2,,Awada,924329313,Hariso Godana,200882,6751949.817,38390908.12,ACTIVE,24-04-2012,90011,6.75195,38.390908,Valid
1,,,941841686,Belay Petros,100975,6732014.583,38370320.43,ACTIVE,14/06/2012,90011,6.732015,38.37032,Valid
1,,,924302856,Batso Belamo,100976,6744875.2,38375677.77,ACTIVE,14/06/2012,90011,6.744875,38.375678,Valid
1,,,993909546,Tafese Kayeso,100977,6757373.333,38376607.75,ACTIVE,14/06/2012,90011,6.757373,38.376608,Valid
1,,,916137989,Alamurew Girma,100978,6751152.033,38378011.08,ACTIVE,14/06/2012,90011,6.751152,38.378011,Valid
1,,,943947365,Shito Muqura,100979,6733871.1,38370439.12,ACTIVE,14/06/2012,90011,6.733871,38.370439,Valid
1,,,916165034,Mesfin Belayneh,100980,6755278.5,38375941.1,ACTIVE,14/06/2012,90011,6.755279,38.375941,Valid
1,,,916070363,Tezera Botona,100981,6734565.7,38367723.53,ACTIVE,14/06/2012,90011,6.734566,38.367724,Valid
2,,Awada,916168830,Abebe Futane,200883,6744679.45,38386843.77,ACTIVE,14-06-2012,90011,6.744679,38.386844,Valid
2,,Stadium,916834546,Daniel Shune,200884,6741309.633,38404026.85,ACTIVE,14/06/2012,90007,6.74131,38.404027,Valid
2,,Awada,922148765,Getahun Salfaqo,200885,6748152.8,38382477.53,ACTIVE,14/06/2012,90011,6.748153,38.382478,Valid
2,,Stadium,934511220,Yohannes Alito,200886,6742335.95,38403515.33,ACTIVE,14/06/2012,90007,6.742336,38.403515,Valid
2,,Awada,913535494,Genene Bala,200887,6749169.633,38394933.4,ACTIVE,14/06/2012,90011,6.74917,38.394933,Valid
2,,Awada,949840263,Samuel Bee,200888,6743366.433,38386872.43,ACTIVE,14/06/2012,90011,6.743366,38.386872,Valid
2,,Awada,916020606,Girma Kebede,200889,6751169.333,38380659.08,ACTIVE,14/06/2012,90011,6.751169,38.380659,Valid
2,,Awada,913634807,Alemu Abate,200890,6748678.4,38382004.22,ACTIVE,14/06/2012,90011,6.748678,38.382004,Valid
2,,Awada,916164832,Gezahegn Bergene,200891,6748855.883,38381890.75,ACTIVE,14/06/2012,90011,6.748856,38.381891,Valid
2,,Awada,916165031,Belete Barasa,200892,6748586.967,38383607.6,ACTIVE,14/06/2012,90011,6.748587,38.383608,Valid
2,,Stadium,916435162,Gebiyanesh Mamo,200893,6740595.15,38405151.15,ACTIVE,14/06/2012,90007,6.740595,38.405151,Valid
2,,Stadium,916642232,Gizaw Worku,200894,6745345.817,38400822.83,ACTIVE,14/06/2012,90007,6.745346,38.400823,Valid
2,,Awada,913242151,Kasahun Birhanu,200895,6744753.7,38386775.83,ACTIVE,14/06/2012,90011,6.744754,38.386776,Valid
2,,Awada,916964094,Ayelech Awugchew,200896,6749388.75,38381510.58,ACTIVE,14/06/2012,90011,6.749389,38.381511,Valid
2,,Awada,938265722,Birtukan Tujara,200897,6751128.183,38379581.73,ACTIVE,14-06-2012,90011,6.751128,38.379582,Valid
2,,Awada,910441891,Nasr Basore,200898,6748023.583,38387440.22,ACTIVE,14/06/2012,90011,6.748024,38.38744,Valid
2,,Stadium,916370038,Kedir Tira,200899,6745697.067,38404025.75,ACTIVE,14/06/2012,90007,6.745697,38.404026,Valid
3,,,905240132,Debey W/Meskel,300746,6748498.1,38404628.33,ACTIVE,14/06/2012,90027,6.748498,38.404628,Valid
3,,,916167426,Alemu Bolka,300747,6748356.683,38399408.52,ACTIVE,14/06/2012,90027,6.748357,38.399409,Valid
3,,,,Chane Kebede,300748,6749047.433,38405473.15,ACTIVE,14/06/2012,90027,6.749047,38.405473,Valid
3,,,913264903,Yiheys Niguse,300749,6749303.067,38405518.95,ACTIVE,14/06/2012,90027,6.749303,38.405519,Valid
4,,,916373765,Aster Alemu,400524,6743398.717,38405808.95,ACTIVE,14/06/2012,90027,6.743399,38.405809,Valid
4,,,924685973,Medihanit Laeqe,400525,6747552.183,38406765.67,ACTIVE,14/06/2012,90027,6.747552,38.406766,Valid
4,,,,Misaynesh Wendimu,400526,6746329.1,38407914.63,ACTIVE,14/06/2012,90027,6.746329,38.407915,Valid
5,,,912802049,Shalala Marticha,500961,6751738.983,38409602.15,ACTIVE,14/06/2012,90007,6.751739,38.409602,Valid
7,,,923409262,Tesfaye Dora,700780,6750980.9,38417372.98,ACTIVE,14/06/2012,90009,6.750981,38.417373,Valid
5,,,903750011,Tegen Haile,500963,6751382.333,38409010.43,ACTIVE,14/06/2012,90007,6.751382,38.40901,Valid
6,,,911711934,Sharew Wubshet,600644,6746839.6,38412194.13,ACTIVE,14/06/2012,90009,6.74684,38.412194,Valid
6,,,945855918,Teklu Qepsa,600645,6746701.833,38409214.93,ACTIVE,14/06/2012,90009,6.746702,38.409215,Valid
6,,,916045130,Tamrat Tadesse,600646,6746652.983,38408726.15,ACTIVE,14/06/2012,90009,6.746653,38.408726,Valid
9,,,910341864,Kassa Kake,900580,6744739.717,38440033.07,ACTIVE,14/06/2012,90010,6.74474,38.440033,Valid
9,,,968650780,Uche Bere,900581,6744938.883,38439721.32,ACTIVE,14/06/2012,90010,6.744939,38.439721,Valid
9,,,926614207,Hayamo Hanqamo,900582,6749676.05,38453630.37,ACTIVE,14/06/2012,90010,6.749676,38.45363,Valid
8,,,916039974,Degene Mute,800358,6751588.483,38433589.52,ACTIVE,14/06/2012,90010,6.751588,38.43359,Valid
8,,,912100786,Bizunesh Toshora,800359,6751658.5,38433600.35,ACTIVE,14/06/2012,90010,6.751658,38.4336,Valid
8,,,916373718,Mulugeta Muse,800360,6751844.033,38433166.08,ACTIVE,14/06/2012,90010,6.751844,38.433166,Valid
8,,,912069777,Bizuneh Engida,800361,6748149.783,38436816.75,ACTIVE,14/06/2012,90010,6.74815,38.436817,Valid
8,,,916078737,Aschalew Alemayehu,800362,6748240.817,38436763.82,ACTIVE,14/06/2012,90010,6.748241,38.436764,Valid
8,,,963994927,Barasa Hanaqo,800363,6748090.45,38436612.08,ACTIVE,14/06/2012,90010,6.74809,38.436612,Valid
8,,,938135484,Tezera Birhanu,800364,6748185.1,38436816.85,ACTIVE,14/06/2012,90010,6.748185,38.436817,Valid
8,,,974234473,Dinberu Lama,800365,6752921.417,38431482.23,ACTIVE,14/06/2012,90010,6.752921,38.431482,Valid
8,,,916165745,Selemon Irba,800366,6752924.017,38431776.7,ACTIVE,14/06/2012,90010,6.752924,38.431777,Valid
8,,,913925696,Hailu Aregay,800367,6750906.25,38432820.38,ACTIVE,14/06/2012,90010,6.750906,38.43282,Valid
8,,,926303329,Woynshet Workne,800368,6750115.317,38430952.43,ACTIVE,14/06/2012,90010,6.750115,38.430952,Valid
8,,,954804608,Tsegaye Legamo,800369,6750927.783,38432985.45,ACTIVE,14/06/2012,90010,6.750928,38.432985,Valid
8,,,964031406,Eyasu Biru,800370,6751171.883,38432575.82,ACTIVE,14/06/2012,90010,6.751172,38.432576,Valid
8,,,982243476,Tadesse Ganu,800371,6751227.45,38432526.27,ACTIVE,14/06/2012,90010,6.751227,38.432526,Valid
8,,,916515513,Belay Barasa,800372,6753030.95,38431883.08,ACTIVE,14/06/2012,90010,6.753031,38.431883,Valid
8,,,913357562,Fitsum Chernet,800373,6753006.5,38431632.32,ACTIVE,14/06/2012,90010,6.753006,38.431632,Valid
8,,,916504450,Tadele Bora,800374,6753028.717,38431947.17,ACTIVE,14/06/2012,90010,6.753029,38.431947,Valid
8,,,989042425,Matiwos Lanqamo,800375,6748260.333,38437807.55,ACTIVE,14/06/2012,90010,6.74826,38.437808,Valid
8,,,916038471,Samaro Sanbaba,800376,6752985.867,38431812.3,ACTIVE,14/06/2012,90010,6.752986,38.431812,Valid
8,,,924655708,Takele Tamiru,800377,6751825.55,38430733.02,ACTIVE,14/06/2012,90010,6.751826,38.430733,Valid
8,,,919742984,Kiflesilas Alemu,800378,6750607.083,38427065.67,ACTIVE,14/06/2012,90010,6.750607,38.427066,Valid
8,,,916021166,Tamiru Turgamo,800379,6746400.033,38440999.25,ACTIVE,14/06/2012,90010,6.7464,38.440999,Valid
8,,,916130118,Tadelech Tezera,800380,6748773.033,38437370.68,ACTIVE,14/06/2012,90010,6.748773,38.437371,Valid
8,,,911085063,Daniel Degaga,800381,6750591.767,38433422.37,ACTIVE,14/06/2012,90010,6.750592,38.433422,Valid
8,,,967953397,Mesay Bogale,800382,6751539.017,38432645.57,ACTIVE,14/06/2012,90010,6.751539,38.432646,Valid
8,,,919660569,Tilahun Wogo,800383,6748685.217,38437404.05,ACTIVE,14/06/2012,90010,6.748685,38.437404,Valid
8,,,938903787,Kedir Lema,800384,6748317.133,38436843.05,ACTIVE,14/06/2012,90010,6.748317,38.436843,Valid
7,,,911004417,Matiwos Shalmo,700712,6751271.433,38421804.13,ACTIVE,14/06/2012,90009,6.751271,38.421804,Valid
8,,,916164442,Asrat H/Mariam,800392,6751630.417,38432828.17,ACTIVE,18/06/2012,90010,6.75163,38.432828,Valid
7,,,916165005,Gizaw Girma ,700714,6750777.3,38424852.9,ACTIVE,18/06/2012,90009,6.750777,38.424853,Valid
7,,,916504481,Abayneh Feyisa,700715,6751437.217,38426137.78,ACTIVE,18/06/2012,90009,6.751437,38.426138,Valid
7,,,925110850,Daqama Dangiso,700716,6750768.933,38424888.78,ACTIVE,18/06/2012,90009,6.750769,38.424889,Valid
7,,,916782785,Ilala Engiso,700717,6751962.35,38423043.05,ACTIVE,18/06/2012,90009,6.751962,38.423043,Valid
7,,,916164496,Mekuria Harago,700718,6752708.333,38423906.32,ACTIVE,18/06/2012,90009,6.752708,38.423906,Valid
8,,,913538684,Dawit Dusa,800389,6751206.333,38433360.93,ACTIVE,18/06/2012,90010,6.751206,38.433361,Valid
7,,,916078573,Bekel Deweso,700720,6751841.033,38421993.28,ACTIVE,18/06/2012,90009,6.751841,38.421993,Valid
7,,,919657691,Adane Abebe,700721,6752908.117,38429720.12,ACTIVE,18/06/2012,90009,6.752908,38.42972,Valid
8,,,916664639,Tafese Amano,800391,6750804.433,38433131.08,ACTIVE,18/06/2012,90010,6.750804,38.433131,Valid
7,,,916942805,Mihretu Eshetu,700723,6752804.183,38424722.53,ACTIVE,18/06/2012,90009,6.752804,38.424723,Valid
7,,,916066353,Anley Yitina,700724,6752975.683,38423706.62,DISCONNECT,18/06/2012,90009,6.752976,38.423707,Valid
7,,,916167533,Tariku Tucha ,700725,6752669.4,38424210.18,ACTIVE,18/06/2012,90009,6.752669,38.42421,Valid
7,,,954784172,Yena Yie,700726,6751727.983,38421159.63,ACTIVE,18/06/2012,90009,6.751728,38.42116,Valid
7,,,916642238,Tamene Tomas,700727,6751824.05,38422358.53,ACTIVE,18/06/2012,90009,6.751824,38.422359,Valid
7,,,954785870,Eshetu Harqa,700728,6751839.817,38422373.98,ACTIVE,18/06/2012,90009,6.75184,38.422374,Valid
8,,,916165862,Zinaw Haile,800390,6751773.267,38432552.15,ACTIVE,18/06/2012,90010,6.751773,38.432552,Valid
7,,,967953476,Toe Ataro,700730,,,TERMINATE,18/06/2012,90009,,,Missing or Invalid GPS
8,,,916809244,Alemu Garge,800393,6751625.1,38432664.5,ACTIVE,18/06/2012,90010,6.751625,38.432665,Valid
7,,,967236372,Tegen Danso,700732,6751913.517,38422695.15,ACTIVE,18/06/2012,90009,6.751914,38.422695,Valid
7,,,916169685,Muse Hameso,700733,6752032.333,38423815.03,ACTIVE,18/06/2012,90009,6.752032,38.423815,Valid
7,,,928876765,Tezera Shunana,700734,6752066.167,38423721.28,ACTIVE,18/06/2012,90009,6.752066,38.423721,Valid
7,,,949227476,Tefera Tesfaye,700735,6752029.783,38423549.2,ACTIVE,18/06/2012,90009,6.75203,38.423549,Valid
7,,,916923377,Desalegn Tutula,700736,6752335.0,38424539.48,ACTIVE,18/06/2012,90009,6.752335,38.424539,Valid
7,,,9161953433,Degife Lanqamo,700737,6752170.767,38424635.15,ACTIVE,18/06/2012,90009,6.752171,38.424635,Valid
7,,,916167632,Biru Bage,700738,6751975.533,38423674.75,ACTIVE,18/06/2012,90009,6.751976,38.423675,Valid
7,,,916165898,Tamrat Getachew,700739,6751952.95,38423457.67,ACTIVE,18/06/2012,90009,6.751953,38.423458,Valid
7,,,916074276,Tesema Tadesse,700740,6750758.467,38424790.8,ACTIVE,18/06/2012,90009,6.750758,38.424791,Valid
7,,,916515533,Tariku Barasa,700741,6752678.033,38424204.17,ACTIVE,18/06/2012,90009,6.752678,38.424204,Valid
7,,,916165122,Abebe Alemu,700742,6752239.617,38424427.4,ACTIVE,18/06/2012,90009,6.75224,38.424427,Valid
7,,,913001959,Sanbato Sarmiso,700743,6752486.3,38424633.72,ACTIVE,18/06/2012,90009,6.752486,38.424634,Valid
7,,,916435476,Tareqegn Tamrat,700744,6752656.633,38424159.92,ACTIVE,18/06/2012,90009,6.752657,38.42416,Valid
7,,,954784758,Asfaw Dona,700745,6752317.133,38424012.87,ACTIVE,18/06/2012,90009,6.752317,38.424013,Valid
7,,,968775362,Yonas Ayele,700746,6752626.067,38424514.5,ACTIVE,18/06/2012,90009,6.752626,38.424515,Valid
7,,,910295658,Asefaw Shume ,700747,6752780.367,38424651.68,ACTIVE,18/06/2012,90009,6.75278,38.424652,Valid
7,,,910295658,Tadesse Bekele,700748,6752854.983,38425030.43,ACTIVE,18/06/2012,90009,6.752855,38.42503,Valid
7,,,926239390,Dukamo Deramo,700749,6752682.15,38424724.08,ACTIVE,18/06/2012,90009,6.752682,38.424724,Valid
7,,,932190660,Matiwos Worana,700750,6751926.1,38422640.35,ACTIVE,18/06/2012,90009,6.751926,38.42264,Valid
7,,,916165736,Muntasha Mune,700751,6750520.95,38421484.05,DISCONNECT,18/06/2012,90009,6.750521,38.421484,Valid
7,,,91665889,Demise Matiwos ,700752,6752664.6,38424076.52,ACTIVE,18/06/2012,90009,6.752665,38.424077,Valid
7,,,926428875,Yididiya Yigezu,700753,6751625.117,38423949.17,ACTIVE,18-06-2012,90009,6.751625,38.423949,Valid
7,,,916024971,Tefera Gamuro,700754,6751705.6,38421251.13,ACTIVE,18/06/2012,90009,6.751706,38.421251,Valid
7,,,916021690,Birhanu Yosef,700755,6751767.633,38421024.23,ACTIVE,18/06/2012,90009,6.751768,38.421024,Valid
7,,,916164007,Simret Biru,700756,6752182.833,38424482.58,ACTIVE,18/06/2012,90009,6.752183,38.424483,Valid
7,,,916943457,Zerihun Mola,700757,6751935.3,38422990.28,ACTIVE,18/06/2012,90009,6.751935,38.42299,Valid
7,,,926272963,Girma Geremew,700758,6751325.7,38422783.28,ACTIVE,18/06/2012,90009,6.751326,38.422783,Valid
7,,,916162818,Galfato Meka,700759,6751859.867,38422805.03,ACTIVE,18/06/2012,90009,6.75186,38.422805,Valid
7,,,912844912,Tafese Tsegu,700760,6751990.5,38423353.85,ACTIVE,18/06/2012,90009,6.75199,38.423354,Valid
7,,,911835009,Meselech Filpiyos,700761,6752757.45,38417016.05,ACTIVE,18/06/2012,90009,6.752757,38.417016,Valid
7,,,916809954,Belete Duka,700762,6752375.467,38427566.25,ACTIVE,18/06/2012,90009,6.752375,38.427566,Valid
7,,,916808400,Irasu Fetela,700763,6751914.6,38422299.57,ACTIVE,18/06/2012,90009,6.751915,38.4223,Valid
7,,,916866591,Demse Daniel,700764,6751645.833,38421099.37,ACTIVE,18/06/2012,90009,6.751646,38.421099,Valid
7,,,926987713,Marqos Dalecha,700765,6749314.7,38420350.37,ACTIVE,18/06/2012,90009,6.749315,38.42035,Valid
7,,,916154113,Tefera Tumicha,700766,6750175.9,38424715.2,ACTIVE,18/06/2012,90009,6.750176,38.424715,Valid
7,,,926129961,Teshome Barasa,700767,6749551.55,38420680.12,ACTIVE,18/06/2012,90009,6.749552,38.42068,Valid
1,,,926988043,Eyasu Niguse,100982,6734856.05,38367746.67,ACTIVE,21/06/2012,90011,6.734856,38.367747,Valid
2,,Stadium,916433905,Etaferahu Zelelew,200900,6742708.083,38401918.95,ACTIVE,21/06/2012,90007,6.742708,38.401919,Valid
4,,,916032188,Selemon Garo,400527,6742290.183,38407792.5,ACTIVE,21/06/2012,90027,6.74229,38.407792,Valid
4,,,9325335,Tesfaye Alito,400528,6742308.917,38407638.27,ACTIVE,21/06/2012,90027,6.742309,38.407638,Valid
5,,,934620139,Amanuel Bekele,500964,6752966.733,38407514.65,ACTIVE,21/06/2012,90007,6.752967,38.407515,Valid
5,,,916941312,Butros Tadesse,500965,6750030.367,38410178.55,ACTIVE,21/06/2012,90007,6.75003,38.410179,Valid
9,,,902240616,Melkamu Nake,900583,6749750.0,38428048.32,ACTIVE,21/06/2012,90010,6.74975,38.428048,Valid
8,,,926988319,Birhanu Debso,800385,6748405.75,38437892.17,ACTIVE,21/06/2012,90010,6.748406,38.437892,Valid
8,,,916168198,Shibre Moges,800386,6751658.183,38432794.08,ACTIVE,21/06/2012,90010,6.751658,38.432794,Valid
8,,,916942622,Zinaw Haile,800387,6751542.267,38432865.13,ACTIVE,21/06/2012,90010,6.751542,38.432865,Valid
1,,,925104911,Teshome Bifato,100983,6732490.017,38370083.03,ACTIVE,21/06/2012,90011,6.73249,38.370083,Valid
2,,Awada,934600214,Lidetu Fola,200901,6748765.983,38387672.88,ACTIVE,21/06/2012,90011,6.748766,38.387673,Valid
7,,,916160622,Selemon Shamena,700772,6747831.433,38415456.75,ACTIVE,21/06/2012,90009,6.747831,38.415457,Valid
7,,,916046553,Fitamo Findiga,700768,6752624.783,38426622.67,ACTIVE,21/06/2012,90009,6.752625,38.426623,Valid
8,,,953805942,Almaz Ututa,800388,6748643.433,38435226.4,ACTIVE,21/06/2012,90010,6.748643,38.435226,Valid
9,,,969851750,Begashaw Manaye,900584,6747914.8,38430775.73,ACTIVE,21/06/2012,90010,6.747915,38.430776,Valid
9,,,,Dereje Tumato,900585,6750674.85,38426645.42,ACTIVE,21/06/2012,90010,6.750675,38.426645,Valid
7,,,916158168,Melaku Kassa,700769,6751844.217,38421982.48,ACTIVE,24/06/2012,90009,6.751844,38.421982,Valid
4,,,,Habtamu G/Michael,400529,6744781.35,38407573.63,ACTIVE,24/06/2012,90027,6.744781,38.407574,Valid
7,,,916434408,Melkamu Matiwos,700770,6749781.383,38421303.95,ACTIVE,24/06/2012,90009,6.749781,38.421304,Valid
7,,,,Hagriso Findiga,700771,,,DISCONNECT,24/06/2012,90009,,,Missing or Invalid GPS
2,,Awada,903290758,Sara Hiluf,200902,6746006.867,38386944.1,ACTIVE,26/06/2012,90011,6.746007,38.386944,Valid
1,,,,Dawit Dangaro,100984,6740395.067,38372339.28,ACTIVE,23/07/2012,90011,6.740395,38.372339,Valid
1,,,913844920,Beyene Banata,100985,6743695.05,38370591.87,ACTIVE,24/07/2012,90011,6.743695,38.370592,Valid
1,,,916159350,Babiso Barasa,100986,6725618.333,38367568.43,ACTIVE,24/07/2012,90011,6.725618,38.367568,Valid
1,,,964005894,Milyon Uga,100987,6728785.433,38369191.75,ACTIVE,24/07/2012,90011,6.728785,38.369192,Valid
1,,,923364359,Mengistu Geramo,100988,6739116.567,38369544.95,ACTIVE,24/07/2012,90011,6.739117,38.369545,Valid
2,,Stadium,916932848,Habtamu Tesfaye,200903,6743824.683,38404667.13,ACTIVE,24/07/2012,90007,6.743825,38.404667,Valid
2,,Awada,913152187,Q/Arsema B/Christian,200904,,,DISCONNECT,24/07/2012,90011,,,Missing or Invalid GPS
2,,Stadium,916504732,Eshetu Eshne,200905,6741159.133,38403911.07,ACTIVE,24/07/2012,90007,6.741159,38.403911,Valid
1,,,,Aschienaqi Abraham,100989,6747889.533,38374372.38,ACTIVE,24/07/2012,90011,6.74789,38.374372,Valid
5,,,916779444,Belayneh Balguda,500966,6753119.817,38410055.37,ACTIVE,24/07/2012,90007,6.75312,38.410055,Valid
5,,,916165190,Sisay Gobena,500967,6754238.417,38409386.58,ACTIVE,24/07/2012,90007,6.754238,38.409387,Valid
6,,,926306274,Selemon Hanqalo,600647,6744167.417,38412997.18,DISCONNECT,24/07/2012,90009,6.744167,38.412997,Valid
6,,,934074760,Niguse Yunqura,600648,6744940.433,38412153.02,ACTIVE,24/07/2012,90009,6.74494,38.412153,Valid
6,,,916077243,Hailu Drago,600649,6743506.683,38411842.08,ACTIVE,24/07/2012,90009,6.743507,38.411842,Valid
7,,,910039035,Abera Keta,700773,6750772.033,38416881.43,ACTIVE,24/07/2012,90009,6.750772,38.416881,Valid
7,,,926051716,Zertu Beyene,700774,6751990.2,38423027.18,ACTIVE,24/07/2012,90009,6.75199,38.423027,Valid
8,,,910295940,Qafala Muqura,800394,6747993.983,38437208.78,ACTIVE,24/07/2012,90010,6.747994,38.437209,Valid
3,,,912180258,Bogale Lanqamo,300785,6750949.15,38406581.78,ACTIVE,24/07/2012,90027,6.750949,38.406582,Valid
8,,,984257786,Tsegahun Wendimu,800396,6748366.7,38437270.4,ACTIVE,24/07/2012,90010,6.748367,38.43727,Valid
8,,,939178693,Mengistu Mamo,800397,6752635.933,38430701.45,ACTIVE,24/07/2012,90010,6.752636,38.430701,Valid
8,,,954784670,Marqos Bosholla,800398,6751279.55,38432491.72,ACTIVE,24/07/2012,90010,6.75128,38.432492,Valid
8,,,,Ayelech Ilala,800399,6750159.383,38430947.83,ACTIVE,24/07/2012,90010,6.750159,38.430948,Valid
9,,,911939055,Daqamo Daye,900586,6747867.8,38429386.72,ACTIVE,24/07/2012,90010,6.747868,38.429387,Valid
9,,,916941667,Yonas Harso,900587,6747867.8,38429386.72,ACTIVE,24/07/2012,90010,6.747868,38.429387,Valid
1,,,924722900,W/Sa Alazar Barasa,100990,6746768.067,38373837.25,ACTIVE,3/9/2012,90011,6.746768,38.373837,Valid
1,,,977981096,Mame Quntisa,100991,6746578.033,38374278.55,ACTIVE,3/9/2012,90011,6.746578,38.374279,Valid
1,,,916168091,Otore Torba,100992,6751539.633,38376043.1,ACTIVE,3/9/2012,90011,6.75154,38.376043,Valid
1,,,976947675,Girma Gideso,100993,6757069.017,38376743.73,ACTIVE,39-20-12__,90011,6.757069,38.376744,Valid
1,,,924444880,Rawuda Danura ,100994,6746479.033,38375614.15,ACTIVE,39-20-12__,90011,6.746479,38.375614,Valid
1,,,954784559,Siyoum Teklu,100995,6742499.633,38373237.67,ACTIVE,3/9/2012,90011,6.7425,38.373238,Valid
1,,,916941673,Yonas Qajela,100996,6756854.85,38376706.02,ACTIVE,3/9/2012,90011,6.756855,38.376706,Valid
1,,,931393478,Taye Duqa,100997,6748462.6,38376203.02,ACTIVE,3/9/2012,90011,6.748463,38.376203,Valid
5,,,986490795,Shewaydar Kabiso,500968,6750511.117,38410657.27,ACTIVE,39/20/12__,90007,6.750511,38.410657,Valid
5,,,926362565,Yishaq Abdela,500969,6751525.6,38407815.88,ACTIVE,39/20/12__,90007,6.751526,38.407816,Valid
6,,,931816272,Beyene Bato,600650,,,DISCONNECT,3/9/2012,90009,,,Missing or Invalid GPS
7,,,913925537,Eyasu Qamiso,700775,6748597.8,38415939.35,ACTIVE,3/9/2012,90009,6.748598,38.415939,Valid
8,,,916934927,Deneqe Dangiso,800400,6751697.417,38432504.55,ACTIVE,3/9/2012,90010,6.751697,38.432505,Valid
7,,,916332147,Girma Tesfaye ,701017,6750789.317,38423430.07,ACTIVE,4/10/2012,90009,6.750789,38.42343,Valid
1,,,922674897,Midcon Engineering PLC,100998,6752165.967,38376084.52,ACTIVE,28/09/2012,90011,6.752166,38.376085,Valid
1,,,926230198,Niguse Gabiso,100999,6751605.383,38377697.77,ACTIVE,28/09/2012,90011,6.751605,38.377698,Valid
1,,,916664040,Daniya Hussein,101000,6751370.067,38376241.75,ACTIVE,28/09/2012,90011,6.75137,38.376242,Valid
1,,,916133994,Tewolde Kachara,101001,6736067.2,38370910.37,ACTIVE,28/09/2012,90011,6.736067,38.37091,Valid
1,,,919688048,Siyoum Burko,101002,6746182.333,38371040.95,ACTIVE,28/09/2012,90011,6.746182,38.371041,Valid
4,,,945633704,Tsehay Gelaw,400531,6745503.1,38407248.28,ACTIVE,28/09/2012,90027,6.745503,38.407248,Valid
7,,,954211022,Mulugeta Denbele ,700777,6752822.783,38424781.02,ACTIVE,28/09/2012,90009,6.752823,38.424781,Valid
6,,,916505158,Nur Husen ,600651,6746645.833,38411499.33,ACTIVE,28/09/2012,90009,6.746646,38.411499,Valid
6,,,911758080,Tariku Ataro,600652,6745157.183,38410805.25,DISCONNECT,28/09/2012,90009,6.745157,38.410805,Valid
7,,,911007753,Demse Muqe,700778,6750693.233,38424247.68,ACTIVE,28/09/2012,90009,6.750693,38.424248,Valid
7,,,911007753,Demre Lelamo,700779,6752667.267,38419660.47,ACTIVE,28/09/2012,90009,6.752667,38.41966,Valid
9,,,916451731,Quyu Mustafa,900588,6744775.55,38440499.55,ACTIVE,28/09/2012,90010,6.744776,38.4405,Valid
1,,,945633925,Tafese Simano,101003,6749912.5,38376191.9,ACTIVE,26/10/2012,90011,6.749912,38.376192,Valid
1,,,916164588,Ayele Adiqo,101004,6727959.2,38368438.25,ACTIVE,26/10/2012,90011,6.727959,38.368438,Valid
2,,Awada,973670708,Bekelech Gonesa,200906,6749845.0,38391462.38,ACTIVE,26/10/2012,90011,6.749845,38.391462,Valid
2,,Stadium,916306556,Meselech Beyene,200907,6742986.267,38397871.97,ACTIVE,26/10/2012,90007,6.742986,38.397872,Valid
3,,,939822730,Mekane/I/B/K/M/Mimenan Office,300751,6750281.017,38402537.35,ACTIVE,26/10/2012,90027,6.750281,38.402537,Valid
3,,,911719837,Dide Dima,300752,,,DISCONNECT,26/10/2012,90027,,,Missing or Invalid GPS
3,,,913772023,Kasech and Dagnachew Asefa,300753,6747086.133,38402940.7,ACTIVE,26/10/2012,90027,6.747086,38.402941,Valid
3,,,932708477,Abebech Meto,300754,6747743.167,38405770.57,ACTIVE,26/10/2012,90027,6.747743,38.405771,Valid
4,,,960114303,Legesse Yunqura,400532,6743272.083,38408105.2,ACTIVE,26/10/2012,90027,6.743272,38.408105,Valid
4,,,926910982,Mekonnen Haile,400533,6746695.75,38405856.45,DISCONNECT,26/10/2012,90027,6.746696,38.405856,Valid
5,,,916011987,Asefa Turuban,500970,6754902.933,38409061.15,ACTIVE,26/10/2012,90007,6.754903,38.409061,Valid
5,,,941099522,Niguse Namaro,500971,6754349.267,38408826.35,ACTIVE,26/10/2012,90007,6.754349,38.408826,Valid
7,,,953305948,Dawit Dafursa,700781,6751819.733,38421996.13,ACTIVE,26/10/2012,90009,6.75182,38.421996,Valid
8,,,946921887,Tamiru Tadesse,800403,6751270.683,38433424.37,ACTIVE,26/10/2012,90010,6.751271,38.433424,Valid
9,,,938315727,Zeyineba Shefa ,900589,6748166.15,38434964.58,ACTIVE,26/10/2012,90010,6.748166,38.434965,Valid
2,,Stadium,916434750,Tadelech Adela,200908,6744655.583,38404212.15,ACTIVE,27/11/2012,90007,6.744656,38.404212,Valid
3,,,953805553,M/I/B/Ya/M/M/Boarding Compound Girls/Dormitory,300755,6748214.2,38402130.62,ACTIVE,27/11/2012,90027,6.748214,38.402131,Valid
3,,,949114212,Mulu Balta,300756,6749139.833,38405668.4,ACTIVE,27/11/2012,90027,6.74914,38.405668,Valid
5,,,912872248,Buruk Seyid,500972,6753205.65,38413349.62,ACTIVE,27/11/2012,90007,6.753206,38.41335,Valid
5,,,911780534,Senayit Yilma ,500973,6753411.783,38413397.77,ACTIVE,27-11-2012,90007,6.753412,38.413398,Valid
8,,,926013932,Amarech Shue,800404,6746298.067,38438727.93,ACTIVE,27/11/2012,90010,6.746298,38.438728,Valid
1,,,916780119,Binta Gadana,101005,6742924.05,38375416.58,ACTIVE,27/11/2012,90011,6.742924,38.375417,Valid
2,,Awada,916504776,Alemayehu Kebede,200909,6744762.15,38386150.23,ACTIVE,27/11/2012,90011,6.744762,38.38615,Valid
2,,Stadium,926040888,Yishaq Gugo,200910,6742646.617,38404460.65,ACTIVE,27/11/2012,90007,6.742647,38.404461,Valid
4,,,916164349,Teshome Danso,400534,6742017.283,38406855.93,ACTIVE,27/11/2012,90027,6.742017,38.406856,Valid
5,,,926614341,Fiqadu Harso,500974,6753738.333,38412789.43,ACTIVE,27/11/2012,90007,6.753738,38.412789,Valid
5,,,927076930,Kifle Kidane,500975,6753351.117,38413433.87,ACTIVE,27/11/2012,90007,6.753351,38.413434,Valid
5,,,911920658,Defar Damota,500976,6753685.0,38409188.52,ACTIVE,27/11/2012,90007,6.753685,38.409189,Valid
5,,,916164733,Fikadu Mebiratu ,500977,6755728.517,38408521.23,ACTIVE,27/11/2012,90007,6.755729,38.408521,Valid
5,,,916515578,Daniel Dukale,500978,6753324.85,38410981.78,ACTIVE,27/11/2012,90007,6.753325,38.410982,Valid
5,,,916165815,Kasahun Kebede,500979,6752964.067,38413395.07,ACTIVE,27/11/2012,90007,6.752964,38.413395,Valid
5,,,916505180,Taye Tsegaye,500980,6753664.283,38413527.75,ACTIVE,27/11/2012,90007,6.753664,38.413528,Valid
7,,,937267182,Bahilawi Balcha,701084,6750193.133,38424930.83,ACTIVE,27-11-2012,90009,6.750193,38.424931,Valid
7,,,916165553,Mengistu Alto,700782,6750205.75,38424634.48,ACTIVE,27/11/2012,90009,6.750206,38.424634,Valid
7,,,916516396,Zinash Kassa,700783,6752470.767,38426612.83,ACTIVE,27/11/2012,90009,6.752471,38.426613,Valid
7,,,935939689,Jeleba Dilecha,700784,6749471.417,38420833.47,ACTIVE,27/11/2012,90009,6.749471,38.420833,Valid
8,,,911093587,Melaku Biratu,800405,6751444.05,38432045.35,ACTIVE,27/11/2012,90010,6.751444,38.432045,Valid
1,,,911996193,Amir W/Michael,101006,6752139.717,38376600.38,ACTIVE,27/11/2012,90011,6.75214,38.3766,Valid
1,,,916284267,Melaku Mekonnen,101007,6742110.467,38375196.13,ACTIVE,29/12/2012,90011,6.74211,38.375196,Valid
1,,,912069388,Eshetu Elias,101008,,,DISCONNECT,29/12/2012,90011,,,Missing or Invalid GPS
1,,,968650949,Fasika Hailu,101009,6735098.55,38370854.62,ACTIVE,29/12/2012,90011,6.735099,38.370855,Valid
1,,,916942388,Aschienaqi Belachew,101010,6746756.917,38374708.32,ACTIVE,29/12/2012,90011,6.746757,38.374708,Valid
1,,,916373561,Sisay Abebe,101011,6737010.133,38372025.58,ACTIVE,29/12/2012,90011,6.73701,38.372026,Valid
1,,,,Tilahun Marmara,101012,6744916.883,38374336.58,ACTIVE,29/12/2012,90011,6.744917,38.374337,Valid
1,,,986479235,Yohannes Chirato,101013,6742638.333,38374330.05,ACTIVE,29/12/2012,90011,6.742638,38.37433,Valid
1,,,968634732,Amos Samuel,101014,6743626.783,38373721.25,ACTIVE,29/12/2012,90011,6.743627,38.373721,Valid
1,,,916942319,Zerhun Legde,101015,6735774.083,38367894.42,ACTIVE,29/12/2012,90011,6.735774,38.367894,Valid
1,,,910131652,Mesay Elias,101016,6741525.317,38371616.37,ACTIVE,29/12/2012,90011,6.741525,38.371616,Valid
1,,,916050352,Asefa Alito,101017,6734149.933,38367688.77,ACTIVE,29/12/2012,90011,6.73415,38.367689,Valid
1,,,,Tareqegn Talo,101018,,,DISCONNECT,29/12/2012,90011,,,Missing or Invalid GPS
1,,,934042726,Shika Adela,101019,6752017.917,38376854.65,DISCONNECT,29/12/2012,90011,6.752018,38.376855,Valid
1,,,919156379,Demeqe Duresa,101020,,,TERMINATE,29/12/2012,90011,,,Missing or Invalid GPS
1,,,,Derecho Daka,101021,,,TERMINATE,29/01/2013,90011,,,Missing or Invalid GPS
1,,,932547276,Mesele Adem,101022,,,TERMINATE,29/01/2013,90011,,,Missing or Invalid GPS
1,,,911392294,Meleket Yirgu,101023,,,TERMINATE,29/01/2013,90011,,,Missing or Invalid GPS
2,,Stadium,945830815,Wendimu Debel,200911,6742499.35,38399284.82,ACTIVE,29/01/2013,90007,6.742499,38.399285,Valid
2,,Stadium,938734450,Belaynesh Toshe,200912,6742847.017,38402971.0,ACTIVE,29/01/2013,90007,6.742847,38.402971,Valid
3,,,910477225,Sanbato Wote,300757,6748154.917,38407749.57,ACTIVE,29/01/2013,90027,6.748155,38.40775,Valid
4,,,933406710,Kiyar Admamaw,400535,6748534.283,38407772.92,ACTIVE,29/01/2013,90027,6.748534,38.407773,Valid
4,,,916044070,Tibeqa Fanta,400536,6742334.8,38406822.98,ACTIVE,29/01/2013,90027,6.742335,38.406823,Valid
4,,,916165070,Bekelech Doyamo,400537,6743919.183,38406620.45,ACTIVE,29/01/2013,90027,6.743919,38.40662,Valid
4,,,916079595,Hasse Ahmed ,400538,6745194.0,38406600.0,ACTIVE,29-01-2013,90027,6.745194,38.4066,Valid
4,,,911708366,Duresa Asefa,400539,6747808.567,38408116.9,ACTIVE,29/01/2013,90027,6.747809,38.408117,Valid
4,,,938946294,Kebebush Alemu,400540,6741766.0,38407740.0,ACTIVE,29-01-2013,90027,6.741766,38.40774,Valid
5,,,925285812,Meselech Jebamo,500982,,,TERMINATE,29/01/2013,90007,,,Missing or Invalid GPS
5,,,964803661,Misale Gebiba,500983,6753972.267,38412225.1,DISCONNECT,29/01/2013,90007,6.753972,38.412225,Valid
5,,,916022201,Tesa Tefera,500984,6752578.983,38412586.32,ACTIVE,29/01/2013,90007,6.752579,38.412586,Valid
6,,,967235982,Biruktawit Tesheme,600653,6744308.1,38412195.48,ACTIVE,29/01/2013,90009,6.744308,38.412195,Valid
6,,,916152550,Melese Bifato,600654,6746547.95,38414419.28,ACTIVE,29/01/2013,90009,6.746548,38.414419,Valid
6,,,964803100,Genet Shewarega,600655,6745790.267,38410684.52,ACTIVE,29/01/2013,90009,6.74579,38.410685,Valid
7,,,910207115,Girma Qetsela,700785,6752123.15,38424668.0,ACTIVE,29/01/2013,90009,6.752123,38.424668,Valid
7,,,934019466,Demaye Dewiso,700786,6752683.333,38428202.57,ACTIVE,29/01/2013,90009,6.752683,38.428203,Valid
7,,,916073653,Kasaye Siato,700787,6749417.5,38419654.85,ACTIVE,29/01/2013,90009,6.749417,38.419655,Valid
7,,,916135850,Eyob Duguna,700788,6750160.0,38424500.0,ACTIVE,29-01-2013,90009,6.75016,38.4245,Valid
7,,,937284196,Wendmu Welde ,700789,6752285.05,38424277.53,ACTIVE,29/01/2013,90009,6.752285,38.424278,Valid
7,,,910185847,Tsegaye Yimamu,700790,6751481.317,38423239.52,ACTIVE,29/01/2013,90009,6.751481,38.42324,Valid
7,,,903470966,AManuel Andeta ,700791,6751969.983,38423661.57,ACTIVE,29/01/2013,90009,6.75197,38.423662,Valid
7,,,916810560,Simion Sirbamo Sidole,700792,6749864.5,38422620.15,ACTIVE,29/01/2013,90009,6.749865,38.42262,Valid
7,,,926208377,Wudneh W/Gebriel,700793,6752338.733,38426103.62,ACTIVE,29/01/2013,90009,6.752339,38.426104,Valid
7,,,947220807,Girma Yetera,700794,6751829.417,38426286.33,ACTIVE,29/01/2013,90009,6.751829,38.426286,Valid
7,,,976239353,Abel Jegna,700795,6751937.183,38427060.77,ACTIVE,29/01/2013,90009,6.751937,38.427061,Valid
7,,,927076579,Alemu Dangato,700796,6751993.95,38427041.92,ACTIVE,29/01/2013,90009,6.751994,38.427042,Valid
8,,,916165520,Getachew Guye,800406,6751792.333,38432508.93,ACTIVE,29/01/2013,90010,6.751792,38.432509,Valid
8,,,916170491,Debech Haile,800407,6751271.083,38430574.03,ACTIVE,29/01/2013,90010,6.751271,38.430574,Valid
8,,,936449824,Tiglu Abebe,800408,6745758.067,38440957.62,ACTIVE,29/01/2013,90010,6.745758,38.440958,Valid
8,,,916868083,Muse Etiso,800409,6751289.3,38428818.87,DISCONNECT,29/01/2013,90010,6.751289,38.428819,Valid
8,,,,Mengistu Dubale,800410,,,DISCONNECT,29/01/2013,90010,,,Missing or Invalid GPS
9,,,916923595,Abda Kedir,900590,6747457.65,38430194.45,ACTIVE,29/01/2013,90010,6.747458,38.430194,Valid
9,,,969766108,Zewde Amelo,900591,6745097.6,38441149.7,ACTIVE,29/01/2013,90010,6.745098,38.44115,Valid
9,,,913405314,Aklilu Argata,900592,6748535.667,38438043.9,ACTIVE,29/01/2013,90010,6.748536,38.438044,Valid
9,,,913494081,Tariku Kawiso,900593,6746034.35,38442757.32,ACTIVE,29/01/2013,90010,6.746034,38.442757,Valid
9,,,916375142,Rubato Yura,900594,6745152.733,38441301.03,ACTIVE,29/01/2013,90010,6.745153,38.441301,Valid
3,,,16867301,Meaza Mengistu,300758,6752447.967,38403780.02,ACTIVE,29/01/2013,90027,6.752448,38.40378,Valid
9,,,916165600,Tadele Tura,900595,6745215.6,38440702.02,ACTIVE,11/02/2013,90010,6.745216,38.440702,Valid
7,,,,Marqos Godana,700797,6752400.45,38419411.25,ACTIVE,26/02/2013,90009,6.7524,38.419411,Valid
2,,Stadium,,Genet Abay,200913,6744017.883,38400578.57,ACTIVE,27/02/2013,90007,6.744018,38.400579,Valid
1,,,939149252,Iyerusalem Bekele,101024,6756258.5,38376870.83,ACTIVE,29/02/2013,90011,6.756259,38.376871,Valid
1,,,912260524,Ashenaf Shura,101025,6743899.083,38371401.92,ACTIVE,29/02/2013,90011,6.743899,38.371402,Valid
1,,,,Tomas Haile,101026,6751477.95,38377490.83,ACTIVE,29/02/2013,90011,6.751478,38.377491,Valid
1,,,910160252,Selemon Yosef,101027,6739287.617,38370545.48,ACTIVE,29/02/2013,90011,6.739288,38.370545,Valid
1,,,989940098,Marasa Qawato,101028,6739062.867,38372214.52,ACTIVE,29/02/2013,90011,6.739063,38.372215,Valid
2,,Stadium,925747444,Kebubush Kebede,200914,6743843.433,38404024.4,ACTIVE,29/02/2013,90007,6.743843,38.404024,Valid
2,,Awada,911701415,Abota Abate,200915,6749025.95,38395092.47,ACTIVE,29/02/2013,90011,6.749026,38.395092,Valid
2,,Stadium,939623662,Samuel Sodo,200916,6745276.6,38398266.05,ACTIVE,29/02/2013,90007,6.745277,38.398266,Valid
2,,Stadium,910848683,Tamene Mareremo,200917,6745565.75,38398199.75,ACTIVE,29/02/2013,90007,6.745566,38.3982,Valid
2,,Stadium,916663725,Kebede Futane,200918,6742798.183,38403025.27,ACTIVE,29/02/2013,90007,6.742798,38.403025,Valid
3,,,925592678,Asnaqech Anebo,300759,6748405.283,38400810.88,ACTIVE,29/02/2013,90027,6.748405,38.400811,Valid
3,,,,Meaza Argata,300760,6749379.017,38407471.0,ACTIVE,29/02/2013,90027,6.749379,38.407471,Valid
4,,,911264811,Abinet Feqede,400541,6746580.633,38407960.13,ACTIVE,29/02/2013,90027,6.746581,38.40796,Valid
5,,,916066855,Choe Yunqura,500985,6752734.217,38408091.23,ACTIVE,29/02/2013,90007,6.752734,38.408091,Valid
5,,,954805545,Meskelem Tedla,500986,6749411.1,38411859.83,ACTIVE,29/02/2013,90007,6.749411,38.41186,Valid
7,,,,Zinash Alemu,700798,6751506.283,38421967.73,ACTIVE,29/02/2013,90009,6.751506,38.421968,Valid
8,,,913414077,Shalelu Burqa,800411,6744635.7,38440581.0,ACTIVE,29/02/2013,90010,6.744636,38.440581,Valid
8,,,937331219,Tefera Helso,800412,6745065.133,38441381.33,ACTIVE,29/02/2013,90010,6.745065,38.441381,Valid
8,,,916807718,Yisaq Mue,800413,6751679.25,38432708.27,ACTIVE,29/02/2013,90010,6.751679,38.432708,Valid
1,,,,Desta Buwane,101029,6738856.9,38371800.8,ACTIVE,29/02/2013,90011,6.738857,38.371801,Valid
1,,,,Derecho Daka,101030,6738529.717,38370581.9,ACTIVE,29/02/2013,90011,6.73853,38.370582,Valid
1,,,,Mesele Adem,101031,6751066.367,38377743.37,ACTIVE,29/02/2013,90011,6.751066,38.377743,Valid
1,,,,Melekot Yirgu,101032,6751253.383,38377605.57,ACTIVE,29/02/2013,90011,6.751253,38.377606,Valid
3,,,,Hiwot Moges,300761,6747109.6,38405345.08,ACTIVE,29/02/2013,90027,6.74711,38.405345,Valid
7,,,911897966,Ahimed Jabir ,700799,6750956.867,38424615.8,ACTIVE,08/03/2013,90009,6.750957,38.424616,Valid
3,,,16834820,Seyfu Woraqo,300763,6752728.95,38404362.6,ACTIVE,28/03/2013,90027,6.752729,38.404363,Valid
1,,,67696824,Belay Bekalo,101033,6742348.433,38368226.82,ACTIVE,28/03/2013,90011,6.742348,38.368227,Valid
1,,,16435449,Yeshitla Shiferaw,101034,6733617.583,38370422.02,ACTIVE,28/03/2013,90011,6.733618,38.370422,Valid
1,,,26523884,Habtamu Alemu,101035,6743177.767,38372857.52,ACTIVE,28/03/2013,90011,6.743178,38.372858,Valid
1,,,10186423,Genene Hailu,101036,6738185.217,38370802.93,ACTIVE,28/03/2013,90011,6.738185,38.370803,Valid
1,,,16372934,Mirga Amalo,101037,6748534.55,38376132.92,ACTIVE,28/03/2013,90011,6.748535,38.376133,Valid
1,,,26052971,Tadem Amalo,101038,6738649.083,38368847.27,DISCONNECT,28/03/2013,90011,6.738649,38.368847,Valid
1,,,16516984,Selemon Gidola,101039,6737900.017,38367785.32,ACTIVE,28/03/2013,90011,6.7379,38.367785,Valid
2,,Awada,16503692,Salu G/Meskel,200952,6753700.633,38390931.7,ACTIVE,28/03/2013,90011,6.753701,38.390932,Valid
1,,,16604354,Mekonnen Adunya,101041,6743626.783,38373721.25,ACTIVE,28/03/2013,90011,6.743627,38.373721,Valid
1,,,27009031,Arega Tadesse,101042,6750480.717,38377642.07,ACTIVE,28/03/2013,90011,6.750481,38.377642,Valid
3,,,948083203,Begashaw Tesfaye ,300764,6748398.8,38400889.82,ACTIVE,28/03/2013,90027,6.748399,38.40089,Valid
8,,,936447940,Melkamu Shabe,800414,6751033.017,38428731.95,ACTIVE,28/03/2013,90010,6.751033,38.428732,Valid
8,,,921618746,Mengistu Kawiso,800415,6745668.617,38439162.17,ACTIVE,28/03/2013,90010,6.745669,38.439162,Valid
9,,,38739746,Aster Riqba,900596,6747733.517,38431152.52,ACTIVE,28/03/2013,90010,6.747734,38.431153,Valid
9,,,916435456,Asfaw Worana,900597,6744865.117,38439820.78,ACTIVE,28/03/2013,90010,6.744865,38.439821,Valid
9,,,901552572,Aniwar Kedir,900598,6749062.0,38428410.0,ACTIVE,28-03-2013,90010,6.749062,38.42841,Valid
9,,,49218055,Tamiru Dangiso,900599,6748196.867,38430408.7,ACTIVE,28/03/2013,90010,6.748197,38.430409,Valid
7,,,924677507,Feleqe Gatso,700800,6752484.85,38426595.93,ACTIVE,28/03/2013,90009,6.752485,38.426596,Valid
7,,,934601429,Aklilu Elias,700801,6752209.083,38420434.62,ACTIVE,28-03-2013,90009,6.752209,38.420435,Valid
7,,,912261725,Taye Kasa Leda ,700802,6750782.133,38424868.6,ACTIVE,28/03/2013,90009,6.750782,38.424869,Valid
7,,,916866453,Tamiru Tego,700803,6751501.583,38426013.87,ACTIVE,28/03/2013,90009,6.751502,38.426014,Valid
7,,,16029212,Adem Borsamo,700804,6752893.033,38419971.57,ACTIVE,28/03/2013,90009,6.752893,38.419972,Valid
7,,,926052677,Amarech Alemayehu,700805,6753762.233,38417368.08,ACTIVE,28/03/2013,90009,6.753762,38.417368,Valid
7,,,932708453,Desalegn Lalego ,700806,6750744.517,38424847.78,ACTIVE,28/03/2013,90009,6.750745,38.424848,Valid
7,,,24888666,Worku Debiso,700807,6752856.05,38418165.87,ACTIVE,28/03/2013,90009,6.752856,38.418166,Valid
7,,,926392705,Ashenaf Wicha,700808,6752883.35,38417948.38,ACTIVE,28/03/2013,90009,6.752883,38.417948,Valid
6,,,,Meaza Tekle,600656,6746059.933,38413176.55,ACTIVE,28/03/2013,90009,6.74606,38.413177,Valid
6,,,26208586,Geremu Chirato,600657,6745400.433,38413968.2,ACTIVE,28/03/2013,90009,6.7454,38.413968,Valid
6,,,16433809,Milyon Lema,600658,6745494.95,38414215.78,ACTIVE,28/03/2013,90009,6.745495,38.414216,Valid
5,,,13848569,Tsadiqan G/Mariam,500987,,,DISCONNECT,28/03/2013,90007,,,Missing or Invalid GPS
5,,,16830092,Kassa G/Yes,500988,6749590.533,38410094.0,ACTIVE,28/03/2013,90007,6.749591,38.410094,Valid
2,,Awada,32190674,Dereje Melese,200919,6746284.5,38387007.22,ACTIVE,28/03/2013,90011,6.746284,38.387007,Valid
2,,Awada,16046583,Aynalem Dane,200920,6752573.5,38389473.23,ACTIVE,28/03/2013,90011,6.752573,38.389473,Valid
3,,,,Zemenay Muluqen,300765,,,DISCONNECT,07/04/2013,90027,,,Missing or Invalid GPS
1,,,16642488,Tefera Mengesha,101043,6740759.783,38370360.65,ACTIVE,04/05/2013,90011,6.74076,38.370361,Valid
1,,,16332222,Hamd Shema,101044,6733995.033,38367703.87,ACTIVE,04/05/2013,90011,6.733995,38.367704,Valid
1,,,16964022,Abera Shala,101045,6733986.017,38367712.48,ACTIVE,04/05/2013,90011,6.733986,38.367712,Valid
1,,,29043010,Melkamu Tsegaye,101046,6733987.533,38367784.2,ACTIVE,04/05/2013,90011,6.733988,38.367784,Valid
1,,,934234788,Seble Tsegaye,101047,6747429.683,38375780.53,ACTIVE,04/05/2013,90011,6.74743,38.375781,Valid
1,,,16134855,Mekonnen Kebede,101048,6743066.283,38373377.77,ACTIVE,04/05/2013,90011,6.743066,38.373378,Valid
1,,,45831522,Mulugeta Wendre,101049,6743365.15,38372114.73,ACTIVE,04/05/2013,90011,6.743365,38.372115,Valid
2,,Stadium,25632358,Ayele Amelo,200921,6741089.433,38403869.85,ACTIVE,04/05/2013,90007,6.741089,38.40387,Valid
2,,Awada,16868839,Abebe Shanqo,200922,6748546.917,38383770.73,ACTIVE,04/05/2013,90011,6.748547,38.383771,Valid
2,,Stadium,13425817,Maregn Mandamo,200923,6740508.283,38405550.68,DISCONNECT,04/05/2013,90007,6.740508,38.405551,Valid
5,,,35760656,Ageze Abayneh,500989,6752571.283,38411069.2,ACTIVE,04/05/2013,90007,6.752571,38.411069,Valid
6,,,66250846,Kassa Tesema,600659,,,TERMINATE,04/05/2013,90009,,,Missing or Invalid GPS
7,,,916433883,Marqos Duqaqo,700809,6752411.85,38426584.92,ACTIVE,04/05/2013,90009,6.752412,38.426585,Valid
7,,,8304494,Urago Birhanu,700810,6752818.667,38428544.93,ACTIVE,04/05/2013,90009,6.752819,38.428545,Valid
7,,,916965745,Gebiba Gesara,700811,6750151.817,38416242.92,ACTIVE,04/05/2013,90009,6.750152,38.416243,Valid
7,,,,Zewditu Temesgen,700812,6750461.767,38420569.05,ACTIVE,04/05/2013,90009,6.750462,38.420569,Valid
7,,,38621731,Co/R Teklu Derese,700813,,,DISCONNECT,04/05/2013,90009,,,Missing or Invalid GPS
7,,,910128439,Afrachew Gebre,700814,6751817.7,38421976.08,ACTIVE,04/05/2013,90009,6.751818,38.421976,Valid
7,,,,Adera Hatiya,700815,6752411.95,38419361.13,ACTIVE,04/05/2013,90009,6.752412,38.419361,Valid
7,,,974490507,Derese Chate,700816,6752326.933,38428624.1,ACTIVE,04/05/2013,90009,6.752327,38.428624,Valid
7,,,12253071,Yaqob Pawlos,700817,6752515.483,38428982.83,ACTIVE,04/05/2013,90009,6.752515,38.428983,Valid
7,,,938105337,Werkineh Kebede ,700818,6750773.417,38423620.65,ACTIVE,04-05-2013,90009,6.750773,38.423621,Valid
7,,,9400829334,Feleqe W/Yesus,700819,0.0,0.0,DISCONNECT,04/05/2013,90009,,,Missing or Invalid GPS
8,,,916103432,Daniel Doyamo,800416,6749670.8,38425697.73,ACTIVE,04-05-2013,90010,6.749671,38.425698,Valid
8,,,13331567,Selemon Petros,800417,6751002.05,38433602.15,ACTIVE,04/05/2013,90010,6.751002,38.433602,Valid
9,,,911809187,Getnet Teferi,900600,6747905.0,38436337.18,DISCONNECT,04/05/2013,90010,6.747905,38.436337,Valid
8,,,,Demeqe Duresa,800418,6752685.133,38431127.45,ACTIVE,04/05/2013,90010,6.752685,38.431127,Valid
3,,,,Gashawbeza Nigatu,300766,,,DISCONNECT,01/06/2013,90027,,,Missing or Invalid GPS
7,,,916808903,Mulu Aweqe,700820,6750602.95,38418522.53,ACTIVE,01/06/2013,90009,6.750603,38.418523,Valid
7,,,913673002,Laqew Lema,700821,6750746.75,38423369.37,ACTIVE,01/06/2013,90009,6.750747,38.423369,Valid
7,,,16332004,Hamanot Harqa,700822,6750316.367,38417041.62,DISCONNECT,01/06/2013,90009,6.750316,38.417042,Valid
7,,,966901780,Tamirat Tsegaye,700823,6752741.7,38428388.27,ACTIVE,01/06/2013,90009,6.752742,38.428388,Valid
7,,,10207111,Yosef Shibiru,700824,6749801.367,38422100.95,ACTIVE,01/06/2013,90009,6.749801,38.422101,Valid
7,,,24652346,Yohannes Galfato,700825,6752712.85,38415667.17,ACTIVE,01/06/2013,90009,6.752713,38.415667,Valid
7,,,10207120,Kifle Baramo,700826,6752128.3,38427248.5,ACTIVE,01/06/2013,90009,6.752128,38.427248,Valid
8,,,16168943,Yitagezu Beyene,800419,6751997.817,38432979.58,ACTIVE,01/06/2013,90010,6.751998,38.43298,Valid
8,,,932652428,Nadamo Latamo,800420,6751953.733,38432859.18,ACTIVE,01/06/2013,90010,6.751954,38.432859,Valid
8,,,,Kebubush Bantisha,800421,6753256.9,38432177.92,ACTIVE,01/06/2013,90010,6.753257,38.432178,Valid
8,,,16515737,Tesfaye Galfato,800422,6751397.883,38433777.3,ACTIVE,01/06/2013,90010,6.751398,38.433777,Valid
8,,,,Roman Erdachew,800423,6751335.65,38430547.73,ACTIVE,01/06/2013,90010,6.751336,38.430548,Valid
8,,,16433996,Yohannes Kunfsa,800424,6751660.55,38433453.43,ACTIVE,01/06/2013,90010,6.751661,38.433453,Valid
8,,,910160009,Kifle Kinba,800425,6745446.9,38443866.45,ACTIVE,01/06/2013,90010,6.745447,38.443866,Valid
9,,,16167611,Milqiyas Dangiso,900601,6745107.783,38442981.25,ACTIVE,01/06/2013,90010,6.745108,38.442981,Valid
9,,,16361787,Muntaha Jamal,900602,6745564.05,38442232.15,ACTIVE,01/06/2013,90010,6.745564,38.442232,Valid
9,,,24677370,Shenena Biliso,900603,6744684.133,38440609.92,ACTIVE,01/06/2013,90010,6.744684,38.44061,Valid
1,,,16163400,Duguna Dukamo,101050,6746371.933,38375773.55,ACTIVE,01/06/2013,90011,6.746372,38.375774,Valid
2,,Awada,34907780,Asnaqech Tadesse,200932,6749040.6,38394209.35,ACTIVE,01/06/2013,90011,6.749041,38.394209,Valid
1,,,35857504,Garamo Teseso,101052,6738809.583,38373654.07,ACTIVE,01/06/2013,90011,6.73881,38.373654,Valid
1,,,23364338,Binora Buamo,101053,6742154.883,38372814.52,ACTIVE,01/06/2013,90011,6.742155,38.372815,Valid
1,,,16160196,Ashenaf Tira,101054,6738784.483,38368669.85,ACTIVE,01/06/2013,90011,6.738784,38.36867,Valid
1,,,6469833,Tekle Terefe,101055,6735895.567,38367708.2,ACTIVE,01/06/2013,90011,6.735896,38.367708,Valid
1,,,16158030,Silesh Hailu,101056,6733294.25,38370156.1,ACTIVE,01/06/2013,90011,6.733294,38.370156,Valid
2,,Stadium,16866163,Tesfaye Harso,200924,6745651.35,38398601.62,ACTIVE,01/06/2013,90007,6.745651,38.398602,Valid
2,,Stadium,19694449,Melesse Marqos,200925,6753570.3,38391123.72,ACTIVE,01/06/2013,90007,6.75357,38.391124,Valid
2,,Stadium,49158334,Aregash Metenu,200926,6742960.983,38405449.93,ACTIVE,01/06/2013,90007,6.742961,38.40545,Valid
2,,Stadium,916700625,Shege Gonfa ,200927,6742396.817,38405753.17,ACTIVE,01/06/2013,90007,6.742397,38.405753,Valid
2,,Awada,34736183,Tamiru Lanqamo,200928,6748924.133,38387482.03,ACTIVE,01/06/2013,90011,6.748924,38.387482,Valid
4,,,96788912,Fiqadu Shirbeza,400577,6743016.0,38408010.0,ACTIVE,01/06/2013,90027,6.743016,38.40801,Valid
3,,,96118171,Tadelech Adela,300767,6749647.817,38405727.37,ACTIVE,01/06/2013,90027,6.749648,38.405727,Valid
3,,,16851711,Marticha Mamo,300768,6750100.317,38400462.32,ACTIVE,01/06/2013,90027,6.7501,38.400462,Valid
4,,,16965921,Dawit W/Mariam,400542,6740989.367,38407237.13,ACTIVE,01/06/2013,90027,6.740989,38.407237,Valid
4,,,82055261,Desta Wachamo,400543,6740282.883,38407130.43,ACTIVE,01/06/2013,90027,6.740283,38.40713,Valid
4,,,8943161,Worku Balango,400544,6740422.517,38407337.05,ACTIVE,01/06/2013,90027,6.740423,38.407337,Valid
4,,,910088550,Teshale Dika,400545,6740475.633,38407337.7,ACTIVE,01/06/2013,90027,6.740476,38.407338,Valid
4,,,913564863,Tsegaye Zerhun,400546,6740434.867,38407159.8,ACTIVE,01/06/2013,90027,6.740435,38.40716,Valid
4,,,13265423,Seba Malkato,400547,6743116.85,38406749.83,ACTIVE,01/06/2013,90027,6.743117,38.40675,Valid
4,,,85294366,Matiwos Arso,400548,6740433.5,38407083.88,ACTIVE,01/06/2013,90027,6.740433,38.407084,Valid
5,,,26899007,Tekalegn Samuel,500990,6754189.583,38410854.88,ACTIVE,01/06/2013,90007,6.75419,38.410855,Valid
6,,,,Askale Belachew,600660,6744455.4,38412625.38,ACTIVE,01/06/2013,90009,6.744455,38.412625,Valid
1,,,927079083,Ancha Qareso,101057,6740716.533,38375505.82,ACTIVE,30/06/2013,90011,6.740717,38.375506,Valid
1,,,13520713,Selemon Getachew,101058,6739955.983,38375248.22,ACTIVE,30/06/2013,90011,6.739956,38.375248,Valid
1,,,24685935,Tsehay Tsegaye,101059,6737821.967,38370874.3,ACTIVE,30/06/2013,90011,6.737822,38.370874,Valid
1,,,16164673,Mulugeta Ketema,101060,6740582.883,38375866.58,ACTIVE,30/06/2013,90011,6.740583,38.375867,Valid
1,,,908944793,Temesgen Anato,101061,6739161.783,38372258.73,ACTIVE,30/06/2013,90011,6.739162,38.372259,Valid
1,,,85110193,Sintahu Fute,101062,6741542.183,38370966.93,ACTIVE,30/06/2013,90011,6.741542,38.370967,Valid
1,,,30758255,Tujara Demse,101063,6742447.4,38370361.28,ACTIVE,30/06/2013,90011,6.742447,38.370361,Valid
1,,,16526765,Samuel Ataro,101064,6741893.45,38371102.08,ACTIVE,30/06/2013,90011,6.741893,38.371102,Valid
1,,,,Netsanet Meshu,101065,6748174.133,38374993.98,ACTIVE,30/06/2013,90011,6.748174,38.374994,Valid
9,,,13441317,Boche Abebe,900604,6749799.783,38427100.98,ACTIVE,30/06/2013,90010,6.7498,38.427101,Valid
9,,,926529632,Tareqegn Tamiru,900605,6748656.4,38430371.6,ACTIVE,30/06/2013,90010,6.748656,38.430372,Valid
8,,,916374671,Tesfaye Shiferaw,800426,6753058.383,38431963.17,ACTIVE,30/06/2013,90010,6.753058,38.431963,Valid
8,,,916375018,Yosef Chirato,800427,6752365.433,38430919.98,ACTIVE,30/06/2013,90010,6.752365,38.43092,Valid
8,,,41393084,Ejigayhu Debalqe,800428,6748620.05,38432869.23,ACTIVE,30/06/2013,90010,6.74862,38.432869,Valid
8,,,916165855,Degene Dukamo,800429,6752779.367,38430222.18,ACTIVE,30/06/2013,90010,6.752779,38.430222,Valid
8,,,31529461,Fiqadu Tesfaye,800430,6753018.1,38432089.1,ACTIVE,30/06/2013,90010,6.753018,38.432089,Valid
8,,,16434809,Yosef Dukamo,800431,6753049.1,38432233.83,ACTIVE,30/06/2013,90010,6.753049,38.432234,Valid
8,,,910592648,Asefa Bonora,800432,6749579.85,38425912.05,ACTIVE,30/06/2013,90010,6.74958,38.425912,Valid
7,,,16974127,Selemon Kidane,700827,6750785.45,38424851.97,ACTIVE,30/06/2013,90009,6.750785,38.424852,Valid
7,,,988104543,Asfaw Gowilo,700828,6749695.867,38425040.5,ACTIVE,30/06/2013,90009,6.749696,38.425041,Valid
7,,,982053560,Arega Barso,700829,6751405.817,38426573.15,ACTIVE,30/06/2013,90009,6.751406,38.426573,Valid
7,,,46830495,Angiso Balango,700830,6749629.483,38424474.12,ACTIVE,30/06/2013,90009,6.749629,38.424474,Valid
7,,,911915784,Bogale W/Hana,700831,0.0,0.0,DISCONNECT,30/06/2013,90009,,,Missing or Invalid GPS
7,,,916505129,Semago Tefera,700832,6751832.3,38420994.17,ACTIVE,30/06/2013,90009,6.751832,38.420994,Valid
7,,,939483466,Ashenaf Argata,700833,6749668.35,38425007.7,ACTIVE,30/06/2013,90009,6.749668,38.425008,Valid
7,,,912272050,Tesheme Frew,700834,6749812.317,38425076.97,ACTIVE,30/06/2013,90009,6.749812,38.425077,Valid
7,,,910461617,Abate Alanbo,700835,6749637.583,38424985.22,ACTIVE,30/06/2013,90009,6.749638,38.424985,Valid
7,,,16808264,Belete Betena,700836,6750264.367,38424948.9,ACTIVE,30/06/2013,90009,6.750264,38.424949,Valid
7,,,925663668,Batso Tumato,700837,6752972.8,38428827.0,ACTIVE,30/06/2013,90009,6.752973,38.428827,Valid
7,,,941839773,Mengesha Hanfato,700838,6751806.233,38418873.83,ACTIVE,30/06/2013,90009,6.751806,38.418874,Valid
6,,,,Zelalem Degene,600661,6747182.35,38408924.83,ACTIVE,30/06/2013,90009,6.747182,38.408925,Valid
5,,,16067336,Keredin Mohammed,500991,6752880.35,38414041.25,ACTIVE,30/06/2013,90007,6.75288,38.414041,Valid
5,,,989939949,Shiferaw Bekele,500992,6755634.517,38408498.28,ACTIVE,30/06/2013,90007,6.755635,38.408498,Valid
5,,,911700196,Metena Lamiso,500993,6754077.533,38410905.18,ACTIVE,30/06/2013,90007,6.754078,38.410905,Valid
5,,,916169904,Abraham Birhanu,500994,6750993.583,38408170.48,ACTIVE,30/06/2013,90007,6.750994,38.40817,Valid
4,,,16624559,Shitaye Chuche,400549,6742714.417,38408993.3,ACTIVE,30/06/2013,90027,6.742714,38.408993,Valid
7,,,977769270,Hana Zeleke,700870,6747626.85,38415573.75,ACTIVE,30/06/2013,90009,6.747627,38.415574,Valid
4,,,934735593,Mengistu Dafursa,400551,6740247.383,38406926.75,ACTIVE,30/06/2013,90027,6.740247,38.406927,Valid
4,,,16511654,Tariku Yonas,400552,6740199.35,38406529.58,ACTIVE,30/06/2013,90027,6.740199,38.40653,Valid
4,,,16503637,Kuma Dukamo,400553,6740354.833,38407211.37,ACTIVE,30/06/2013,90027,6.740355,38.407211,Valid
4,,,13265910,Mengistu Naro,400554,6740401.25,38407282.88,ACTIVE,30/06/2013,90027,6.740401,38.407283,Valid
4,,,912422220,Asfaw Sheka,400555,6740183.0,38406628.77,ACTIVE,30/06/2013,90027,6.740183,38.406629,Valid
2,,Stadium,16164504,Abayneh Wena,200974,6740216.5,38406314.6,ACTIVE,30/06/2013,90007,6.740216,38.406315,Valid
3,,,901553248,Tesema Muntasha,300769,6752371.117,38405651.32,ACTIVE,30/06/2013,90027,6.752371,38.405651,Valid
3,,,916124224,Belaynesh Habte,300770,6750557.933,38400577.85,ACTIVE,30/06/2013,90027,6.750558,38.400578,Valid
2,,Awada,910795075,Simenesh Saguye,200930,6753691.933,38391249.07,ACTIVE,30/06/2013,90011,6.753692,38.391249,Valid
1,,,,Habtamu Garsamo,101066,6737269.6,38368568.75,ACTIVE,29/07/2013,90011,6.73727,38.368569,Valid
1,,,916641559,Abraham Barasa,101067,6740712.533,38370385.23,ACTIVE,29/07/2013,90011,6.740713,38.370385,Valid
1,,,16332973,Dagim Kiya,101068,6740191.367,38372328.42,ACTIVE,29/07/2013,90011,6.740191,38.372328,Valid
3,,,916127904,Ameno Buwane,300771,6748756.1,38399257.85,ACTIVE,30/07/2013,90027,6.748756,38.399258,Valid
2,,Stadium,909494818,Talo Gomra,200931,6745105.467,38398606.48,ACTIVE,30/07/2013,90007,6.745105,38.398606,Valid
3,,,916778005,Shaleqa Tuna Buta,300772,6753641.867,38406170.28,ACTIVE,30/07/2013,90027,6.753642,38.40617,Valid
3,,,916165813,Adawa Amelo,300773,6752133.733,38403827.03,ACTIVE,30/07/2013,90027,6.752134,38.403827,Valid
3,,,942509900,Dawit Abate,300774,6750733.65,38400883.03,ACTIVE,30/07/2013,90027,6.750734,38.400883,Valid
4,,,900327544,Gezahegn Zewdu,400557,6742275.733,38408006.68,ACTIVE,30/07/2013,90027,6.742276,38.408007,Valid
7,,,910113114,Almaz Woriq,700902,6752734.2,38415908.93,ACTIVE,30/07/2013,90009,6.752734,38.415909,Valid
6,,,916813140,Asfaw Tunsisa,600662,6745282.133,38413662.72,ACTIVE,30/07/2013,90009,6.745282,38.413663,Valid
7,,,941025455,Teshele Fisa,700839,6752621.667,38424433.43,ACTIVE,30/07/2013,90009,6.752622,38.424433,Valid
7,,,924329904,Melaku Degsew,700840,6749797.883,38419659.87,ACTIVE,30/07/2013,90009,6.749798,38.41966,Valid
7,,,913418088,Tsegaye Bunkura,700841,6750818.1,38424045.55,ACTIVE,30/07/2013,90009,6.750818,38.424046,Valid
8,,,916607134,Netsanet Gebiba,800433,6751379.567,38433486.8,ACTIVE,30/07/2013,90010,6.75138,38.433487,Valid
8,,,941989767,Gesese Garo,800434,6753297.95,38431543.4,ACTIVE,30/07/2013,90010,6.753298,38.431543,Valid
8,,,,Zinabu Zerhun,800435,6753406.817,38431262.6,ACTIVE,30/07/2013,90010,6.753407,38.431263,Valid
8,,,964039946,Demesa Gurmu,800436,6748611.067,38430626.73,ACTIVE,30/07/2013,90010,6.748611,38.430627,Valid
8,,,916333045,Senbeto Shuta,800437,6753263.217,38431431.2,ACTIVE,30/07/2013,90010,6.753263,38.431431,Valid
8,,,986491366,Dawit Dikale,800438,6753517.433,38431855.58,ACTIVE,30/07/2013,90010,6.753517,38.431856,Valid
8,,,913369730,Yosef Yohannes,800439,6753554.867,38431570.73,ACTIVE,30/07/2013,90010,6.753555,38.431571,Valid
8,,,927146809,Bekele Fue,800440,6753556.367,38431708.3,ACTIVE,30/07/2013,90010,6.753556,38.431708,Valid
8,,,916515567,Melke Tahir,800441,6753368.517,38431085.6,ACTIVE,30/07/2013,90010,6.753369,38.431086,Valid
8,,,910539901,Zegeye Boshka,800442,6753504.683,38431796.33,ACTIVE,30/07/2013,90010,6.753505,38.431796,Valid
8,,,916165005,Gizaw Girma,800443,6753501.817,38431755.9,ACTIVE,30/07/2013,90010,6.753502,38.431756,Valid
8,,,916055017,Gayaso Borana,800444,6753373.317,38431143.5,ACTIVE,30/07/2013,90010,6.753373,38.431143,Valid
8,,,953361719,Bereket Dukamo,800445,6753433.067,38431741.37,ACTIVE,30/07/2013,90010,6.753433,38.431741,Valid
8,,,,Zenebech Shashamo,800446,6753456.133,38431479.22,ACTIVE,30/07/2013,90010,6.753456,38.431479,Valid
8,,,985293328,Abebe Shenkoru,800447,6753583.533,38431873.13,ACTIVE,30/07/2013,90010,6.753584,38.431873,Valid
9,,,916070644,Selemon Worku,900606,6746031.0,38437353.75,ACTIVE,30/07/2013,90010,6.746031,38.437354,Valid
4,,,,Kassa Tesema,400558,6744819.367,38407010.48,ACTIVE,30/07/2013,90027,6.744819,38.40701,Valid
8,,,,Toe Ataro,800448,6751691.117,38432540.28,ACTIVE,30/07/2013,90010,6.751691,38.43254,Valid
7,,,,Meselech Jebamo,700842,6751266.683,38422078.15,ACTIVE,30/07/2013,90009,6.751267,38.422078,Valid
1,,,904861966,Nunu Shurala,101069,6748062.183,38375170.42,ACTIVE,02/10/2013,90011,6.748062,38.37517,Valid
1,,,911748975,Yikunoamlak Melku,101070,6747484.467,38377132.4,ACTIVE,02/10/2013,90011,6.747484,38.377132,Valid
1,,,913359275,Tefera Tesheme,101071,6740103.65,38374933.62,ACTIVE,02/10/2013,90011,6.740104,38.374934,Valid
1,,,916177677,Hassen Wolde,101072,6740075.767,38375088.65,ACTIVE,02/10/2013,90011,6.740076,38.375089,Valid
1,,,913263846,Worku Desta,101073,6740032.583,38375103.07,ACTIVE,02/10/2013,90011,6.740033,38.375103,Valid
1,,,916371684,Habtamu Argiso,101074,6741526.533,38374637.93,ACTIVE,02/10/2013,90011,6.741527,38.374638,Valid
1,,,916064939,Tilahun Adale,101075,6740196.717,38374427.5,ACTIVE,02/10/2013,90011,6.740197,38.374428,Valid
1,,,913071847,Zerhun Endale,101076,6740326.733,38374611.43,ACTIVE,02/10/2013,90011,6.740327,38.374611,Valid
1,,,916100539,Belayneh Lanqamo,101077,6747884.267,38374375.97,ACTIVE,02/10/2013,90011,6.747884,38.374376,Valid
2,,Awada,908303772,Etalem Kassa,200951,6748617.0,38387445.63,ACTIVE,02/10/2013,90011,6.748617,38.387446,Valid
1,,,916152064,Silesh Getahun,101079,6751041.75,38376194.42,ACTIVE,02/10/2013,90011,6.751042,38.376194,Valid
1,,,916309698,Eliyas Legese ,101080,6742076.917,38375200.65,ACTIVE,02-10-2013,90011,6.742077,38.375201,Valid
1,,,960963452,Getachew Yilma,101081,6750136.667,38375970.33,ACTIVE,02/10/2013,90011,6.750137,38.37597,Valid
1,,,984553749,Ashagre Amano,101082,6746145.1,38371189.35,ACTIVE,02/10/2013,90011,6.746145,38.371189,Valid
1,,,982056209,Sofiya Bediru,101083,6745441.167,38376437.22,ACTIVE,02/10/2013,90011,6.745441,38.376437,Valid
1,,,916140153,Haile Mokona,101084,6737875.833,38369742.22,ACTIVE,02/10/2013,90011,6.737876,38.369742,Valid
2,,Stadium,926412736,Mitiku Ayele,200933,6744119.65,38397486.08,ACTIVE,02/10/2013,90007,6.74412,38.397486,Valid
2,,Stadium,916517446,Yisma Desalegn,200934,6744160.033,38397508.48,ACTIVE,02/10/2013,90007,6.74416,38.397508,Valid
2,,Awada,913590423,Awada Campus Haw/Wit Church ,200935,6746746.767,38387873.8,ACTIVE,02/10/2013,90011,6.746747,38.387874,Valid
2,,Stadium,910162296,Meseret Mekonnen,200936,6743762.083,38403921.37,ACTIVE,02/10/2013,90007,6.743762,38.403921,Valid
2,,Stadium,912887782,Biletsigna Chicken Farm Association Y/M,200937,6742574.75,38398828.5,ACTIVE,02/10/2013,90007,6.742575,38.398829,Valid
2,,Awada,916869892,Deberitu Teka,200938,6752782.017,38390357.78,ACTIVE,02/10/2013,90011,6.752782,38.390358,Valid
2,,Awada,912083612,Fiqadu Altaseb,200939,6747328.567,38387149.2,ACTIVE,02/10/2013,90011,6.747329,38.387149,Valid
2,,Awada,965145708,Shimeles Gideso,200940,6747938.233,38381570.3,ACTIVE,02/10/2013,90011,6.747938,38.38157,Valid
4,,,933181160,Wegayehu Begna,400559,6745138.083,38407034.5,ACTIVE,02/10/2013,90027,6.745138,38.407035,Valid
2,,Stadium,973670913,Almaz Worsango,200975,6743855.767,38404800.18,ACTIVE,02/10/2013,90007,6.743856,38.4048,Valid
4,,,912887782,Genene Agaro,400561,6745271.2,38406629.15,ACTIVE,02/10/2013,90027,6.745271,38.406629,Valid
5,,,926523810,Asnaqech Daqamo,500996,6754804.683,38409566.38,ACTIVE,02/10/2013,90007,6.754805,38.409566,Valid
5,,,916169642,Tariku Daqamo,500997,6754295.883,38411053.8,ACTIVE,02/10/2013,90007,6.754296,38.411054,Valid
6,,,985109687,Kifle Dukale,600663,6745296.133,38413627.82,ACTIVE,02/10/2013,90009,6.745296,38.413628,Valid
7,,,926614144,Mesfin Basha,700843,6750898.483,38423110.45,ACTIVE,02/10/2013,90009,6.750898,38.42311,Valid
7,,,916165052,Tafese Chasa,700844,6751831.983,38422987.78,ACTIVE,02/10/2013,90009,6.751832,38.422988,Valid
7,,,982312695,Nuredin Aliye,700845,6748249.733,38416268.43,ACTIVE,02/10/2013,90009,6.74825,38.416268,Valid
7,,,945830316,Birtukan Mitiku,700846,6747784.8,38415918.02,ACTIVE,02/10/2013,90009,6.747785,38.415918,Valid
7,,,918486972,Abeje Lingar,700847,6747786.3,38415960.5,ACTIVE,02/10/2013,90009,6.747786,38.41596,Valid
7,,,921206615,Guluma Gelana,700848,6748131.783,38416011.07,ACTIVE,02/10/2013,90009,6.748132,38.416011,Valid
7,,,916102559,Bantegze Gashu,700849,6747656.867,38415954.28,ACTIVE,02/10/2013,90009,6.747657,38.415954,Valid
7,,,916319927,Haile Tegene,700850,6748202.45,38416216.33,ACTIVE,02/10/2013,90009,6.748202,38.416216,Valid
7,,,916278644,Mesele Mengesha,700851,6749391.817,38424213.82,ACTIVE,02/10/2013,90009,6.749392,38.424214,Valid
7,,,912102299,Fikru Hailu,700852,6751937.95,38415466.73,ACTIVE,02/10/2013,90009,6.751938,38.415467,Valid
7,,,968776755,Delge Lemaro,700853,6751568.283,38428354.9,ACTIVE,02/10/2013,90009,6.751568,38.428355,Valid
7,,,916168231,Zewde Gabiso,700854,6752697.067,38424579.62,ACTIVE,02/10/2013,90009,6.752697,38.42458,Valid
7,,,910302630,Shayle Shala,700855,6752972.883,38419197.72,ACTIVE,02/10/2013,90009,6.752973,38.419198,Valid
7,,,916628405,Zerhun Birhanu,700856,6747714.7,38415960.27,ACTIVE,02/10/2013,90009,6.747715,38.41596,Valid
7,,,916955497,Bke Suncha,700857,6753625.167,38429333.18,ACTIVE,02/10/2013,90009,6.753625,38.429333,Valid
8,,,912471858,Hussein Gurume,800462,6748672.333,38431404.33,ACTIVE,02/10/2013,90010,6.748672,38.431404,Valid
8,,,947493511,Meaza Zewde,800449,6749010.95,38428722.03,ACTIVE,02/10/2013,90010,6.749011,38.428722,Valid
8,,,916067242,Dawit Lencho,800450,6751066.2,38432698.52,ACTIVE,02/10/2013,90010,6.751066,38.432699,Valid
8,,,916642780,Mansa Beqele,800451,6749139.75,38435474.0,ACTIVE,02/10/2013,90010,6.74914,38.435474,Valid
8,,,964032029,Ayele Tiya,800452,6749139.133,38435652.7,ACTIVE,02/10/2013,90010,6.749139,38.435653,Valid
8,,,926063582,Yihun Tesfaye,800453,6749093.183,38436039.5,ACTIVE,02/10/2013,90010,6.749093,38.436039,Valid
8,,,954782604,Teshome Gowalo,800454,6749171.8,38435544.07,ACTIVE,02/10/2013,90010,6.749172,38.435544,Valid
8,,,916374029,Adanech Hamaro,800455,6749077.567,38435692.28,ACTIVE,02/10/2013,90010,6.749078,38.435692,Valid
8,,,937208246,Fikre Fisa,800456,6749038.867,38435860.68,ACTIVE,02/10/2013,90010,6.749039,38.435861,Valid
8,,,934064596,Diltata Mosa,800457,6749074.267,38435955.32,ACTIVE,02/10/2013,90010,6.749074,38.435955,Valid
8,,,913545257,Mihret Tomas,800458,6746517.867,38440072.97,ACTIVE,02/10/2013,90010,6.746518,38.440073,Valid
9,,,926052610,Tsegaye Hayeso,900607,6748125.9,38456315.2,ACTIVE,02/10/2013,90010,6.748126,38.456315,Valid
9,,,916333097,Selemon Roma,900608,6744762.65,38440064.0,ACTIVE,02/10/2013,90010,6.744763,38.440064,Valid
9,,,916150311,Marqos Beqele,900609,6745034.733,38438920.2,ACTIVE,02/10/2013,90010,6.745035,38.43892,Valid
9,,,916809410,Selemon Daniel,900610,6744717.9,38440745.98,ACTIVE,02/10/2013,90010,6.744718,38.440746,Valid
1,,,968376864,daniel walana,101085,6748565.3,38374953.62,ACTIVE,05/11/2013,90011,6.748565,38.374954,Valid
2,,Stadium,916332249,Yared Wolde,200941,6740253.95,38403562.43,ACTIVE,05/11/2013,90007,6.740254,38.403562,Valid
2,,Stadium,916361765,Birhanu Siyoum,200942,6739955.15,38403594.95,ACTIVE,05/11/2013,90007,6.739955,38.403595,Valid
2,,Stadium,916164823,Meseret Atnafu,200943,6739677.067,38403373.72,ACTIVE,05/11/2013,90007,6.739677,38.403374,Valid
2,,Stadium,913971653,Hailu Feqsa,200944,6738855.733,38403251.75,ACTIVE,05/11/2013,90007,6.738856,38.403252,Valid
2,,Stadium,913564223,Legesse Roma,200945,6739642.25,38403247.87,ACTIVE,05/11/2013,90007,6.739642,38.403248,Valid
2,,Stadium,916076289,Ladiso Laqa,200946,6739782.317,38403671.97,ACTIVE,05/11/2013,90007,6.739782,38.403672,Valid
2,,Stadium,916333207,Marqos Tumicha,200947,6739365.4,38403670.53,ACTIVE,05/11/2013,90007,6.739365,38.403671,Valid
2,,Stadium,916694292,Erdachew Debso,200948,6739332.35,38403583.23,ACTIVE,05/11/2013,90007,6.739332,38.403583,Valid
2,,Stadium,916407032,Engida Hushula,200949,6739131.85,38403259.62,ACTIVE,05/11/2013,90007,6.739132,38.40326,Valid
2,,Stadium,913517528,Melese Kebede,200950,6739164.567,38403383.58,ACTIVE,05/11/2013,90007,6.739165,38.403384,Valid
2,,Stadium,916164326,Alemu Gelfato,200953,6739960.083,38404076.28,ACTIVE,05/11/2013,90007,6.73996,38.404076,Valid
2,,Stadium,916074272,Tamrat Dukamo,200954,6739295.167,38403460.73,ACTIVE,05/11/2013,90007,6.739295,38.403461,Valid
2,,Stadium,910039816,Tesfatsion Tamiru,200955,6739128.467,38403171.12,ACTIVE,05/11/2013,90007,6.739128,38.403171,Valid
2,,Stadium,984553638,Eyasu Siamo,200956,6739282.05,38403777.25,ACTIVE,05/11/2013,90007,6.739282,38.403777,Valid
2,,Stadium,916515802,Endrias Tegen,200957,6738907.933,38403907.8,ACTIVE,05/11/2013,90007,6.738908,38.403908,Valid
2,,Stadium,9320941449,Abraham Girma,200958,6739100.5,38404198.13,ACTIVE,05/11/2013,90007,6.739101,38.404198,Valid
2,,Stadium,916363212,Mandafro Sunqurta,200959,6740095.9,38404316.98,ACTIVE,05/11/2013,90007,6.740096,38.404317,Valid
2,,Stadium,916022348,Tesfaye G/Meskel,200960,6739561.4,38403043.63,ACTIVE,05/11/2013,90007,6.739561,38.403044,Valid
2,,Stadium,926527365,Demse Buyaye,200961,6739571.8,38404122.65,ACTIVE,05/11/2013,90007,6.739572,38.404123,Valid
2,,Stadium,916077360,Admasu Debesa,200962,6739103.95,38404018.22,ACTIVE,05/11/2013,90007,6.739104,38.404018,Valid
2,,Stadium,916045108,Eyasu Elias,200963,6739666.917,38403319.47,ACTIVE,05/11/2013,90007,6.739667,38.403319,Valid
2,,Stadium,916079147,Tesfaye Ashagre,200964,6739983.3,38404128.57,ACTIVE,05/11/2013,90007,6.739983,38.404129,Valid
2,,Stadium,916164915,Ashaber Muqura,200965,6739991.983,38403252.13,ACTIVE,05/11/2013,90007,6.739992,38.403252,Valid
2,,Stadium,979200966,Kifle Wena,200966,6740089.667,38404330.13,ACTIVE,05/11/2013,90007,6.74009,38.40433,Valid
2,,Stadium,924650847,Zinabu Webiso,200967,6742296.967,38398497.08,ACTIVE,05/11/2013,90007,6.742297,38.398497,Valid
2,,Stadium,9168111356,Tamrat Yaqob,200968,6739885.883,38403833.35,ACTIVE,05/11/2013,90007,6.739886,38.403833,Valid
2,,Stadium,934046860,Bedilu Ali,200969,,,DISCONNECT,05/11/2013,90007,,,Missing or Invalid GPS
2,,Stadium,939178911,Tefera Chefqe,200970,6739028.217,38404376.87,DISCONNECT,05/11/2013,90007,6.739028,38.404377,Valid
2,,Stadium,92604630,Alemitu Futane,200971,6740149.767,38403433.17,ACTIVE,05/11/2013,90007,6.74015,38.403433,Valid
3,,,912024101,Kelele Guwiso,300775,6747780.833,38407751.18,ACTIVE,05/11/2013,90027,6.747781,38.407751,Valid
5,,,967218758,Wudnesh Asefa,500998,6752957.9,38408480.5,ACTIVE,05/11/2013,90007,6.752958,38.408481,Valid
5,,,937331159,Alima Ibrahim,500999,6751562.5,38412527.35,ACTIVE,05/11/2013,90007,6.751563,38.412527,Valid
5,,,986489603,Asefa Abebe,501000,6755356.967,38408797.2,ACTIVE,05/11/2013,90007,6.755357,38.408797,Valid
7,,,925673424,Wendou Tilahun,700859,6751552.183,38425014.43,ACTIVE,05/11/2013,90009,6.751552,38.425014,Valid
7,,,916335152,Geremew Kundela,700860,6753031.3,38417838.65,ACTIVE,05/11/2013,90009,6.753031,38.417839,Valid
7,,,916516453,Tamiru Latamo,700861,6750675.9,38426137.1,ACTIVE,05/11/2013,90009,6.750676,38.426137,Valid
8,,,916504740,Desalegn Wenago,800459,6752085.2,38430979.05,ACTIVE,05/11/2013,90010,6.752085,38.430979,Valid
8,,,,Tesfaye G/Hiwot,800460,6750020.283,38428431.8,ACTIVE,05/11/2013,90010,6.75002,38.428432,Valid
8,,,916078719,Abayneh Bekele,800461,6750975.433,38433802.82,ACTIVE,05/11/2013,90010,6.750975,38.433803,Valid
9,,,916020369,Shewaye Desu,900611,6747002.05,38443851.53,ACTIVE,05/11/2013,90010,6.747002,38.443852,Valid
1,,,916165217,Beyene Belay,101086,6740786.8,38370083.68,ACTIVE,01/12/2013,90011,6.740787,38.370084,Valid
1,,,913564184,Barasa Otamo,101087,6741163.9,38372565.18,ACTIVE,01/12/2013,90011,6.741164,38.372565,Valid
1,,,964039780,Mande Hewiso,101088,6732646.0,38367914.63,ACTIVE,01/12/2013,90011,6.732646,38.367915,Valid
1,,,932546233,Ene Urqiso,101089,6743248.317,38372073.37,ACTIVE,01/12/2013,90011,6.743248,38.372073,Valid
2,,Stadium,916070265,Abebe Ayele,200976,6745349.817,38398182.02,DISCONNECT,01/12/2013,90007,6.74535,38.398182,Valid
2,,Stadium,916065339,Tilahun Tuke,200977,6740204.433,38406360.97,ACTIVE,01/12/2013,90007,6.740204,38.406361,Valid
2,,Stadium,913533326,Efrem Kassa,200978,6742700.9,38401929.23,ACTIVE,01/12/2013,90007,6.742701,38.401929,Valid
2,,Stadium,916164658,Demeqe Degife,200979,6739875.85,38403375.18,ACTIVE,01/12/2013,90007,6.739876,38.403375,Valid
2,,Stadium,937270161,Negash Bantirga ,200980,6742332.683,38403744.97,ACTIVE,01/12/2013,90007,6.742333,38.403745,Valid
3,,,916828719,Yimenashu Hailu,300776,,,DISCONNECT,01/12/2013,90027,,,Missing or Invalid GPS
4,,,916415583,Meseret Bekele,400562,6746405.833,38408071.6,DISCONNECT,01/12/2013,90027,6.746406,38.408072,Valid
4,,,902554660,Yisma Gurbayhu,400563,6742662.533,38407340.83,ACTIVE,01/12/2013,90027,6.742663,38.407341,Valid
5,,,916641912,Yosef Debela,501001,6752652.033,38414818.47,ACTIVE,01/12/2013,90007,6.752652,38.414818,Valid
5,,,934233287,Kifle Kia,501002,6752303.75,38413843.68,ACTIVE,01/12/2013,90007,6.752304,38.413844,Valid
5,,,916167917,Esayas Kayeso,501003,6752450.267,38414471.85,ACTIVE,01/12/2013,90007,6.75245,38.414472,Valid
5,,,916498736,Ahmed Nuri,501004,6752815.033,38408038.4,ACTIVE,01/12/2013,90007,6.752815,38.408038,Valid
6,,,977768680,Bedilu Garsamo,600664,6745529.617,38412292.52,DISCONNECT,01/12/2013,90009,6.74553,38.412293,Valid
7,,,986489323,Mulu Aman,700862,6750955.083,38418627.13,ACTIVE,01/12/2013,90009,6.750955,38.418627,Valid
7,,,916040158,Birhanu Biliso,700863,6750406.7,38421395.55,ACTIVE,01/12/2013,90009,6.750407,38.421396,Valid
7,,,902937678,Dabaro Dansamo,700864,6751891.25,38422228.72,ACTIVE,01/12/2013,90009,6.751891,38.422229,Valid
7,,,916167588,Ashenaf Beyene,700865,6753172.133,38424236.05,ACTIVE,01/12/2013,90009,6.753172,38.424236,Valid
7,,,924496799,Turgamo Tunsisa,700866,6749732.217,38420605.43,ACTIVE,01/12/2013,90009,6.749732,38.420605,Valid
7,,,988106344,Birqnesh Tefera,700867,6752038.15,38423418.95,ACTIVE,01/12/2013,90009,6.752038,38.423419,Valid
7,,,913249671,Getahun Niguse,700868,6748135.8,38415997.45,ACTIVE,01/12/2013,90009,6.748136,38.415997,Valid
7,,,916516399,Israel Bogale,700869,6753042.233,38424585.65,ACTIVE,01/12/2013,90009,6.753042,38.424586,Valid
9,,,916043777,Dawit Megaro,900612,6747365.283,38446718.6,ACTIVE,01/12/2013,90010,6.747365,38.446719,Valid
9,,,1916503691,Tomas Qitesa,900613,6748971.017,38426800.4,ACTIVE,01/12/2013,90010,6.748971,38.4268,Valid
9,,,908159319,Alemayehu G/Medhin,900614,6747109.433,38436715.7,ACTIVE,01/12/2013,90010,6.747109,38.436716,Valid
9,,,932554679,Melcha Wariyo,900615,6751501.283,38432003.78,ACTIVE,01/12/2013,90010,6.751501,38.432004,Valid
2,,Stadium,,Ashenaf Abera,200981,,,DISCONNECT,04/02/2014,90007,,,Missing or Invalid GPS
1,,,916854927,Melaku Mengesha,101090,6739736.717,38370018.12,ACTIVE,10/02/2014,90011,6.739737,38.370018,Valid
1,,,941099455,Tsega Tabato,101091,6743179.033,38373166.35,ACTIVE,10/02/2014,90011,6.743179,38.373166,Valid
1,,,910707956,Ermiyas Kayamo,101092,6741019.1,38370631.68,ACTIVE,10/02/2014,90011,6.741019,38.370632,Valid
1,,,,Nigist Abebe,101093,6740262.867,38372319.93,ACTIVE,10/02/2014,90011,6.740263,38.37232,Valid
1,,,916981275,Milqiyas Filate,101094,6743707.333,38370599.85,ACTIVE,10/02/2014,90011,6.743707,38.3706,Valid
1,,,916055990,Mengistu Dafursa,101095,6736026.533,38368116.77,ACTIVE,10/02/2014,90011,6.736027,38.368117,Valid
1,,,968625701,Dasa Yunqura,101096,6725537.35,38367540.22,ACTIVE,10/02/2014,90011,6.725537,38.36754,Valid
1,,,916316374,Selemon Seyfu,101097,6744102.283,38371783.43,ACTIVE,10/02/2014,90011,6.744102,38.371783,Valid
1,,,954804475,Deneqe Negash,101098,6743313.983,38375835.22,ACTIVE,10/02/2014,90011,6.743314,38.375835,Valid
2,,Stadium,916375157,Arega Hayeso,200982,6740307.383,38406434.73,ACTIVE,11/02/2014,90007,6.740307,38.406435,Valid
2,,Stadium,916923604,Niguse Tomas,200983,6740077.9,38405763.82,ACTIVE,11/02/2014,90007,6.740078,38.405764,Valid
2,,Stadium,922161768,Tadele Tesfaye,200984,6740227.417,38403195.2,ACTIVE,11/02/2014,90007,6.740227,38.403195,Valid
2,,Awada,926392594,Moges Mekonnen,200985,6748366.4,38382233.33,ACTIVE,11/02/2014,90011,6.748366,38.382233,Valid
2,,Stadium,913279084,Wude Manaye,200986,,,DISCONNECT,11/02/2014,90007,,,Missing or Invalid GPS
2,,Stadium,916046405,Taye Teshome,200987,6744186.233,38397624.22,ACTIVE,11/02/2014,90007,6.744186,38.397624,Valid
2,,Stadium,916663728,Alemayehu Argiso,200988,6740860.7,38403295.37,ACTIVE,11/02/2014,90007,6.740861,38.403295,Valid
2,,Awada,916164394,Admasu Selemon,200989,6751184.783,38379865.32,DISCONNECT,11/02/2014,90011,6.751185,38.379865,Valid
2,,Awada,967697518,Amare Boku,200990,6749497.733,38381465.38,ACTIVE,11/02/2014,90011,6.749498,38.381465,Valid
2,,Awada,909745451,Melkamu Lamiso,200991,6745977.567,38386485.0,ACTIVE,11/02/2014,90011,6.745978,38.386485,Valid
2,,Stadium,916807916,Esayas Mengistu,200992,6744962.95,38398211.0,ACTIVE,11/02/2014,90007,6.744963,38.398211,Valid
2,,Stadium,916152187,Qidist Arsema,200993,6746245.1,38404977.62,ACTIVE,11/02/2014,90007,6.746245,38.404978,Valid
2,,Stadium,916516433,Ashenafi Abera,200994,6742815.95,38403194.48,ACTIVE,11/02/2014,90007,6.742816,38.403194,Valid
3,,,912204411,Tongola Torba,300777,6753249.867,38406005.93,ACTIVE,11/02/2014,90027,6.75325,38.406006,Valid
3,,,932154655,Bekele Ayele,300778,6750470.05,38404217.62,ACTIVE,11/02/2014,90027,6.75047,38.404218,Valid
3,,,968650556,Tsehay Tamiru,300779,0.0,0.0,DISCONNECT,11/02/2014,90027,,,Missing or Invalid GPS
4,,,906515698,Belaynesh Haile,400564,6744038.6,38408167.75,ACTIVE,11/02/2014,90027,6.744039,38.408168,Valid
4,,,938973135,Almaz Yohannes,400565,6746422.1,38406534.35,ACTIVE,11/02/2014,90027,6.746422,38.406534,Valid
4,,,932708473,Ali Kedir,400566,6745363.633,38406668.68,ACTIVE,11/02/2014,90027,6.745364,38.406669,Valid
4,,,,Yirgalem Mekonnen,400567,6747271.933,38408241.82,ACTIVE,11/02/2014,90027,6.747272,38.408242,Valid
5,,,932555009,Melkamu Degife,501005,6755259.4,38408625.18,ACTIVE,11/02/2014,90007,6.755259,38.408625,Valid
5,,,916164692,Abera Bute,501006,6754349.067,38409246.18,ACTIVE,11/02/2014,90007,6.754349,38.409246,Valid
5,,,911758080,Tariku Ataro,501007,6750330.5,38407421.68,DISCONNECT,11/02/2014,90007,6.75033,38.407422,Valid
7,,,916808270,Kirubel Kasahun,700903,6750533.317,38420242.58,ACTIVE,11/02/2014,90009,6.750533,38.420243,Valid
5,,,925649198,Melaku Nema ,501009,6753783.133,38411290.38,ACTIVE,11/02/2014,90007,6.753783,38.41129,Valid
5,,,916165886,Bekele Ragasa,501010,6752706.2,38411923.1,ACTIVE,11/02/2014,90007,6.752706,38.411923,Valid
6,,,916164920,Wederiyilesh W/Giorgis,600665,6747087.183,38408111.67,ACTIVE,11/02/2014,90009,6.747087,38.408112,Valid
7,,,968645322,Tesema Shamena,700871,6752372.517,38420052.58,ACTIVE,11/02/2014,90009,6.752373,38.420053,Valid
7,,,916595281,Muluqen Senbeto,700872,6749344.283,38424186.2,ACTIVE,11/02/2014,90009,6.749344,38.424186,Valid
7,,,931381361,Guta Gonfa,700873,6747592.65,38416018.4,ACTIVE,11/02/2014,90009,6.747593,38.416018,Valid
7,,,916054594,Tesheme Tesfaye,700874,6750472.75,38420197.57,ACTIVE,11/02/2014,90009,6.750473,38.420198,Valid
7,,,911780136,Lelamo Gana,700875,6748994.183,38415686.9,ACTIVE,11/02/2014,90009,6.748994,38.415687,Valid
7,,,945628716,Mamo Borsamo,700876,6753777.083,38416962.75,ACTIVE,11/02/2014,90009,6.753777,38.416963,Valid
7,,,913464910,Fikre Marmo,700877,6751243.15,38425522.42,ACTIVE,11/02/2014,90009,6.751243,38.425522,Valid
7,,,916808800,Tsegaye Hatiso,700878,6749725.833,38421981.08,ACTIVE,11/02/2014,90009,6.749726,38.421981,Valid
7,,,916374681,Tsiyon Ageze,700879,6751856.033,38419342.07,ACTIVE,11/02/2014,90009,6.751856,38.419342,Valid
7,,,911719142,Mohammed Abdi,700880,6749359.5,38419189.4,ACTIVE,11/02/2014,90009,6.749359,38.419189,Valid
7,,,908442754,Zerhun Sisay,700881,6750768.933,38424888.78,ACTIVE,11/02/2014,90009,6.750769,38.424889,Valid
7,,,,Getu Garsamo,700882,6749331.433,38419657.87,ACTIVE,11/02/2014,90009,6.749331,38.419658,Valid
7,,,968775767,Daniel Bekele,700883,6752255.7,38421303.7,ACTIVE,11/02/2014,90009,6.752256,38.421304,Valid
7,,,931105250,Bizunesh Deneqe,700884,6749336.717,38419644.0,ACTIVE,11/02/2014,90009,6.749337,38.419644,Valid
7,,,916190494,Mindaye W/Giorgis,700885,6750855.417,38417473.65,ACTIVE,11/02/2014,90009,6.750855,38.417474,Valid
8,,,916101774,Abebayu Sintayew,800463,6747528.167,38437751.75,ACTIVE,11/02/2014,90010,6.747528,38.437752,Valid
8,,,912471858,Hussein Gurume,800464,,,DISCONNECT,11/02/2014,90010,,,Missing or Invalid GPS
8,,,936903603,Medihanit Danole,800465,6750708.4,38433312.4,ACTIVE,11/02/2014,90010,6.750708,38.433312,Valid
9,,,954806029,Mulugeta Babiso,900616,6749277.633,38437434.72,ACTIVE,11/02/2014,90010,6.749278,38.437435,Valid
9,,,916811369,Ashenafi Haile,900617,6747560.65,38447104.45,ACTIVE,11/02/2014,90010,6.747561,38.447104,Valid
9,,,989152595,Feleqe Ashenafi,900618,6747300.45,38446541.15,ACTIVE,11/02/2014,90010,6.7473,38.446541,Valid
9,,,916374958,Alebachew Alemayehu,900619,6747979.033,38430850.97,DISCONNECT,11/02/2014,90010,6.747979,38.430851,Valid
9,,,931444197,Amsale Alemu,900620,6748092.767,38435191.5,ACTIVE,11/02/2014,90010,6.748093,38.435192,Valid
1,,,916305641,Hussein Shali,101099,6747078.35,38377143.4,ACTIVE,01/03/2014,90011,6.747078,38.377143,Valid
1,,,,Asefa Tilahun,101100,6743346.983,38372174.27,DISCONNECT,01/03/2014,90011,6.743347,38.372174,Valid
1,,,968599792,Tamiru Doyamo,101101,6736103.617,38370984.68,ACTIVE,01/03/2014,90011,6.736104,38.370985,Valid
2,,Stadium,916315384,Gashaw Kebede,200995,6739217.65,38403434.62,ACTIVE,01/03/2014,90007,6.739218,38.403435,Valid
3,,,912136343,Mechal Worku,300780,6748345.333,38403526.07,ACTIVE,01/03/2014,90027,6.748345,38.403526,Valid
3,,,916942654,Tomas Gobaro,300781,6753542.867,38405888.28,ACTIVE,01/03/2014,90027,6.753543,38.405888,Valid
3,,,939170847,Aynalem Gezahegn,300782,6747779.533,38405593.43,ACTIVE,01/03/2014,90027,6.74778,38.405593,Valid
3,,,967218908,Jamal Kedir,300783,6750609.417,38400432.58,ACTIVE,01/03/2014,90027,6.750609,38.400433,Valid
3,,,913687099,Qidist Tamrat,300784,6746949.65,38404332.98,ACTIVE,01/03/2014,90027,6.74695,38.404333,Valid
5,,,916044554,Shamena Shalmo,501011,6752461.317,38413885.15,ACTIVE,01/03/2014,90007,6.752461,38.413885,Valid
4,,,925105047,Gafato Gagura,400583,6742851.217,38408931.75,ACTIVE,01/03/2014,90027,6.742851,38.408932,Valid
7,,,964948658,Nuritu Hussein,700886,6749305.733,38419621.45,ACTIVE,01/03/2014,90009,6.749306,38.419621,Valid
8,,,913193742,Zeleke Matiwos,800476,6751417.383,38431067.22,ACTIVE,01/03/2014,90010,6.751417,38.431067,Valid
9,,,916082990,Tsegaye Basha,900640,6750418.567,38426451.95,ACTIVE,01/03/2014,90010,6.750419,38.426452,Valid
7,,,910619458,Anteneh Tesfaye,700889,6750752.067,38424881.2,ACTIVE,01/03/2014,90009,6.750752,38.424881,Valid
7,,,916807928,Ramato Qasim,700890,6751421.367,38426447.6,ACTIVE,01/03/2014,90009,6.751421,38.426448,Valid
1,,,910837433,Fikru Desta,101102,6742104.383,38375191.88,ACTIVE,06/05/2014,90011,6.742104,38.375192,Valid
1,,,926958085,Ashene Abraham,101103,6744891.617,38375886.0,ACTIVE,06/05/2014,90011,6.744892,38.375886,Valid
1,,,978920720,Desta Simano,101104,6728210.633,38368439.7,ACTIVE,06/05/2014,90011,6.728211,38.36844,Valid
1,,,945830067,Tamrat Zewde,101105,6735636.333,38368248.42,ACTIVE,06/05/2014,90011,6.735636,38.368248,Valid
1,,,916433911,Alemu Simano,101106,6736008.0,38368566.97,ACTIVE,06/05/2014,90011,6.736008,38.368567,Valid
1,,,911978497,Yasin Bushura,101107,6731669.133,38371100.9,ACTIVE,06/05/2014,90011,6.731669,38.371101,Valid
1,,,916332046,Birhanu Bisawu,101108,6734344.917,38370278.83,ACTIVE,06/05/2014,90011,6.734345,38.370279,Valid
1,,,916075985,Mengistu Kebede,101109,,,TERMINATE,06/05/2014,90011,,,Missing or Invalid GPS
1,,,916332256,Natan Gebiba,101110,6748041.517,38376019.55,ACTIVE,06/05/2014,90011,6.748042,38.37602,Valid
1,,,916164246,Mengistu Qororo,101111,6745008.85,38375978.45,ACTIVE,06-05-2014,90011,6.745009,38.375978,Valid
2,,Stadium,913204879,Sintayew Hailu,200996,6744617.333,38404038.97,ACTIVE,06/05/2014,90007,6.744617,38.404039,Valid
3,,,966477761,Yewalashet Tamrat,300801,6750605.3,38401398.47,ACTIVE,06/05/2014,90027,6.750605,38.401398,Valid
3,,,916810240,Mesfin Mengesha,300786,6748150.233,38407289.02,ACTIVE,06/05/2014,90027,6.74815,38.407289,Valid
3,,,916035610,Qetsela Shora,300787,6750500.567,38401420.17,ACTIVE,06/05/2014,90027,6.750501,38.40142,Valid
3,,,927153168,Mirtnesh Ashefa,300788,,,DISCONNECT,06/05/2014,90027,,,Missing or Invalid GPS
4,,,924443373,Ayele Direso,400568,6744694.05,38406856.38,ACTIVE,06/05/2014,90027,6.744694,38.406856,Valid
5,,,913641848,Kasech Gugo,501012,6753940.0,38410880.0,ACTIVE,06-05-2014,90007,6.75394,38.41088,Valid
7,,,938858190,Muntaha Hussein,700892,6752107.2,38425025.88,ACTIVE,06/05/2014,90009,6.752107,38.425026,Valid
7,,,916030705,Endale Bonse,700893,6751626.133,38425597.07,ACTIVE,06/05/2014,90009,6.751626,38.425597,Valid
7,,,945830905,Milyon Danole,700894,6749942.183,38418890.2,ACTIVE,06/05/2014,90009,6.749942,38.41889,Valid
7,,,911904162,Tofiq Bargicho,700895,6750827.417,38424856.23,ACTIVE,06/05/2014,90009,6.750827,38.424856,Valid
7,,,916860842,Abayneh Hobasa,700896,6753410.55,38416899.33,ACTIVE,06/05/2014,90009,6.753411,38.416899,Valid
8,,,916516977,Alemayehu Alengo,800467,6752117.317,38433480.52,ACTIVE,06/05/2014,90010,6.752117,38.433481,Valid
8,,,916435212,Metshet Tafese,800468,6752368.683,38433084.45,ACTIVE,06/05/2014,90010,6.752369,38.433084,Valid
8,,,928385415,Mesay Bogale,800469,6751718.933,38433834.82,ACTIVE,06/05/2014,90010,6.751719,38.433835,Valid
8,,,916170491,Tsegaye Kebede,800470,6750528.15,38433532.92,ACTIVE,06/05/2014,90010,6.750528,38.433533,Valid
8,,,972821929,Debebe Desalegn,800471,6750355.567,38433895.32,ACTIVE,06/05/2014,90010,6.750356,38.433895,Valid
8,,,916169923,Belay Barsamo,800472,6752319.75,38433310.7,ACTIVE,06/05/2014,90010,6.75232,38.433311,Valid
9,,,938075672,Aynalem Bogale,900621,6746703.467,38437414.73,ACTIVE,06/05/2014,90010,6.746703,38.437415,Valid
9,,,949613774,Mengistu Unquro,900622,6745325.1,38437632.92,ACTIVE,06/05/2014,90010,6.745325,38.437633,Valid
9,,,916057044,Matiwos Mansa,900623,6753112.083,38432014.68,ACTIVE,06/05/2014,90010,6.753112,38.432015,Valid
9,,,916332137,Beshir Otso,900624,6751882.517,38433039.45,ACTIVE,06/05/2014,90010,6.751883,38.433039,Valid
9,,,977358497,Petros Gugo,900625,6746040.533,38436483.08,ACTIVE,06/05/2014,90010,6.746041,38.436483,Valid
9,,,932878061,Tamiru Kebede,900626,6746082.517,38437696.97,ACTIVE,06/05/2014,90010,6.746083,38.437697,Valid
9,,,,Selemon Wachamo,900627,6749368.3,38426878.53,ACTIVE,06/05/2014,90010,6.749368,38.426879,Valid
1,,,916434414,Dawit Yohannes,101112,6731746.733,38370750.83,ACTIVE,06/05/2014,90011,6.731747,38.370751,Valid
1,,,916305679,Masresha Balango,101113,6731618.233,38370971.8,ACTIVE,06/05/2014,90011,6.731618,38.370972,Valid
1,,,925342562,Haj Balko,101114,6731650.483,38371099.45,ACTIVE,06/05/2014,90011,6.73165,38.371099,Valid
4,,,910334741,Tikikl Kibiru,400569,6744560.817,38406374.53,ACTIVE,06/05/2014,90027,6.744561,38.406375,Valid
7,,,916165205,Selemon Dukamo,700897,0.0,0.0,DISCONNECT,06/05/2014,90009,,,Missing or Invalid GPS
7,,,916165909,Niguse Senkato,700898,6752352.75,38428469.2,ACTIVE,06/05/2014,90009,6.752353,38.428469,Valid
7,,,910698444,Tegen Tesfaye Bursa,700899,6751487.55,38427696.97,ACTIVE,06/05/2014,90009,6.751488,38.427697,Valid
1,,,912920947,Daniel Dafar,101115,6735980.45,38368700.67,ACTIVE,28/05/2014,90011,6.73598,38.368701,Valid
2,,Awada,918997783,Nel Karsa,200998,6744576.867,38386093.12,ACTIVE,28/05/2014,90011,6.744577,38.386093,Valid
4,,,916830240,Agenew Firde,400570,6745389.767,38406727.42,ACTIVE,28/05/2014,90027,6.74539,38.406727,Valid
5,,,916866426,Tamiru Haqamo,501013,6753884.783,38411078.15,ACTIVE,28/05/2014,90007,6.753885,38.411078,Valid
7,,,911552294,Yirgu Itamo,700904,6749331.35,38416457.05,ACTIVE,28/05/2014,90009,6.749331,38.416457,Valid
8,,,925733017,Tombolla Tesfaye,800488,6751205.533,38429126.3,ACTIVE,28/05/2014,90010,6.751206,38.429126,Valid
7,,,987847905,Tamirat Yawo,700901,6749366.917,38424189.87,ACTIVE,28-05-2014,90009,6.749367,38.42419,Valid
8,,,934719403,Getamesay Fiqadu,800473,6753401.767,38430991.53,ACTIVE,28/05/2014,90010,6.753402,38.430992,Valid
8,,,926898545,Tadesse Hatiya,800474,6752733.667,38430793.03,ACTIVE,28/05/2014,90010,6.752734,38.430793,Valid
8,,,926614418,Daniel Siamo,800475,6752494.583,38433121.78,ACTIVE,28/05/2014,90010,6.752495,38.433122,Valid
9,,,910425064,Hailu Yohannes,900628,6744712.067,38440765.87,ACTIVE,28/05/2014,90010,6.744712,38.440766,Valid
9,,,926614369,Asefa Tunsisa,900629,6746046.55,38437486.07,ACTIVE,28/05/2014,90010,6.746047,38.437486,Valid
1,,,968624167,Tesheme Dotora,101116,6739437.217,38370810.8,ACTIVE,29/06/2014,90011,6.739437,38.370811,Valid
1,,,934338216,Shimeles Gurbe,101117,6739033.167,38372309.6,ACTIVE,29/06/2014,90011,6.739033,38.37231,Valid
1,,,924776006,Adane Tesema,101118,6742707.517,38371199.03,ACTIVE,29/06/2014,90011,6.742708,38.371199,Valid
1,,,911485721,Mehari Minwiyolet No.1,101119,6751051.033,38376113.43,ACTIVE,29/06/2014,90011,6.751051,38.376113,Valid
1,,,911485721,Mehari Minwiyolet No.2,101120,6750923.383,38376071.23,ACTIVE,29/06/2014,90011,6.750923,38.376071,Valid
1,,,967219411,Ayele Adesa,101121,6746970.3,38370919.05,ACTIVE,29/06/2014,90011,6.74697,38.370919,Valid
1,,,916923572,Habtamu Getu,101122,6739805.083,38370030.63,ACTIVE,29/06/2014,90011,6.739805,38.370031,Valid
1,,,916186789,Mengesha Duguna,101123,6748499.667,38373507.33,DISCONNECT,29/06/2014,90011,6.7485,38.373507,Valid
1,,,924677593,Yosef Mekuria,101124,6738317.417,38368581.53,ACTIVE,29/06/2014,90011,6.738317,38.368582,Valid
1,,,925729034,Melese Alemu,101125,6740924.133,38371144.72,ACTIVE,29/06/2014,90011,6.740924,38.371145,Valid
1,,,916332102,Basre Bebera,101126,6741721.6,38370346.72,ACTIVE,29/06/2014,90011,6.741722,38.370347,Valid
1,,,962565879,Desalegn Bushura,101127,6735676.7,38368679.8,ACTIVE,29/06/2014,90011,6.735677,38.36868,Valid
1,,,949509158,Tigist Girma,101128,6748539.833,38377071.47,ACTIVE,29/06/2014,90011,6.74854,38.377071,Valid
1,,,916373799,W/Senbet Hobuye,101129,6731115.667,38368943.72,ACTIVE,29/06/2014,90011,6.731116,38.368944,Valid
1,,,987242894,Aregagn Ashenaf,101130,6738998.8,38367982.0,ACTIVE,29/06/2014,90011,6.738999,38.367982,Valid
2,,Awada,910876968,Y/A/M/H/Medhaniyalem Church,200999,6752810.583,38389352.45,ACTIVE,29/06/2014,90011,6.752811,38.389352,Valid
2,,Stadium,916031003,Abenezer Abera,201000,6743719.567,38397872.2,ACTIVE,29/06/2014,90007,6.74372,38.397872,Valid
2,,Awada,974504248,Tsegaw Asmelash,201001,6747422.967,38386915.77,ACTIVE,29/06/2014,90011,6.747423,38.386916,Valid
2,,Awada,,Sinqnesh Begashaw,201002,6748766.667,38387681.53,ACTIVE,29/06/2014,90011,6.748767,38.387682,Valid
2,,Stadium,912174366,Yosef Galfato,201003,6743084.217,38403107.95,ACTIVE,29/06/2014,90007,6.743084,38.403108,Valid
2,,Awada,911064686,02 Qebele Hospital Qebele Hall,201004,6751384.067,38391931.25,ACTIVE,29/06/2014,90011,6.751384,38.391931,Valid
2,,Stadium,984176262,Dora Doba,201005,6745259.5,38398130.35,ACTIVE,29/06/2014,90007,6.74526,38.39813,Valid
2,,Awada,916136047,Kurabachew Adisu,201006,6751186.767,38380556.3,ACTIVE,29/06/2014,90011,6.751187,38.380556,Valid
3,,,911711934,Sharow Wubshet,300789,6749928.533,38407228.83,ACTIVE,29/06/2014,90027,6.749929,38.407229,Valid
3,,,916165358,Seble Bogale,300790,6747896.333,38403197.13,ACTIVE,29/06/2014,90027,6.747896,38.403197,Valid
4,,,916504596,Fanaye T/Mariam,400571,6742655.833,38406950.55,ACTIVE,29/06/2014,90027,6.742656,38.406951,Valid
4,,,916580488,Mihret Zenebe,400572,6744854.383,38406950.57,ACTIVE,29/06/2014,90027,6.744854,38.406951,Valid
4,,,916168116,Legesse Gadana,400573,6743664.417,38406804.48,ACTIVE,29/06/2014,90027,6.743664,38.406804,Valid
5,,,980390699,Qelemu Mekete,501014,6754028.0,38410250.0,ACTIVE,29-06-2014,90007,6.754028,38.41025,Valid
5,,,911031661,Zerhun Bunaye,501015,6753964.583,38412109.03,ACTIVE,29/06/2014,90007,6.753965,38.412109,Valid
5,,,916964839,Fikirte Taye,501016,6750480.35,38413395.83,ACTIVE,29/06/2014,90007,6.75048,38.413396,Valid
5,,,908942603,Getachew Chuchura,501017,6753014.733,38413340.12,ACTIVE,29/06/2014,90007,6.753015,38.41334,Valid
5,,,913012210,Tamrat Abebe,501018,6754054.767,38411559.12,ACTIVE,29/06/2014,90007,6.754055,38.411559,Valid
6,,,926802673,Teferi Lanqamo,600678,6743621.983,38409634.63,ACTIVE,29/06/2014,90009,6.743622,38.409635,Valid
5,,,913482860,Tefera Tesema,501024,6751561.017,38413906.67,ACTIVE,29/06/2014,90007,6.751561,38.413907,Valid
6,,,939196531,Alemayehu Deneqe,600667,6744946.25,38411349.9,ACTIVE,29/06/2014,90009,6.744946,38.41135,Valid
7,,,968432810,Amarech Abebe,701043,6752726.183,38415799.5,ACTIVE,29/06/2014,90009,6.752726,38.415799,Valid
6,,,923767642,Endale Shifa,600669,6743817.6,38409322.15,ACTIVE,29/06/2014,90009,6.743818,38.409322,Valid
6,,,91664655,Frew Ashenafi,600670,6745984.95,38411294.92,ACTIVE,29/06/2014,90009,6.745985,38.411295,Valid
6,,,926196104,Israel Argeta,600671,6744344.133,38413206.32,ACTIVE,29/06/2014,90009,6.744344,38.413206,Valid
4,,,901503643,Daniel Ashango,400580,6743164.367,38408865.03,ACTIVE,29/06/2014,90027,6.743164,38.408865,Valid
8,,,916164800,Getachew Sharo,800477,6752066.067,38433566.4,ACTIVE,29/06/2014,90010,6.752066,38.433566,Valid
8,,,963779002,Gizachew Buno,800478,6750352.967,38433799.65,ACTIVE,29/06/2014,90010,6.750353,38.4338,Valid
8,,,910182435,Shewarega Biru,800479,6750410.883,38429450.58,ACTIVE,29/06/2014,90010,6.750411,38.429451,Valid
8,,,923144159,Abidrof Mohammed,800480,6746865.483,38437567.72,ACTIVE,29/06/2014,90010,6.746865,38.437568,Valid
7,,,932602340,Jemberu Lema,700992,6751580.317,38427886.88,ACTIVE,29/06/2014,90009,6.75158,38.427887,Valid
9,,,916165330,Abera Qawato,900630,6744446.25,38441203.35,ACTIVE,29/06/2014,90010,6.744446,38.441203,Valid
9,,,934608579,Yishaq Ture,900631,6744375.717,38441461.6,ACTIVE,29/06/2014,90010,6.744376,38.441462,Valid
9,,,946801252,Demse Betera,900632,6748926.867,38426554.47,ACTIVE,29/06/2014,90010,6.748927,38.426554,Valid
9,,?????,916663740,Gebiso Hayeso,900633,6747732.7,38456945.22,ACTIVE,29/06/2014,90010,6.747733,38.456945,Valid
9,,,916045126,Dansamo Gugo,900634,6746079.65,38436468.55,ACTIVE,29/06/2014,90010,6.74608,38.436469,Valid
9,,,916516158,Mesfin Sirbo,900635,6748534.783,38437918.68,ACTIVE,29/06/2014,90010,6.748535,38.437919,Valid
7,,,926988398,Mamo Bolka,700905,6750781.017,38423534.08,ACTIVE,29/06/2014,90009,6.750781,38.423534,Valid
7,,,916642160,Aregaw Zegeye,700906,6751561.167,38426696.67,ACTIVE,29/06/2014,90009,6.751561,38.426697,Valid
7,,,916964040,Sitota Bezabih,700907,6753108.4,38424137.1,ACTIVE,29/06/2014,90009,6.753108,38.424137,Valid
7,,,926051339,Genene Tefera,700908,6750755.05,38424893.2,ACTIVE,29/06/2014,90009,6.750755,38.424893,Valid
7,,,916504859,Kasahun G/Mariam,700909,,,DISCONNECT,29/06/2014,90009,,,Missing or Invalid GPS
7,,,909347782,Getachew H/Mariam,700910,6754310.8,38417202.62,ACTIVE,29/06/2014,90009,6.754311,38.417203,Valid
7,,,977820783,Selemon Fute,700911,6751409.633,38426691.95,ACTIVE,29/06/2014,90009,6.75141,38.426692,Valid
7,,,926276831,Melaku Meta,700912,6751963.1,38423243.33,ACTIVE,29/06/2014,90009,6.751963,38.423243,Valid
7,,,910183257,Tilahun Lema,700913,6753419.283,38416897.03,ACTIVE,29/06/2014,90009,6.753419,38.416897,Valid
7,,,988105890,Alemitu Elias,700914,6748506.3,38414673.97,ACTIVE,29/06/2014,90009,6.748506,38.414674,Valid
7,,,916159452,Tariku Shureto,700915,6753737.533,38417353.77,ACTIVE,29/06/2014,90009,6.753738,38.417354,Valid
7,,,916165447,Feleqech Qarfafa,700916,6752662.233,38426590.15,ACTIVE,29/06/2014,90009,6.752662,38.42659,Valid
7,,,916164956,Aynalem Tilahun,700917,6751428.867,38423439.4,ACTIVE,29/06/2014,90009,6.751429,38.423439,Valid
7,,,916077088,Abebe Dukamo,700918,6750636.767,38424293.43,ACTIVE,29/06/2014,90009,6.750637,38.424293,Valid
7,,,916954676,Teshager Girma,700919,6753295.617,38418152.32,ACTIVE,29/06/2014,90009,6.753296,38.418152,Valid
7,,,926287498,Frew Buye,700920,6753647.367,38417478.8,ACTIVE,29/06/2014,90009,6.753647,38.417479,Valid
7,,,916373764,Tomas Debiso,700921,6753379.767,38417920.72,ACTIVE,29/06/2014,90009,6.75338,38.417921,Valid
7,,,945634036,Bonja Bue,700922,6753542.733,38417735.12,ACTIVE,29/06/2014,90009,6.753543,38.417735,Valid
4,,,993918467,Tayech Bekele,400574,6745957.4,38405243.67,ACTIVE,30/06/2014,90027,6.745957,38.405244,Valid
1,,,908891893,Tirunesh Ashanbo,101131,6747766.067,38377924.22,ACTIVE,28/07/2014,90011,6.747766,38.377924,Valid
1,,,938956507,Alaka Zeyine,101132,6740395.067,38372339.28,ACTIVE,28/07/2014,90011,6.740395,38.372339,Valid
1,,,934702401,Dasa Oromo,101133,6734527.3,38367761.95,ACTIVE,28/07/2014,90011,6.734527,38.367762,Valid
1,,,916316374,Edlawit Tesfaye,101134,6744073.133,38371893.73,ACTIVE,28/07/2014,90011,6.744073,38.371894,Valid
1,,,943160723,Tenagne Tadesse,101135,6738400.517,38370759.03,ACTIVE,28/07/2014,90011,6.738401,38.370759,Valid
1,,,912256342,P/R Kifle Lenjisho,101136,6740379.75,38372309.12,DISCONNECT,28/07/2014,90011,6.74038,38.372309,Valid
1,,,939176557,Selemon Asefa,101137,,,DISCONNECT,28/07/2014,90011,,,Missing or Invalid GPS
1,,,987240405,Teshele Teshome,101138,6724476.0,38367111.62,ACTIVE,28/07/2014,90011,6.724476,38.367112,Valid
1,,,916810504,Awol Sultan,101139,6738097.05,38371858.17,ACTIVE,28/07/2014,90011,6.738097,38.371858,Valid
1,,,916500540,Maldo Yuke,101140,6740802.9,38370231.42,ACTIVE,28/07/2014,90011,6.740803,38.370231,Valid
1,,,926362579,Amano Argata,101141,6738359.917,38369580.48,ACTIVE,28/07/2014,90011,6.73836,38.36958,Valid
2,,Stadium,916160831,Agere Amare,201007,6739925.75,38403669.8,ACTIVE,28/07/2014,90007,6.739926,38.40367,Valid
2,,Stadium,920959966,Woyni Maremiya No2,201008,6741977.1,38401773.63,ACTIVE,28/07/2014,90007,6.741977,38.401774,Valid
3,,,916161975,Bayush Asefa,300791,6751163.6,38405810.58,ACTIVE,28/07/2014,90027,6.751164,38.405811,Valid
2,,Awada,916075985,Mengistu Kebede,201009,6749357.283,38387715.3,ACTIVE,28/07/2014,90011,6.749357,38.387715,Valid
8,,,916165205,Selemon Dukamo,800482,6751070.0,38430391.98,ACTIVE,28/07/2014,90010,6.75107,38.430392,Valid
5,,,916516123,Birtukan Buke,501021,6753652.517,38413409.08,ACTIVE,28/07/2014,90007,6.753653,38.413409,Valid
6,,,920429957,Wegene Worana,600673,6748581.683,38416081.82,ACTIVE,28/07/2014,90009,6.748582,38.416082,Valid
6,,,,Gesese Gariso,600674,6747644.117,38411014.72,ACTIVE,28/07/2014,90009,6.747644,38.411015,Valid
7,,,913441884,Dagnachew Duqaqo,700923,6752452.683,38417656.47,ACTIVE,28/07/2014,90009,6.752453,38.417656,Valid
7,,,926988905,Atikilt Yilma,700924,6752690.517,38415453.13,ACTIVE,28/07/2014,90009,6.752691,38.415453,Valid
7,,,974252832,Genene Bekele,700925,6749911.633,38419343.37,ACTIVE,28/07/2014,90009,6.749912,38.419343,Valid
8,,,911007595,Tegene Kebede,800483,6751565.133,38432184.5,ACTIVE,28/07/2014,90010,6.751565,38.432184,Valid
8,,,916308865,Alemu Wenbato,800484,6750585.417,38426610.02,ACTIVE,28/07/2014,90010,6.750585,38.42661,Valid
8,,,916433899,Boe Ganole,800485,6750271.883,38427740.23,ACTIVE,28/07/2014,90010,6.750272,38.42774,Valid
8,,,3934232222,Teshete Kebede,800486,6749323.433,38437279.35,ACTIVE,28/07/2014,90010,6.749323,38.437279,Valid
9,,,933408559,Kokeb Zeleke,900636,6746207.317,38439047.6,ACTIVE,28/07/2014,90010,6.746207,38.439048,Valid
9,,,916808699,Teshome Ayele,900637,6749343.917,38426050.97,ACTIVE,28/07/2014,90010,6.749344,38.426051,Valid
9,,,968431549,Frew Fitamo,900638,6751149.117,38430277.82,ACTIVE,28/07/2014,90010,6.751149,38.430278,Valid
9,,,910207119,Doctor Debso,900639,6746887.3,38435950.18,ACTIVE,28/07/2014,90010,6.746887,38.43595,Valid
2,,Stadium,954786640,Kahute Samano ,201010,6742350.617,38403754.0,ACTIVE,28/07/2014,90007,6.742351,38.403754,Valid
7,,,916030426,Asef Shunana,700926,6751835.667,38421087.42,ACTIVE,04/08/2014,90009,6.751836,38.421087,Valid
1,,,916166967,Kehulu Belayneh,101142,6749667.25,38376437.52,ACTIVE,03/09/2014,90011,6.749667,38.376438,Valid
1,,,945831888,Belete Bekele,101143,6732768.983,38367877.47,ACTIVE,03/09/2014,90011,6.732769,38.367877,Valid
1,,,968693731,Getachew Gebiso,101144,6737201.033,38368663.8,ACTIVE,03/09/2014,90011,6.737201,38.368664,Valid
1,,,987032396,Gizaw Zewde,101145,6747671.567,38375942.85,ACTIVE,03/09/2014,90011,6.747672,38.375943,Valid
1,,,992592964,Habtamu Gabiso,101146,6735436.4,38367994.92,ACTIVE,03/09/2014,90011,6.735436,38.367995,Valid
1,,,916505953,Melese Garedeu,101147,6735254.0,38368212.37,ACTIVE,03/09/2014,90011,6.735254,38.368212,Valid
1,,,916814870,Alemu Ledamo,101148,6735243.317,38368219.67,ACTIVE,03/09/2014,90011,6.735243,38.36822,Valid
1,,,902937848,Elias Yanbo,101149,6734623.0,38361233.52,ACTIVE,03/09/2014,90011,6.734623,38.361234,Valid
1,,,,Meron Tafese,101150,6735665.833,38367446.03,ACTIVE,03/09/2014,90011,6.735666,38.367446,Valid
1,,,909730539,Berhun Belayneh,101151,6743413.933,38371028.78,ACTIVE,03/09/2014,90011,6.743414,38.371029,Valid
1,,,925342639,Mitiku Debso,101152,6749988.217,38376078.0,ACTIVE,03/09/2014,90011,6.749988,38.376078,Valid
2,,Awada,916516323,Tsegaye Kebede,201011,6743815.433,38386998.1,ACTIVE,03/09/2014,90011,6.743815,38.386998,Valid
3,,,925112452,Aklilu Wendimu,300792,6750587.183,38400424.82,ACTIVE,03/09/2014,90027,6.750587,38.400425,Valid
4,,,911908353,Teklu H/Mariam,400575,6746671.467,38407775.47,ACTIVE,03/09/2014,90027,6.746671,38.407775,Valid
5,,,916106787,Asrat Bilso,501022,6753598.367,38411314.12,ACTIVE,03/09/2014,90007,6.753598,38.411314,Valid
5,,,916143687,Abebe Qeno,501023,6752820.8,38413025.42,ACTIVE,03/09/2014,90007,6.752821,38.413025,Valid
6,,,932056205,Mesay Tefera,600675,6750293.617,38424848.22,ACTIVE,03/09/2014,90009,6.750294,38.424848,Valid
7,,,916052001,Dagnachew Barasa,700932,6749677.633,38419827.57,ACTIVE,03/09/2014,90009,6.749678,38.419828,Valid
6,,,916808826,Tiliqu Kambie,600677,6745115.667,38413075.43,ACTIVE,03/09/2014,90009,6.745116,38.413075,Valid
7,,,966901357,Maja Macho,700927,6753468.483,38417757.2,ACTIVE,03/09/2014,90009,6.753468,38.417757,Valid
7,,,916314051,Tadesse Yuma,700928,6748175.583,38414640.37,ACTIVE,03/09/2014,90009,6.748176,38.41464,Valid
8,,,916067709,Asefa Tolela,800487,6750406.7,38433656.07,ACTIVE,03/09/2014,90010,6.750407,38.433656,Valid
4,,,927153168,Mirtnesh Asefa,400576,6747916.217,38405759.43,ACTIVE,29/09/2014,90027,6.747916,38.405759,Valid
1,,,916641681,Mekonnen H/Michael,101153,6723364.267,38366793.27,ACTIVE,02/11/2014,90011,6.723364,38.366793,Valid
1,,,954785995,Ezedin Jamal,101154,6738511.083,38370574.5,ACTIVE,02/11/2014,90011,6.738511,38.370574,Valid
1,,,927086667,Asaye Duguna,101155,6743931.833,38370737.07,ACTIVE,02/11/2014,90011,6.743932,38.370737,Valid
1,,,920998266,Yohannes Petros,101156,6731904.9,38370573.73,ACTIVE,02/11/2014,90011,6.731905,38.370574,Valid
1,,,954785274,Tesema Belayneh,101157,6737205.633,38366512.4,ACTIVE,02/11/2014,90011,6.737206,38.366512,Valid
1,,,934090416,Girma Buwane,101158,6737378.9,38366905.53,ACTIVE,02/11/2014,90011,6.737379,38.366906,Valid
1,,,931560215,Tujara Namaro,101159,6737222.867,38366861.37,ACTIVE,02/11/2014,90011,6.737223,38.366861,Valid
1,,,938937052,Wendimu Daye,101160,6736992.733,38368600.18,ACTIVE,02/11/2014,90011,6.736993,38.3686,Valid
1,,,916862912,Tsegaye Lema,101161,6735201.117,38368398.15,ACTIVE,02/11/2014,90011,6.735201,38.368398,Valid
1,,,916868247,Doka Debiso,101162,,,DISCONNECT,02/11/2014,90011,,,Missing or Invalid GPS
1,,,913530006,Aselefech G/Michael,101163,,,DISCONNECT,02/11/2014,90011,,,Missing or Invalid GPS
1,,,916165129,Matewos Gudana,101164,6738153.667,38371623.4,ACTIVE,02/11/2014,90011,6.738154,38.371623,Valid
1,,,934195655,Talo Sunqurta,101165,6737040.417,38366276.28,ACTIVE,02/11/2014,90011,6.73704,38.366276,Valid
2,,Stadium,916504853,Eyasu Tsege,201012,6743056.583,38397931.23,ACTIVE,02-11-2014,90007,6.743057,38.397931,Valid
2,,Awada,916064230,Dereje Dansamo,201013,6748633.717,38384691.6,ACTIVE,02/11/2014,90011,6.748634,38.384692,Valid
2,,Stadium,903720017,Asnaqe Kia,201014,6743808.55,38403857.08,ACTIVE,02/11/2014,90007,6.743809,38.403857,Valid
2,,Stadium,913490889,Mulugeta Demeqe,201015,6740323.483,38403469.37,ACTIVE,02/11/2014,90007,6.740323,38.403469,Valid
2,,Awada,911612100,Girma Tirfe,201016,6750020.467,38391671.05,ACTIVE,02/11/2014,90011,6.75002,38.391671,Valid
2,,Awada,925342625,Ashenafi Asefa,201017,6743340.717,38386841.43,ACTIVE,02/11/2014,90011,6.743341,38.386841,Valid
3,,,926321212,Meri Belete,300793,6747885.117,38402193.15,ACTIVE,02/11/2014,90027,6.747885,38.402193,Valid
3,,,916331925,Abera Alanbo,300794,6753273.167,38404826.47,ACTIVE,02/11/2014,90027,6.753273,38.404826,Valid
4,,,901553936,Samuel Gatiso,400578,6743848.933,38408667.77,ACTIVE,02/11/2014,90027,6.743849,38.408668,Valid
4,,,916448744,Fiqadu Shirbeza,400579,,,TERMINATE,02/11/2014,90027,,,Missing or Invalid GPS
5,,,953805602,Asrat Ayele,501025,6749231.9,38408386.63,ACTIVE,02/11/2014,90007,6.749232,38.408387,Valid
5,,,911813757,Teshome Duresa,501026,6753259.783,38407973.7,ACTIVE,02/11/2014,90007,6.75326,38.407974,Valid
7,,,902939481,Aklilu Argata,700940,6751963.1,38423243.33,ACTIVE,02/11/2014,90009,6.751963,38.423243,Valid
5,,,916517162,Belayneh Amelo,501028,6754147.133,38410543.73,ACTIVE,02/11/2014,90007,6.754147,38.410544,Valid
5,,,988063878,Negash Argeta,501029,6753570.517,38413388.08,ACTIVE,02/11/2014,90007,6.753571,38.413388,Valid
5,,,937267305,Debebe Degife,501030,6754278.3,38410912.0,ACTIVE,02/11/2014,90007,6.754278,38.410912,Valid
6,,,916021610,Mimi Worana,600679,6745232.2,38410942.37,ACTIVE,02/11/2014,90009,6.745232,38.410942,Valid
6,,,983811196,Abebech Teshome,600680,6747753.55,38408060.02,ACTIVE,02/11/2014,90009,6.747754,38.40806,Valid
6,,,912373365,Habte Mulatu,600681,6743026.733,38412230.37,ACTIVE,02/11/2014,90009,6.743027,38.41223,Valid
6,,,916368445,Terefe Kidane,600682,6743070.233,38411685.13,ACTIVE,02/11/2014,90009,6.74307,38.411685,Valid
7,,,916786684,Wesede Shutura,700929,6749429.4,38424196.92,ACTIVE,02/11/2014,90009,6.749429,38.424197,Valid
7,,,916038781,Yishaq Qongola,700930,6751265.95,38422486.15,ACTIVE,02/11/2014,90009,6.751266,38.422486,Valid
7,,,992147579,Atsede W/Michael,700931,6752682.183,38429591.65,ACTIVE,02/11/2014,90009,6.752682,38.429592,Valid
8,,,916305588,Hana Tesema,800489,6752178.75,38433499.6,ACTIVE,02/11/2014,90010,6.752179,38.4335,Valid
8,,,934270779,Kasahun Desta,800490,6747850.967,38430686.15,ACTIVE,02/11/2014,90010,6.747851,38.430686,Valid
8,,,96404173,Senbeto Mamo,800491,6753421.3,38430081.1,ACTIVE,02/11/2014,90010,6.753421,38.430081,Valid
9,,,927153680,Sultan Lale,900641,6747897.783,38431909.03,ACTIVE,02/11/2014,90010,6.747898,38.431909,Valid
9,,,911058493,Silesh H/Silassie,900642,6748180.1,38429471.93,ACTIVE,02/11/2014,90010,6.74818,38.429472,Valid
1,,,912900085,Belayneh Chalew,101166,6750992.25,38375330.15,ACTIVE,02/12/2014,90011,6.750992,38.37533,Valid
1,,,926273516,Alemayehu Adem,101167,6741563.933,38369822.83,ACTIVE,02/12/2014,90011,6.741564,38.369823,Valid
1,,,916164763,Melkamu Hajamo,101168,6723709.433,38366931.52,ACTIVE,02/12/2014,90011,6.723709,38.366932,Valid
1,,,963991954,Abdulfita Mohammed,101169,6745711.233,38377507.38,ACTIVE,02/12/2014,90011,6.745711,38.377507,Valid
1,,,947534588,Argiso Bechecha,101170,6734791.167,38372669.22,ACTIVE,02/12/2014,90011,6.734791,38.372669,Valid
2,,Awada,916022358,Shimeles Borsamo,201018,6747198.017,38387271.7,ACTIVE,03/12/2014,90011,6.747198,38.387272,Valid
2,,Stadium,910633367,Nigatu Alemu,201019,6740011.35,38403805.6,ACTIVE,03/12/2014,90007,6.740011,38.403806,Valid
3,,,932193996,Mekane Yesus School,300795,6750298.533,38402566.87,ACTIVE,03/12/2014,90027,6.750299,38.402567,Valid
2,,Stadium,916333300,Habtamu Gabiso,201029,6738904.917,38404210.72,ACTIVE,03/12/2014,90007,6.738905,38.404211,Valid
3,,,949551942,Meles Yure,300797,6752064.033,38403390.9,ACTIVE,03/12/2014,90027,6.752064,38.403391,Valid
3,,,986490552,Tariqwa Setegn,300798,6752962.817,38403993.37,ACTIVE,03/12/2014,90027,6.752963,38.403993,Valid
5,,,910306240,Tamrat Kassa,501032,6751385.217,38407702.42,ACTIVE,03/12/2014,90007,6.751385,38.407702,Valid
4,,,954803870,Beshir Kedir,400581,6742628.117,38408469.17,ACTIVE,03/12/2014,90027,6.742628,38.408469,Valid
4,,,916021689,Birhanu Elias,400582,6746298.117,38406359.92,ACTIVE,03/12/2014,90027,6.746298,38.40636,Valid
5,,,916032922,Getachew Alemu,501031,6751753.8,38409863.35,ACTIVE,03/12/2014,90007,6.751754,38.409863,Valid
7,,,953380104,Kasahun Kebede ,700933,6750643.0,38419490.0,ACTIVE,03-12-2014,90009,6.750643,38.41949,Valid
8,,,916108415,Barsamo Balango,800492,6748990.467,38436804.93,ACTIVE,03/12/2014,90010,6.74899,38.436805,Valid
8,,,924330460,Belay Banata,800493,6749176.283,38436932.62,ACTIVE,03/12/2014,90010,6.749176,38.436933,Valid
8,,,939834152,Girma Kebede,800494,6748498.083,38437906.63,ACTIVE,03/12/2014,90010,6.748498,38.437907,Valid
8,,,926522888,Gezahegn Gizaw,800495,6751212.75,38432962.72,ACTIVE,03/12/2014,90010,6.751213,38.432963,Valid
1,,,931393564,Adisu Gurbe,101171,6736266.283,38373147.0,ACTIVE,01/02/2015,90011,6.736266,38.373147,Valid
1,,,912284948,Usuman Hussein,101172,6742613.383,38375519.2,ACTIVE,01/02/2015,90011,6.742613,38.375519,Valid
1,,,916371942,Anfaru Ameje,101173,6735219.567,38373021.28,ACTIVE,01/02/2015,90011,6.73522,38.373021,Valid
1,,,931040344,Elias Gezahegn,101174,6745791.417,38377741.65,ACTIVE,01/02/2015,90011,6.745791,38.377742,Valid
1,,,911631782,Seyfu Aklilu,101175,6740577.517,38372802.15,ACTIVE,01/02/2015,90011,6.740578,38.372802,Valid
2,,Stadium,924652207,Giru Gizaw,201020,6742796.583,38398832.53,ACTIVE,01/02/2015,90007,6.742797,38.398833,Valid
2,,Stadium,916503754,Meseret Kasaye General Contractor,201021,,,DISCONNECT,01/02/2015,90007,,,Missing or Invalid GPS
2,,Stadium,924652771,Desta Badecha,201022,6740525.583,38404981.83,ACTIVE,01/02/2015,90007,6.740526,38.404982,Valid
2,,Awada,900608482,Birhane Belete,201023,6745289.383,38386916.97,ACTIVE,01/02/2015,90011,6.745289,38.386917,Valid
3,,,937966123,Henok Tenqir,300799,6747800.783,38406265.47,ACTIVE,01/02/2015,90027,6.747801,38.406265,Valid
3,,,926129155,Tibeua Shune,300800,6748061.867,38404578.38,ACTIVE,01/02/2015,90027,6.748062,38.404578,Valid
5,,,913210010,Asfawu Bedane,501033,6749115.117,38407690.27,ACTIVE,01/02/2015,90007,6.749115,38.40769,Valid
5,,,925122752,Tibebu Bekele,501034,,,DISCONNECT,01/02/2015,90007,,,Missing or Invalid GPS
4,,,916050427,Samuel Dawit,400584,6744431.783,38406583.9,ACTIVE,01/02/2015,90027,6.744432,38.406584,Valid
6,,,934216760,Worknesh Tesfaye,600684,6746227.617,38410990.78,ACTIVE,01/02/2015,90009,6.746228,38.410991,Valid
6,,,916332868,Aynalem Ashame,600685,6752820.983,38424854.03,ACTIVE,01/02/2015,90009,6.752821,38.424854,Valid
8,,,916333268,Desta Mune,800504,6751361.35,38432374.05,ACTIVE,01/02/2015,90010,6.751361,38.432374,Valid
7,,,926052978,Sebsibe Ragasa,700935,6752722.717,38428242.87,ACTIVE,01/02/2015,90009,6.752723,38.428243,Valid
7,,,916165332,Ayele Adato,700936,6752826.717,38424943.7,ACTIVE,01/02/2015,90009,6.752827,38.424944,Valid
7,,,905435341,Shalmo Yotora,700937,6749361.317,38419673.13,ACTIVE,01/02/2015,90009,6.749361,38.419673,Valid
7,,,932811053,Gezahegn Gesamo,700938,6749374.433,38424148.63,ACTIVE,01/02/2015,90009,6.749374,38.424149,Valid
8,,,949022182,Desta Esayas,800496,6749910.783,38430359.63,ACTIVE,01/02/2015,90010,6.749911,38.43036,Valid
8,,,916642447,Adisu Galfato,800497,6752297.017,38430421.3,ACTIVE,01/02/2015,90010,6.752297,38.430421,Valid
8,,,916418811,Selemon Demeqe,800498,6752461.283,38433023.07,ACTIVE,01/02/2015,90010,6.752461,38.433023,Valid
8,,,926102499,Bekele Beneshe,800499,6751951.45,38433595.62,ACTIVE,01/02/2015,90010,6.751951,38.433596,Valid
9,,,926985553,Dawit Yunka,900643,6747571.733,38458636.38,ACTIVE,01/02/2015,90010,6.747572,38.458636,Valid
9,,,927153548,Belachew Tome,900644,6748288.6,38446737.1,ACTIVE,01/02/2015,90010,6.748289,38.446737,Valid
7,,,916164196,Matiwos Tuke,700939,6753152.183,38424067.2,ACTIVE,01/02/2015,90009,6.753152,38.424067,Valid
1,,,932554538,Nebiyu Bushura,101176,6726427.5,38367380.37,ACTIVE,02/05/2015,90011,6.726427,38.36738,Valid
2,,Awada,911771975,Daniel Eka,201024,6747196.183,38387214.32,ACTIVE,09/05/2015,90011,6.747196,38.387214,Valid
2,,Stadium,912261533,Asefa Kumalo,201025,6739533.867,38404198.18,ACTIVE,09/05/2015,90007,6.739534,38.404198,Valid
2,,Stadium,932708257,Yako Shode,201026,6739017.383,38404407.35,ACTIVE,09/05/2015,90007,6.739017,38.404407,Valid
2,,Stadium,916960236,Fiseha Arega,201027,6742622.133,38399904.58,ACTIVE,09/05/2015,90007,6.742622,38.399905,Valid
3,,,916918150,Masresha Welela ,300802,6752159.183,38403415.72,ACTIVE,09/05/2015,90027,6.752159,38.403416,Valid
3,,,993977552,Ashenafi Chomora,300803,6752156.15,38403400.78,ACTIVE,09/05/2015,90027,6.752156,38.403401,Valid
2,,Stadium,931560500,Kimtu Kia,201028,6740807.9,38403219.85,ACTIVE,09/05/2015,90007,6.740808,38.40322,Valid
4,,,969843527,Maekel Wolde,400586,6742195.533,38407728.97,ACTIVE,09/05/2015,90027,6.742196,38.407729,Valid
4,,,934058060,Mihret Hailu,400587,6740415.067,38407397.13,ACTIVE,09/05/2015,90027,6.740415,38.407397,Valid
5,,,916135389,Zerhun Sisay,501035,6753061.567,38413328.83,ACTIVE,09/05/2015,90007,6.753062,38.413329,Valid
5,,,909494509,Erdachew Asefa,501036,6755767.65,38409143.3,ACTIVE,09/05/2015,90007,6.755768,38.409143,Valid
5,,,908168431,Yosef Doka,501037,6755113.083,38409900.12,ACTIVE,09/05/2015,90007,6.755113,38.4099,Valid
6,,,913389523,Shewalemaw Gelaw,600686,,,DISCONNECT,09/05/2015,90009,,,Missing or Invalid GPS
6,,,927076998,Asfawu Wola,600687,6745979.617,38413646.38,ACTIVE,09/05/2015,90009,6.74598,38.413646,Valid
7,,,939307769,Kedir Seyid,700941,6752702.267,38426331.58,ACTIVE,09/05/2015,90009,6.752702,38.426332,Valid
7,,,916642126,Degu Deramo,700942,6753114.15,38424255.72,ACTIVE,09/05/2015,90009,6.753114,38.424256,Valid
7,,,901809300,Melese Gasara,700943,6749135.3,38420021.42,ACTIVE,09/05/2015,90009,6.749135,38.420021,Valid
7,,,986489756,Bizuneh Kia,700944,6750065.75,38421919.87,ACTIVE,09/05/2015,90009,6.750066,38.42192,Valid
7,,,913962019,Tamiru Tadesse,700945,6750072.783,38416021.0,ACTIVE,09/05/2015,90009,6.750073,38.416021,Valid
8,,,916135183,Endrias Petros,800511,6750771.05,38434023.45,ACTIVE,09/05/2015,90010,6.750771,38.434023,Valid
7,,,921791404,Roman Mohammed,700947,6750310.783,38419163.55,ACTIVE,09/05/2015,90009,6.750311,38.419164,Valid
8,,,916153551,Genene Gesese,800512,6751038.333,38433807.02,ACTIVE,09/05/2015,90010,6.751038,38.433807,Valid
7,,,954783890,Arega Degene,700949,6749349.4,38424159.53,ACTIVE,09/05/2015,90009,6.749349,38.42416,Valid
7,,,916100254,Wengel Seyfu,700950,6749633.1,38425450.7,ACTIVE,09/05/2015,90009,6.749633,38.425451,Valid
7,,,901550178,Gesese Dukura,700951,6749586.55,38418879.92,ACTIVE,09/05/2015,90009,6.749587,38.41888,Valid
8,,,916027581,Roma Bunkura,800500,6744687.45,38441199.05,ACTIVE,09/05/2015,90010,6.744687,38.441199,Valid
8,,,916664056,Frew Hansero,800501,6751692.417,38433772.03,ACTIVE,09/05/2015,90010,6.751692,38.433772,Valid
8,,,936462716,Merid Marqos,800502,6748912.867,38436937.22,ACTIVE,09/05/2015,90010,6.748913,38.436937,Valid
8,,,916433917,Belayneh Bota,800503,6751036.867,38433575.82,ACTIVE,09/05/2015,90010,6.751037,38.433576,Valid
9,,,916851395,Tekalegn Tome,900645,6748347.85,38446931.73,ACTIVE,09/05/2015,90010,6.748348,38.446932,Valid
9,,,916807642,Teshome Kebede,900646,6748479.633,38437950.52,ACTIVE,09/05/2015,90010,6.74848,38.437951,Valid
9,,,912880456,Abeze Manaamnoh,900647,6746135.183,38439694.5,ACTIVE,09/05/2015,90010,6.746135,38.439695,Valid
1,,,,Wondo Company,101178,0.0,0.0,ACTIVE,02/06/2015,90011,,,Missing or Invalid GPS
2,,Stadium,945634151,Mihret Bekele,201030,6745132.933,38398160.0,DISCONNECT,06/06/2015,90007,6.745133,38.39816,Valid
2,,Awada,910219161,Tilahun Lanqamo,201031,6747902.2,38388522.73,ACTIVE,14/06/2015,90011,6.747902,38.388523,Valid
2,,Stadium,913509365,Shune Shuramo,201032,6742614.017,38404352.57,ACTIVE,14/06/2015,90007,6.742614,38.404353,Valid
1,,,,Wondo Company,101179,6750020.517,38377530.37,ACTIVE,14/06/2015,90011,6.750021,38.37753,Valid
7,,,916031487,Tefera Tilahun,700952,6752287.0,38425297.57,ACTIVE,14/06/2015,90009,6.752287,38.425298,Valid
7,,,916164497,Mandafro Riqiba,700953,6750754.717,38423549.13,ACTIVE,14/06/2015,90009,6.750755,38.423549,Valid
7,,,916515548,Ketema Haqamo,700954,6752722.717,38428242.87,ACTIVE,14/06/2015,90009,6.752723,38.428243,Valid
8,,,916965509,Yohannes Bifato,800505,6753372.633,38430860.5,ACTIVE,14/06/2015,90010,6.753373,38.430861,Valid
8,,,913953511,Niguse Sima,800506,6748570.35,38430444.88,ACTIVE,14/06/2015,90010,6.74857,38.430445,Valid
8,,,916067487,Agezech Guracha,800507,6751862.25,38431815.58,ACTIVE,14/06/2015,90010,6.751862,38.431816,Valid
8,,,916045944,Zinash Bekele,800508,6751870.533,38431955.13,ACTIVE,14/06/2015,90010,6.751871,38.431955,Valid
8,,,926428649,Fiqadu Daniel,800509,6751993.967,38432840.75,ACTIVE,14/06/2015,90010,6.751994,38.432841,Valid
8,,,908944165,Ayelech Kundala,800510,6752175.617,38433538.32,ACTIVE,14/06/2015,90010,6.752176,38.433538,Valid
9,,,909503364,Baleweld B/Christian,900648,6747867.8,38429386.72,ACTIVE,14/06/2015,90010,6.747868,38.429387,Valid
1,,,,Ayalew Petros,101180,6756712.65,38376776.1,ACTIVE,29/06/2015,90011,6.756713,38.376776,Valid
1,,,916164222,Shutula Marqos,101181,6742306.433,38371184.45,ACTIVE,30/06/2015,90011,6.742306,38.371184,Valid
1,,,932177323,Adamo Argata,101182,6746656.317,38374212.25,ACTIVE,30/06/2015,90011,6.746656,38.374212,Valid
1,,,916164701,Abeza Amano,101183,6732535.133,38368075.5,ACTIVE,30/06/2015,90011,6.732535,38.368076,Valid
1,,,927084080,Yohannes Habte,101184,6736579.633,38369021.8,ACTIVE,30/06/2015,90011,6.73658,38.369022,Valid
1,,,911815514,Alito Ugamo,101185,6749234.733,38376789.82,ACTIVE,30/06/2015,90011,6.749235,38.37679,Valid
1,,,916051777,Bekele Argiso,101186,6741966.1,38370542.85,ACTIVE,30/06/2015,90011,6.741966,38.370543,Valid
1,,,909968041,Ragasa Lalima,101187,6735624.317,38367375.45,ACTIVE,30/06/2015,90011,6.735624,38.367375,Valid
2,,Awada,916374008,Eyob Adnew,201033,6752590.183,38391024.28,ACTIVE,30/06/2015,90011,6.75259,38.391024,Valid
2,,Awada,919662600,Amelework Abebe,201034,6748143.65,38381809.87,ACTIVE,30/06/2015,90011,6.748144,38.38181,Valid
2,,Awada,992013617,Henok Derago,201035,6748096.567,38393289.18,ACTIVE,30/06/2015,90011,6.748097,38.393289,Valid
2,,Stadium,993916448,Bosholla Gebiso,201036,6742958.283,38399245.18,ACTIVE,30/06/2015,90007,6.742958,38.399245,Valid
3,,,90603008,Tayo Kifle,300804,6749588.0,38404480.0,ACTIVE,30/06/2015,90027,6.749588,38.40448,Valid
3,,,912036643,Y/Alem Ketema Neser Mesgide,300805,6751842.8,38404297.52,ACTIVE,30/06/2015,90027,6.751843,38.404298,Valid
3,,,920571646,Meskerem Niguse,300806,6748091.333,38404566.85,ACTIVE,30/06/2015,90027,6.748091,38.404567,Valid
5,,,916077750,Silesh Samuel,501038,6754189.583,38410854.88,ACTIVE,30/06/2015,90007,6.75419,38.410855,Valid
6,,,916103616,Abinet Maru,600688,6745294.883,38413895.22,ACTIVE,30/06/2015,90009,6.745295,38.413895,Valid
4,,,923566100,Medihanit Tesfaye,400588,6742705.333,38409035.37,ACTIVE,30/06/2015,90027,6.742705,38.409035,Valid
6,,,931147446,Bogale Haile,600690,,,DISCONNECT,30/06/2015,90009,,,Missing or Invalid GPS
7,,,913479750,Alemayehu Butale ,700955,6752604.0,38424220.0,ACTIVE,30-06-2015,90009,6.752604,38.42422,Valid
7,,,916374033,Adem Alto,700956,6752164.617,38426755.82,ACTIVE,30/06/2015,90009,6.752165,38.426756,Valid
7,,,953361070,Argeta Bunke,700957,6752129.567,38426036.32,ACTIVE,30/06/2015,90009,6.75213,38.426036,Valid
7,,,916360780,Heliso Qoreje,700958,6752291.167,38426134.4,ACTIVE,30/06/2015,90009,6.752291,38.426134,Valid
7,,,916809938,Niguse Barasa,700959,6749636.117,38424996.63,ACTIVE,30/06/2015,90009,6.749636,38.424997,Valid
7,,,938027340,Genet Tsegaye,700960,6754239.2,38417189.48,ACTIVE,30/06/2015,90009,6.754239,38.417189,Valid
9,,,968650196,Beyene Bekele,900652,6749269.233,38426305.83,ACTIVE,30/06/2015,90010,6.749269,38.426306,Valid
8,,,910791019,Esayas Feqele,800513,6752330.9,38432607.18,ACTIVE,01/07/2015,90010,6.752331,38.432607,Valid
8,,,916811154,Alemayehu Birhanu,800514,6752218.767,38432842.08,ACTIVE,01/07/2015,90010,6.752219,38.432842,Valid
8,,,938733841,Mandamo Ashengo,800515,6752174.05,38432822.48,ACTIVE,01/07/2015,90010,6.752174,38.432822,Valid
8,,,941524287,Argata Netera,800516,6748209.667,38437886.2,ACTIVE,01/07/2015,90010,6.74821,38.437886,Valid
8,,,92177983,Yared Walansa,800517,6751951.617,38433727.87,ACTIVE,01/07/2015,90010,6.751952,38.433728,Valid
8,,,908000930,Kante Qanqura,800518,6751360.0,38432409.42,ACTIVE,01/07/2015,90010,6.75136,38.432409,Valid
8,,,916637025,Degife Fandamo,800519,6747217.817,38438047.83,ACTIVE,01/07/2015,90010,6.747218,38.438048,Valid
8,,,916164626,Ketema Kebede,800520,6747211.133,38437823.25,ACTIVE,01/07/2015,90010,6.747211,38.437823,Valid
8,,,908924612,Wende Yunka ,800521,6747292.867,38438213.95,ACTIVE,01/07/2015,90010,6.747293,38.438214,Valid
8,,,933447437,Fiska H/Mariam,800522,6747253.9,38438303.12,ACTIVE,01/07/2015,90010,6.747254,38.438303,Valid
8,,,954784332,Sebsebe Debela,800523,6747110.383,38438269.1,ACTIVE,01/07/2015,90010,6.74711,38.438269,Valid
8,,,915413056,Kefyalew Gidesa,800524,6747005.517,38438353.65,ACTIVE,01/07/2015,90010,6.747006,38.438354,Valid
9,,,926286550,Legesse Lamso,900649,6749031.9,38426387.02,ACTIVE,01/07/2015,90010,6.749032,38.426387,Valid
9,,,949525456,Fiqadu Bete,900650,6744949.3,38439818.28,ACTIVE,01/07/2015,90010,6.744949,38.439818,Valid
9,,,916021743,Mesfin Kebede,900651,6748425.233,38428163.37,ACTIVE,01/07/2015,90010,6.748425,38.428163,Valid
1,,,945508571,Alem Mengiste,101188,6738722.217,38372134.25,ACTIVE,02/09/2015,90011,6.738722,38.372134,Valid
1,,,916809342,Moges Tsegaye,101189,6747516.983,38377568.87,ACTIVE,02/09/2015,90011,6.747517,38.377569,Valid
1,,,927152964,Fiqrealem Ketema,101190,6732336.667,38368820.6,ACTIVE,02/09/2015,90011,6.732337,38.368821,Valid
1,,,924650436,Daniel Dangiso,101191,6735436.133,38368023.68,ACTIVE,02/09/2015,90011,6.735436,38.368024,Valid
1,,,916516110,Daniel Tenqo,101192,6747535.517,38378094.4,ACTIVE,02/09/2015,90011,6.747536,38.378094,Valid
1,,,916965468,Kald Ahmed,101193,6750879.467,38376130.32,ACTIVE,02/09/2015,90011,6.750879,38.37613,Valid
1,,,926231003,Rawda Shurala,101194,6750657.117,38376273.18,ACTIVE,02/09/2015,90011,6.750657,38.376273,Valid
2,,Stadium,916503658,Dandamo Amelo,201037,6742999.367,38399205.77,ACTIVE,02/09/2015,90007,6.742999,38.399206,Valid
2,,Awada,910876968,Wube Sisay,201038,6753653.133,38391240.52,ACTIVE,02/09/2015,90011,6.753653,38.391241,Valid
2,,Stadium,911945728,Asrat Tadesse,201039,,,DISCONNECT,02/09/2015,90007,,,Missing or Invalid GPS
2,,Stadium,916943476,Milyon Jegna,201040,6744088.4,38397388.92,ACTIVE,02/09/2015,90007,6.744088,38.397389,Valid
2,,Awada,967219755,Zehara Abdela,201041,6748680.3,38386395.7,ACTIVE,02/09/2015,90011,6.74868,38.386396,Valid
2,,Stadium,916078476,Engida Dewiso,201042,,,DISCONNECT,02/09/2015,90007,,,Missing or Invalid GPS
2,,Awada,935924585,Tadesse Kinbicha,201043,6747331.35,38387148.75,ACTIVE,02/09/2015,90011,6.747331,38.387149,Valid
2,,Stadium,911308559,Azeb Afework ,201044,6745635.383,38398244.53,ACTIVE,02/09/2015,90007,6.745635,38.398245,Valid
2,,Stadium,,Zenebe Kalo,201045,6745584.567,38398249.15,ACTIVE,02/09/2015,90007,6.745585,38.398249,Valid
3,,,916830205,Muluqen Teshome,300807,6748947.75,38405163.37,DISCONNECT,02/09/2015,90027,6.748948,38.405163,Valid
3,,,912124221,Eshetu Mulugeta,300808,6747528.567,38404821.9,ACTIVE,02/09/2015,90027,6.747529,38.404822,Valid
3,,,916851650,Alemu Tilahun,300809,6747269.633,38402301.22,ACTIVE,02/09/2015,90027,6.74727,38.402301,Valid
3,,,916164889,Chutulo Anjelo,300810,6751610.217,38403532.43,ACTIVE,02/09/2015,90027,6.75161,38.403532,Valid
3,,,916435163,Abayneh Abera,300811,6753504.9,38405166.58,ACTIVE,02/09/2015,90027,6.753505,38.405167,Valid
3,,,924650117,Tigist Yoda,300812,6751607.133,38404901.65,ACTIVE,02/09/2015,90027,6.751607,38.404902,Valid
4,,,930758678,Yohannes Hamito,400589,6743284.0,38407926.45,ACTIVE,02/09/2015,90027,6.743284,38.407926,Valid
5,,,913839760,Bariso Belamo,501039,6752496.883,38414954.67,ACTIVE,02/09/2015,90007,6.752497,38.414955,Valid
5,,,936903020,Friyeweyit Abaw,501040,6751768.383,38412795.0,ACTIVE,02/09/2015,90007,6.751768,38.412795,Valid
6,,,939179075,Mengistu Esatu,600691,6746580.283,38413397.43,ACTIVE,02/09/2015,90009,6.74658,38.413397,Valid
6,,,934234587,Zenebe Shala,600692,6744614.917,38413162.65,ACTIVE,02/09/2015,90009,6.744615,38.413163,Valid
7,,,916165973,Bogale Boe,700961,6752245.733,38420466.1,ACTIVE,02/09/2015,90009,6.752246,38.420466,Valid
7,,,916164573,Yemisgana B/Christian,700962,6748863.583,38418248.73,ACTIVE,02/09/2015,90009,6.748864,38.418249,Valid
7,,,912476712,Mengistu Guche,700963,6753486.8,38417693.63,ACTIVE,02/09/2015,90009,6.753487,38.417694,Valid
7,,,926535223,Tamene Dukamo,700964,6752111.817,38423581.43,ACTIVE,02/09/2015,90009,6.752112,38.423581,Valid
7,,,934069796,Yosef Boe,700965,6749674.633,38425548.22,ACTIVE,02/09/2015,90009,6.749675,38.425548,Valid
7,,,905444145,Hiwot Degene,700966,6750763.817,38420077.1,ACTIVE,02/09/2015,90009,6.750764,38.420077,Valid
7,,,952594862,Zenebech Mengistu,700967,6749753.617,38423350.15,ACTIVE,02/09/2015,90009,6.749754,38.42335,Valid
5,,,916164348,Tofiq Shamaro,501050,6751990.883,38408889.92,ACTIVE,02/09/2015,90007,6.751991,38.40889,Valid
7,,,910164652,Tafese Tesfaye,700969,6751826.5,38422074.17,ACTIVE,02/09/2015,90009,6.751826,38.422074,Valid
7,,,916164092,Teshome Gada,700970,6749838.783,38423928.57,ACTIVE,02/09/2015,90009,6.749839,38.423929,Valid
7,,,913427783,Ayele Arfaso,700971,6750763.3,38424896.18,ACTIVE,02/09/2015,90009,6.750763,38.424896,Valid
7,,,916932957,Mansa Mengesha,700972,6753027.067,38423672.38,ACTIVE,02/09/2015,90009,6.753027,38.423672,Valid
7,,,986479605,Aleqa Hamaro,700973,6752982.9,38423661.53,ACTIVE,02/09/2015,90009,6.752983,38.423662,Valid
7,,,916165617,Teklu Abebe,700974,6753197.983,38429690.22,ACTIVE,02/09/2015,90009,6.753198,38.42969,Valid
8,,,916642785,Teshome Hariso,800525,6751744.867,38433271.25,ACTIVE,02/09/2015,90010,6.751745,38.433271,Valid
8,,,901553593,Nadamo Dongato,800526,6748162.667,38437856.8,ACTIVE,02/09/2015,90010,6.748163,38.437857,Valid
8,,,913476608,Kifle Tona,800527,6752420.933,38432102.33,ACTIVE,02/09/2015,90010,6.752421,38.432102,Valid
8,,,921789157,Daniel Danole,800528,6752455.717,38432095.53,ACTIVE,02/09/2015,90010,6.752456,38.432096,Valid
8,,,916503923,Fisa Bunkura,800529,6753077.417,38430594.2,ACTIVE,02/09/2015,90010,6.753077,38.430594,Valid
8,,,916169061,Mekane Yesus B/Christian,800530,6752725.883,38432333.6,ACTIVE,02/09/2015,90010,6.752726,38.432334,Valid
8,,,916137392,Didamo Dikale,800531,6753275.533,38432382.38,ACTIVE,02/09/2015,90010,6.753276,38.432382,Valid
9,,,934908761,Tafese Hokola,900653,6746100.75,38439221.42,ACTIVE,02/09/2015,90010,6.746101,38.439221,Valid
9,,,916102880,Ayele Baranga,900654,6747423.967,38430288.45,ACTIVE,02/09/2015,90010,6.747424,38.430288,Valid
9,,,924652378,Fiqadu Hosholla,900655,6745097.617,38438625.37,ACTIVE,02/09/2015,90010,6.745098,38.438625,Valid
9,,,927153324,Aschienaq Wegou,900656,6745154.667,38438321.72,ACTIVE,02/09/2015,90010,6.745155,38.438322,Valid
9,,,939156289,Ezedin Mohammed,900657,6746383.683,38437069.25,ACTIVE,02/09/2015,90010,6.746384,38.437069,Valid
1,,,916169701,Muhidin Idris,101195,6742491.05,38374165.73,ACTIVE,05/11/2015,90011,6.742491,38.374166,Valid
1,,,911925301,Selamawit Getachew,101196,6742660.667,38371977.77,ACTIVE,05/11/2015,90011,6.742661,38.371978,Valid
1,,,916168803,Ambayew Niguse,101197,6745460.4,38377482.38,ACTIVE,05/11/2015,90011,6.74546,38.377482,Valid
1,,,913425230,Desta Kebede,101198,6742505.25,38370704.98,ACTIVE,05/11/2015,90011,6.742505,38.370705,Valid
1,,,954803870,Beshir Kedir,101199,,,DISCONNECT,05/11/2015,90011,,,Missing or Invalid GPS
1,,,916814055,Yohannes Debso,101200,6733773.05,38370123.03,ACTIVE,05/11/2015,90011,6.733773,38.370123,Valid
1,,,945179951,Awol Jamal,101201,6750426.433,38377701.62,ACTIVE,05/11/2015,90011,6.750426,38.377702,Valid
1,,,916028699,Habtamu Garsamo,101202,6724780.717,38366958.25,ACTIVE,05/11/2015,90011,6.724781,38.366958,Valid
1,,,916833328,Abduljalil Ali,101203,6742984.567,38370512.4,ACTIVE,05/11/2015,90011,6.742985,38.370512,Valid
1,,,908924335,Kassa Kambata,101204,6758418.817,38378400.05,ACTIVE,05/11/2015,90011,6.758419,38.3784,Valid
1,,,916164004,Teferi Teshome,101205,6749641.933,38376536.92,ACTIVE,05/11/2015,90011,6.749642,38.376537,Valid
2,,Awada,916515869,Melaku Kassa,201046,6748204.0,38381740.0,ACTIVE,10-11-2015,90011,6.748204,38.38174,Valid
2,,Awada,934609688,Tamrat Debso,201047,6748694.717,38382020.45,ACTIVE,10/11/2015,90011,6.748695,38.38202,Valid
2,,Stadium,916139381,Endale Kedir,201048,6745413.767,38398220.77,ACTIVE,10/11/2015,90007,6.745414,38.398221,Valid
4,,,989939910,Tezera Selemon,400599,6742723.8,38408977.77,ACTIVE,10/11/2015,90027,6.742724,38.408978,Valid
4,,,916810699,Tefera Shone,400590,6745138.083,38407034.5,ACTIVE,10/11/2015,90027,6.745138,38.407035,Valid
4,,,910016738,Alemu Qare,400591,6742290.183,38407792.5,ACTIVE,10/11/2015,90027,6.74229,38.407792,Valid
4,,,916164309,Tefera Bada,400592,6745335.95,38406571.9,ACTIVE,10/11/2015,90027,6.745336,38.406572,Valid
5,,,913135272,Habtamu Tadesse,501041,6750833.133,38411601.43,ACTIVE,10/11/2015,90007,6.750833,38.411601,Valid
5,,,939170735,Wendimu Sunura,501042,6751321.95,38412472.28,ACTIVE,10/11/2015,90007,6.751322,38.412472,Valid
5,,,975418953,Tesfaye Wolde,501043,6754018.383,38411730.12,ACTIVE,10/11/2015,90007,6.754018,38.41173,Valid
5,,,916515754,Usuman Kalil,501044,6753726.2,38408364.18,ACTIVE,10/11/2015,90007,6.753726,38.408364,Valid
5,,,916022243,Firdaychew Hatiso,501045,6753821.533,38412587.15,ACTIVE,10/11/2015,90007,6.753822,38.412587,Valid
6,,,926434396,Silenat Shewarega,600693,6745679.717,38410153.18,ACTIVE,10/11/2015,90009,6.74568,38.410153,Valid
6,,,916327224,Tayech Tariku,600694,6747199.767,38413300.9,ACTIVE,10/11/2015,90009,6.7472,38.413301,Valid
6,,,977501271,Mesfin Mulugeta,600695,6742403.183,38409208.57,ACTIVE,10/11/2015,90009,6.742403,38.409209,Valid
6,,,903760415,Mihret Bekele,600696,6742406.4,38409347.58,ACTIVE,10/11/2015,90009,6.742406,38.409348,Valid
7,,,967425238,Kebubush Kabiso,700975,6749717.883,38421828.3,ACTIVE,10/11/2015,90009,6.749718,38.421828,Valid
7,,,954785432,Lital Mengistu,700976,6751510.283,38423479.13,ACTIVE,10/11/2015,90009,6.75151,38.423479,Valid
8,,,901550382,Lenjisho neera ,800540,6749616.683,38425740.3,ACTIVE,10/11/2015,90010,6.749617,38.42574,Valid
7,,,926389356,Tafese Bogale,700978,6752366.617,38419001.47,ACTIVE,10/11/2015,90009,6.752367,38.419001,Valid
7,,,932190373,Mekdes Tefera,700979,,,DISCONNECT,10/11/2015,90009,,,Missing or Invalid GPS
7,,,982055748,Amelmal Qiros,700980,6750345.417,38425001.58,ACTIVE,10/11/2015,90009,6.750345,38.425002,Valid
7,,,916030091,Elsabet Woreku,700981,6752001.233,38427493.85,ACTIVE,10/11/2015,90009,6.752001,38.427494,Valid
8,,,916808238,Ayele Washicha,800541,6752242.55,38433429.58,ACTIVE,10/11/2015,90010,6.752243,38.43343,Valid
8,,,932811641,Elias Wetera,800532,6749108.983,38437734.8,ACTIVE,10/11/2015,90010,6.749109,38.437735,Valid
8,,,912471858,Jafer Hussein,800533,6749106.633,38431266.28,ACTIVE,10/11/2015,90010,6.749107,38.431266,Valid
9,,,909923523,Asnaqe Tute,900658,6748342.517,38427820.7,ACTIVE,10/11/2015,90010,6.748343,38.427821,Valid
7,,,926923346,Shure Ayele,700983,6750161.05,38424658.88,ACTIVE,09/01/2016,90009,6.750161,38.424659,Valid
8,,,912095603,Degife Gasara,800534,6751380.967,38431061.02,ACTIVE,10/01/2016,90010,6.751381,38.431061,Valid
1,,,904752906,Selemon Dima,101206,6737619.783,38371694.9,ACTIVE,10/01/2016,90011,6.73762,38.371695,Valid
1,,,965867293,Sabatu Hagirsa,101207,6748030.883,38375499.23,ACTIVE,10/01/2016,90011,6.748031,38.375499,Valid
1,,,916664161,Semen Hagirsa,101208,6747923.217,38375482.97,ACTIVE,10/01/2016,90011,6.747923,38.375483,Valid
1,,,984251545,Ararso Adela,101210,6734730.467,38372744.68,ACTIVE,10/01/2016,90011,6.73473,38.372745,Valid
1,,,965866048,Mohammed Abdi,101211,6745422.983,38377863.45,ACTIVE,10/01/2016,90011,6.745423,38.377863,Valid
1,,,925000006,Kedija Mohammed,101212,6748989.967,38377714.3,ACTIVE,10/01/2016,90011,6.74899,38.377714,Valid
1,,,923734641,Yohannes Dora,101213,6728641.183,38369027.08,ACTIVE,11/01/2016,90011,6.728641,38.369027,Valid
1,,,945829939,Selemon Zewde,101214,6735252.2,38372965.77,ACTIVE,11/01/2016,90011,6.735252,38.372966,Valid
1,,,910193551,Abraham Torogo,101215,6750923.383,38376071.23,ACTIVE,11/01/2016,90011,6.750923,38.376071,Valid
1,,,910193551,Abraham Torogo No 2,101216,6751182.133,38376429.92,ACTIVE,11/01/2016,90011,6.751182,38.37643,Valid
1,,,910193551,Abraham Torogo,101217,6751215.483,38376070.82,ACTIVE,11/01/2016,90011,6.751215,38.376071,Valid
2,,Awada,926051283,Yishaq Abraham,201050,6747550.233,38387321.47,ACTIVE,11/01/2016,90011,6.74755,38.387321,Valid
2,,Stadium,916415922,Zerhun Ketema,201051,6740029.533,38406238.97,ACTIVE,11/01/2016,90007,6.74003,38.406239,Valid
2,,Stadium,,Getachew Haro,201052,6740038.95,38406188.77,ACTIVE,11/01/2016,90007,6.740039,38.406189,Valid
2,,Awada,913204812,Ayelech Belete,201053,6748073.05,38381673.52,ACTIVE,11/01/2016,90011,6.748073,38.381674,Valid
2,,Awada,912060351,Bete/Yesus B/Christian,201054,6748843.65,38387219.05,ACTIVE,11/01/2016,90011,6.748844,38.387219,Valid
2,,Stadium,926614101,Bolka Godebo,201055,6739212.033,38404327.4,ACTIVE,11/01/2016,90007,6.739212,38.404327,Valid
2,,Stadium,930666877,Bizu Alem Tilaye,201056,6742258.667,38402947.05,ACTIVE,11/01/2016,90007,6.742259,38.402947,Valid
2,,Stadium,913198864,Abebaw Birhanu,201057,6741966.033,38404482.82,ACTIVE,11/01/2016,90007,6.741966,38.404483,Valid
2,,Stadium,916164808,Menbere Mengistu,201058,6742991.983,38405622.17,ACTIVE,11/01/2016,90007,6.742992,38.405622,Valid
3,,,976239244,Wendou Dame,300813,6751960.583,38406770.3,ACTIVE,11/01/2016,90027,6.751961,38.40677,Valid
3,,,901550487,Wubshet H/Meskel,300814,6751538.417,38404551.0,ACTIVE,11/01/2016,90027,6.751538,38.404551,Valid
3,,,,Y/K/Mazegaja Greener Landscaping,300815,6746090.5,38401013.68,ACTIVE,11/01/2016,90027,6.746091,38.401014,Valid
3,,,916964040,Sitota Bezabih,300816,6752282.3,38405729.02,ACTIVE,11/01/2016,90027,6.752282,38.405729,Valid
2,,Stadium,916808127,Amare Kintamo,201059,6739964.233,38406101.73,ACTIVE,11/01/2016,90007,6.739964,38.406102,Valid
4,,,916167503,Lanqamo Jilcha,400594,6743036.05,38407959.43,ACTIVE,11/01/2016,90027,6.743036,38.407959,Valid
4,,,911078586,Emebet H/Mariam,400602,0.0,0.0,DISCONNECT,11/01/2016,90027,,,Missing or Invalid GPS
5,,,916165849,Marqos H/Mariam,501046,6752481.617,38410816.12,ACTIVE,11/01/2016,90007,6.752482,38.410816,Valid
5,,,932708113,Gezahegn Galfato,501047,6753352.75,38407891.48,ACTIVE,11/01/2016,90007,6.753353,38.407891,Valid
5,,,932872262,Getinet Asefa,501048,6749567.0,38411561.4,ACTIVE,11/01/2016,90007,6.749567,38.411561,Valid
5,,,967235857,Tigist Jamal,501049,6751922.85,38413461.73,ACTIVE,11/01/2016,90007,6.751923,38.413462,Valid
6,,,916078653,Workneh Wolasa,600697,6743281.867,38412418.17,ACTIVE,11/01/2016,90009,6.743282,38.412418,Valid
6,,,916942398,Chernet Ayele,600698,6743084.567,38412304.57,ACTIVE,11/01/2016,90009,6.743085,38.412305,Valid
7,,,916374942,Birhanu Bolka,700984,6749365.45,38419196.87,ACTIVE,11/01/2016,90009,6.749365,38.419197,Valid
9,,,964039125,Adanech Gebiba,900663,6748742.383,38430515.2,ACTIVE,11/01/2016,90010,6.748742,38.430515,Valid
7,,,916853187,Beyenech Yohannes,700986,6751648.433,38428532.88,ACTIVE,11/01/2016,90009,6.751648,38.428533,Valid
7,,,911809279,Bizuneh W/Tsadiq,700987,6750939.0,38416939.05,ACTIVE,11/01/2016,90009,6.750939,38.416939,Valid
7,,,978921646,Adane Qera,700988,6751322.983,38422691.53,ACTIVE,11/01/2016,90009,6.751323,38.422692,Valid
7,,,916641642,Dagnachew Belay,700989,6750976.633,38417843.72,ACTIVE,11/01/2016,90009,6.750977,38.417844,Valid
8,,,916153551,Yohannes Ribso,800535,6751436.933,38433329.25,ACTIVE,11/01/2016,90010,6.751437,38.433329,Valid
8,,,928237452,Abera Bekele,800536,6753082.1,38431962.38,ACTIVE,11/01/2016,90010,6.753082,38.431962,Valid
8,,,901551955,Emebet Tesema,800537,6750610.2,38427134.98,ACTIVE,11/01/2016,90010,6.75061,38.427135,Valid
8,,,964039759,Bogale Bolka,800538,6751654.35,38432278.33,ACTIVE,11/01/2016,90010,6.751654,38.432278,Valid
8,,,926389360,Teklu Hanta,800539,6751144.85,38429159.45,ACTIVE,11/01/2016,90010,6.751145,38.429159,Valid
9,,,908736275,Teshome Tesfaye,900659,6745932.033,38440693.07,ACTIVE,11/01/2016,90010,6.745932,38.440693,Valid
9,,,925650452,Meselech Mamo ,900660,6746768.267,38437549.88,ACTIVE,11/01/2016,90010,6.746768,38.43755,Valid
9,,,916504833,Habtamu Gezahegn,900661,6745383.75,38443675.63,ACTIVE,11/01/2016,90010,6.745384,38.443676,Valid
9,,,912155141,Mihdiya Kemal,900662,6746474.383,38436810.68,ACTIVE,11/01/2016,90010,6.746474,38.436811,Valid
1,,,934735144,Kuma Dangiso,101218,,,DISCONNECT,14/01/2016,90011,,,Missing or Invalid GPS
7,,,,Birhanu and Anleyay Block Association,700990,6749330.517,38417790.13,ACTIVE,30/01/2016,90009,6.749331,38.41779,Valid
1,,,928778703,Zelalem Girma,101219,6732285.983,38369146.0,ACTIVE,03/04/2016,90011,6.732286,38.369146,Valid
1,,,977138436,Dotora Garsamo,101220,6737187.917,38374402.98,ACTIVE,03/04/2016,90011,6.737188,38.374403,Valid
1,,,926129493,Selamu Aman,101221,6737851.65,38368015.45,ACTIVE,03/04/2016,90011,6.737852,38.368015,Valid
1,,,908923803,Mindaye Getachew,101222,6748915.517,38377234.78,ACTIVE,03/04/2016,90011,6.748916,38.377235,Valid
1,,,916604354,Tariku Kebede,101223,6746453.783,38375743.75,ACTIVE,03/04/2016,90011,6.746454,38.375744,Valid
1,,,924685064,Adisu Asefa,101224,6751037.317,38375239.07,ACTIVE,03/04/2016,90011,6.751037,38.375239,Valid
2,,Stadium,928797364,Marta Zerhun,201061,6738890.317,38403633.47,ACTIVE,09/04/2016,90007,6.73889,38.403633,Valid
2,,Stadium,,Mandafro Mengesha,201062,6744913.6,38398132.02,ACTIVE,09/04/2016,90007,6.744914,38.398132,Valid
3,,,916664297,Tefera Qiato,300817,6748199.383,38399502.68,ACTIVE,09/04/2016,90027,6.748199,38.399503,Valid
5,,,934233634,Abay Agaw,501051,6749068.7,38409977.92,ACTIVE,09-04-2016,90007,6.749069,38.409978,Valid
5,,,916153934,Amarech Lamacha,501052,6752934.55,38414279.35,ACTIVE,09/04/2016,90007,6.752935,38.414279,Valid
6,,,916856765,Adanech Shibiru,600700,6742911.067,38410101.83,ACTIVE,09/04/2016,90009,6.742911,38.410102,Valid
6,,,926286808,Belay Legesse,600701,6745384.417,38413869.7,ACTIVE,09/04/2016,90009,6.745384,38.41387,Valid
7,,,911729800,Alaka Tawota,700991,6752260.067,38425372.38,ACTIVE,09/04/2016,90009,6.75226,38.425372,Valid
8,,,916168489,Tareqegn Deboch,800542,6750564.483,38433430.02,ACTIVE,09/04/2016,90010,6.750564,38.43343,Valid
9,,,916361787,Roda Yontana,900664,6748016.567,38437820.48,ACTIVE,09/04/2016,90010,6.748017,38.43782,Valid
2,,Awada,912612433,Esachew Gatso,201063,6744711.133,38386110.35,ACTIVE,07/06/2016,90011,6.744711,38.38611,Valid
2,,Stadium,945158054,Abera Yetera,201064,6739388.9,38403656.3,ACTIVE,07/06/2016,90007,6.739389,38.403656,Valid
2,,Stadium,964800838,Zegeye Milqiyas,201065,6738857.683,38403755.15,ACTIVE,07/06/2016,90007,6.738858,38.403755,Valid
2,,Stadium,900076707,Etenesh Gululat,201066,6742801.05,38402916.75,ACTIVE,07/06/2016,90007,6.742801,38.402917,Valid
2,,Stadium,912136343,Demelash Asefa,201067,,,DISCONNECT,07/06/2016,90007,,,Missing or Invalid GPS
2,,Stadium,916941312,Sosina Silesh,201068,6741897.467,38405245.08,ACTIVE,07/06/2016,90007,6.741897,38.405245,Valid
2,,Stadium,,Yebirgual Gelaye,201069,6743819.2,38402294.77,ACTIVE,07/06/2016,90007,6.743819,38.402295,Valid
2,,Awada,906452331,Habtamu Lema,201070,6753683.467,38391344.58,ACTIVE,07/06/2016,90011,6.753683,38.391345,Valid
3,,,916074578,Asfaw Duchsho,300818,6750403.9,38401839.72,ACTIVE,07/06/2016,90027,6.750404,38.40184,Valid
3,,,916504667,Seble Tadesse,300819,6748454.667,38399014.4,ACTIVE,07/06/2016,90027,6.748455,38.399014,Valid
3,,,938315916,Degsew Yaqob,300820,6748740.033,38399133.53,ACTIVE,07/06/2016,90027,6.74874,38.399134,Valid
3,,,954804337,Bekelech Yetera,300821,6753395.867,38405340.17,ACTIVE,07/06/2016,90027,6.753396,38.40534,Valid
3,,,926989133,Imru Arega,300822,6748736.967,38399002.83,ACTIVE,07/06/2016,90027,6.748737,38.399003,Valid
3,,,913561636,Zerhun Sasamo,300823,6748433.75,38398975.82,ACTIVE,07/06/2016,90027,6.748434,38.398976,Valid
3,,,916066647,Adane Hajamo,300824,6748757.017,38398945.65,ACTIVE,07/06/2016,90027,6.748757,38.398946,Valid
3,,,916372511,Degnet Desta,300825,6750137.3,38400135.5,ACTIVE,07/06/2016,90027,6.750137,38.400135,Valid
4,,,969142161,Turungo Eshetu,400595,6745156.05,38408541.83,ACTIVE,07/06/2016,90027,6.745156,38.408542,Valid
4,,,911420245,Nigusu Bekele,400596,6745382.95,38406581.13,ACTIVE,07/06/2016,90027,6.745383,38.406581,Valid
4,,,911288047,Matiwos Daniel,400597,6747217.3,38407118.03,ACTIVE,07/06/2016,90027,6.747217,38.407118,Valid
4,,,913655405,Ahmed Mohammed,400598,6743790.0,38408929.7,ACTIVE,07/06/2016,90027,6.74379,38.40893,Valid
7,,,913016739,Tegene Geremew,701013,6751801.617,38422535.72,ACTIVE,07/06/2016,90009,6.751802,38.422536,Valid
5,,,916044070,Tareqegn Alemayehu,501054,6750994.533,38409879.4,ACTIVE,07/06/2016,90007,6.750995,38.409879,Valid
5,,,909739410,Dawit Kebede,501055,6754284.467,38409738.88,ACTIVE,07/06/2016,90007,6.754284,38.409739,Valid
7,,,968775767,H/Birhan Betekristian,701022,6751774.95,38419798.63,ACTIVE,07/06/2016,90009,6.751775,38.419799,Valid
5,,,915597528,Tamrat Tesema,501057,6750879.85,38407853.97,ACTIVE,07/06/2016,90007,6.75088,38.407854,Valid
7,,,937446810,Yosef Qenta,701015,6753285.333,38417169.45,ACTIVE,07/06/2016,90009,6.753285,38.417169,Valid
7,,,916453276,Muktar Hussein,701016,6751909.05,38424261.35,ACTIVE,07/06/2016,90009,6.751909,38.424261,Valid
6,,,924444818,Yonatan Teshome,600702,6746436.133,38414392.5,ACTIVE,07/06/2016,90009,6.746436,38.414392,Valid
6,,,916116404,Getachew Gebiso,600703,6741944.917,38409699.15,ACTIVE,07/06/2016,90009,6.741945,38.409699,Valid
7,,,916164642,Tareqegn Irqihun,700993,6749342.583,38418766.65,ACTIVE,07/06/2016,90009,6.749343,38.418767,Valid
7,,,916810651,Binyam Qajsho,700994,6750532.117,38420831.68,ACTIVE,07/06/2016,90009,6.750532,38.420832,Valid
7,,,982055310,Biruk Bizuneh,700995,6754209.733,38417645.18,ACTIVE,07/06/2016,90009,6.75421,38.417645,Valid
7,,,977788730,Aster Kasahun,700996,,,DISCONNECT,07/06/2016,90009,,,Missing or Invalid GPS
7,,,916373591,Dawit Debesa,700997,6754124.583,38417611.3,ACTIVE,07/06/2016,90009,6.754125,38.417611,Valid
7,,,916037276,Turufat Geletu,700998,6754076.55,38417780.75,ACTIVE,07/06/2016,90009,6.754077,38.417781,Valid
7,,,985292920,Teshome Shashamo,700999,6751826.133,38421426.37,ACTIVE,07/06/2016,90009,6.751826,38.421426,Valid
7,,,916642117,Gululat Gugo,701000,6751841.85,38419001.07,ACTIVE,07/06/2016,90009,6.751842,38.419001,Valid
7,,,910333947,Achamyelesh Arega,701001,6750883.417,38422898.18,ACTIVE,07/06/2016,90009,6.750883,38.422898,Valid
7,,,924655734,Mulugeta Desalegn,701002,6751125.583,38427430.42,ACTIVE,07/06/2016,90009,6.751126,38.42743,Valid
7,,,913230852,Argiso Ugamo,701003,6752913.833,38419206.37,ACTIVE,07/06/2016,90009,6.752914,38.419206,Valid
7,,,977769266,Sisay Areda,701004,6750857.233,38420031.62,ACTIVE,07/06/2016,90009,6.750857,38.420032,Valid
7,,,907039461,Melese Agaro,701005,6749392.0,38424351.03,ACTIVE,07/06/2016,90009,6.749392,38.424351,Valid
7,,,916331550,Frew Tadesse,701006,6749377.617,38424180.33,ACTIVE,07/06/2016,90009,6.749378,38.42418,Valid
7,,,916941862,Tilahun Habesha,701007,6751182.033,38422169.55,ACTIVE,07/06/2016,90009,6.751182,38.42217,Valid
8,,,926527849,Ejigayhu Worku,800543,6748608.867,38427385.6,ACTIVE,07/06/2016,90010,6.748609,38.427386,Valid
8,,,926560077,Mulugeta Belay,800544,6747757.8,38429269.02,ACTIVE,07/06/2016,90010,6.747758,38.429269,Valid
8,,,913782051,Dangamo Danole,800545,6749346.45,38430093.07,ACTIVE,07/06/2016,90010,6.749346,38.430093,Valid
8,,,928802945,Israel Ejigu,800546,6751364.183,38433903.55,ACTIVE,07/06/2016,90010,6.751364,38.433904,Valid
8,,,905464518,Abel Tesfaye,800547,6747462.967,38436808.08,ACTIVE,07/06/2016,90010,6.747463,38.436808,Valid
8,,,939149072,Tariku Kebede,800548,6746781.783,38438062.25,ACTIVE,07/06/2016,90010,6.746782,38.438062,Valid
8,,,916504403,Tariku Tesema,800549,6752404.233,38431252.77,ACTIVE,07/06/2016,90010,6.752404,38.431253,Valid
8,,,966102874,Wude Kassa,800550,6752108.733,38432663.98,ACTIVE,07/06/2016,90010,6.752109,38.432664,Valid
8,,,904752769,Etenesh Waqtola,800551,6749596.0,38430898.87,ACTIVE,07/06/2016,90010,6.749596,38.430899,Valid
9,,,909988238,Bekele Sirbo,900665,6751084.417,38433270.17,ACTIVE,07/06/2016,90010,6.751084,38.43327,Valid
9,,,934735936,Sasamo Toshe,900666,6746994.6,38431824.48,ACTIVE,07/06/2016,90010,6.746995,38.431824,Valid
9,,,926412890,Teshome Talore,900667,6745547.233,38442317.95,ACTIVE,07/06/2016,90010,6.745547,38.442318,Valid
9,,,987241394,Demse Hanqamo,900668,6746439.533,38440265.95,ACTIVE,07/06/2016,90010,6.74644,38.440266,Valid
1,,,916597050,Teklu Samuel,101225,6735324.1,38368253.23,ACTIVE,09/06/2016,90011,6.735324,38.368253,Valid
1,,,988945505,Azalech Teka,101226,6740701.283,38370350.02,ACTIVE,09/06/2016,90011,6.740701,38.37035,Valid
1,,,901552218,Pawlos Qanqeso,101227,6765576.95,38374012.53,ACTIVE,09/06/2016,90011,6.765577,38.374013,Valid
1,,,924654824,Botala Qanqura,101228,6765758.317,38373887.63,ACTIVE,09/06/2016,90011,6.765758,38.373888,Valid
1,,,916076150,Wolde Boka,101229,6767426.917,38373401.07,ACTIVE,09/06/2016,90011,6.767427,38.373401,Valid
1,,,916402858,Demeqech Murasa,101230,6766388.467,38373334.15,ACTIVE,09/06/2016,90011,6.766388,38.373334,Valid
1,,,916412810,Shuramo Chomora,101231,6766429.083,38373472.82,ACTIVE,09/06/2016,90011,6.766429,38.373473,Valid
1,,,934515589,Melese Mengesha,101232,6765542.967,38374132.45,ACTIVE,09/06/2016,90011,6.765543,38.374132,Valid
1,,,934683407,Goshu Godebo,101233,6764565.383,38374755.4,ACTIVE,09/06/2016,90011,6.764565,38.374755,Valid
1,,,916823434,Shiferaw Iresa,101234,6750439.5,38376095.35,ACTIVE,09/06/2016,90011,6.750439,38.376095,Valid
1,,,916333183,Ageze Adisu,101235,6732769.583,38369066.83,ACTIVE,09/06/2016,90011,6.73277,38.369067,Valid
1,,,916100728,Haileyesus Qenbira,101236,6732889.45,38369064.82,ACTIVE,09/06/2016,90011,6.732889,38.369065,Valid
1,,,983649882,Fiseha Fikru,101237,6770190.95,38377443.98,ACTIVE,09/06/2016,90011,6.770191,38.377444,Valid
1,,,925122850,Israel Tumato,101238,6722581.267,38363084.43,DISCONNECT,09/06/2016,90011,6.722581,38.363084,Valid
1,,,916164689,Negash Fiqadu,101239,6769426.55,38377772.87,ACTIVE,09/06/2016,90011,6.769427,38.377773,Valid
1,,,934110585,Ageze Toloma,101240,6767584.183,38377420.25,ACTIVE,09/06/2016,90011,6.767584,38.37742,Valid
1,,,934734311,Alemayehu Derese,101241,6732490.233,38368545.47,ACTIVE,09/06/2016,90011,6.73249,38.368545,Valid
1,,,916865454,Qes Qaqawo Qamiso,101242,6766861.167,38374616.5,ACTIVE,09/06/2016,90011,6.766861,38.374617,Valid
1,,,916865454,Tula Hawariyat Betekristiyan,101243,6766985.45,38374491.85,ACTIVE,09/06/2016,90011,6.766985,38.374492,Valid
1,,,,Tula Qalehiwot Betekristiyan,101244,6767908.783,38377674.12,ACTIVE,09/06/2016,90011,6.767909,38.377674,Valid
1,,,934684233,Qitesa Boke,101245,6770882.567,38377446.83,ACTIVE,09/06/2016,90011,6.770883,38.377447,Valid
1,,,916073241,Genene Gabso,101246,6767045.983,38377746.27,ACTIVE,09/06/2016,90011,6.767046,38.377746,Valid
1,,,923409457,Getu Gabiso,101247,6767398.9,38377806.13,ACTIVE,09/06/2016,90011,6.767399,38.377806,Valid
1,,,913111054,Shimeles Shitaye,101248,6769093.617,38377749.23,ACTIVE,09/06/2016,90011,6.769094,38.377749,Valid
1,,,908305133,Dinqayhu Niguse,101249,6770305.117,38377676.17,ACTIVE,09/06/2016,90011,6.770305,38.377676,Valid
1,,,939307530,Melaku Hushula,101250,6746457.183,38374824.48,ACTIVE,09/06/2016,90011,6.746457,38.374824,Valid
1,,,908944563,Qedele Qamiso,101251,6767217.017,38374441.13,ACTIVE,09/06/2016,90011,6.767217,38.374441,Valid
1,,,916106396,Abraham Dotora,101252,6771567.583,38377650.23,ACTIVE,09/06/2016,90011,6.771568,38.37765,Valid
1,,,,Belay Bekele,101253,6764926.3,38374794.5,ACTIVE,09/06/2016,90011,6.764926,38.374795,Valid
1,,,,Getachew Argata,101254,6764325.283,38375313.85,ACTIVE,09/06/2016,90011,6.764325,38.375314,Valid
1,,,903530823,Eshetu Alemu,101255,6772535.833,38377802.48,ACTIVE,09/06/2016,90011,6.772536,38.377802,Valid
1,,,916164817,Abera Abebe,101256,6767966.433,38377476.78,ACTIVE,09/06/2016,90011,6.767966,38.377477,Valid
1,,,926614702,Kasahun Sunbaso,101257,6766733.733,38377679.65,ACTIVE,09/06/2016,90011,6.766734,38.37768,Valid
1,,,924653750,Samuel Burqa,101258,6765451.533,38375367.93,ACTIVE,09/06/2016,90011,6.765452,38.375368,Valid
1,,,916810211,Afra Tsege,101259,6772535.833,38377802.48,ACTIVE,09/06/2016,90011,6.772536,38.377802,Valid
1,,,908945472,Melkamu Shura,101260,6767756.567,38377478.13,ACTIVE,09/06/2016,90011,6.767757,38.377478,Valid
1,,,916167556,Tamrat Tadesse,101261,6768514.0,38377365.63,ACTIVE,09/06/2016,90011,6.768514,38.377366,Valid
1,,,920441941,Wene Q/H/Bet/Yan,101262,6722555.983,38363291.9,ACTIVE,09/06/2016,90011,6.722556,38.363292,Valid
1,,,911395446,Etenesh Atnafu,101263,6765680.717,38375962.17,ACTIVE,09/06/2016,90011,6.765681,38.375962,Valid
1,,,915597505,Lema Dansamo,101264,6766819.733,38379035.22,ACTIVE,09/06/2016,90011,6.76682,38.379035,Valid
1,,,,Behaylu Tareqegn,101265,6737212.55,38368473.08,ACTIVE,09/06/2016,90011,6.737213,38.368473,Valid
1,,,984942306,Abraham Argaw,101266,6764339.2,38377607.9,ACTIVE,09/06/2016,90011,6.764339,38.377608,Valid
1,,,913970070,Muse Dado,101267,6766568.367,38377841.88,ACTIVE,09/06/2016,90011,6.766568,38.377842,Valid
1,,,927009031,Argaw Tadesse,101268,6765309.3,38377572.97,ACTIVE,09/06/2016,90011,6.765309,38.377573,Valid
1,,,911939864,Yilma Tadesse,101269,6766244.183,38378085.55,ACTIVE,09/06/2016,90011,6.766244,38.378086,Valid
1,,,913689678,Tesema Tego,101270,6736656.05,38368160.37,DISCONNECT,09/06/2016,90011,6.736656,38.36816,Valid
1,,,916074705,Mesele Nanewu,101271,6751100.633,38378139.53,ACTIVE,09/06/2016,90011,6.751101,38.37814,Valid
1,,,934716259,Tewodros Butusha,101272,6738479.55,38370714.95,ACTIVE,09/06/2016,90011,6.73848,38.370715,Valid
1,,,916164476,Shika Adela,101273,6750547.6,38377257.8,ACTIVE,09/06/2016,90011,6.750548,38.377258,Valid
1,,,933692046,Tula Hanjo M/Yesus Betekrisyan,101274,6756203.35,38379300.98,ACTIVE,09/06/2016,90011,6.756203,38.379301,Valid
3,,,912392692,Duresa Wachamo,300826,6752345.95,38403356.95,ACTIVE,15/06/2016,90027,6.752346,38.403357,Valid
1,,,916043275,Bizuneh Yosef,101275,6732670.917,38369094.65,ACTIVE,02/09/2016,90011,6.732671,38.369095,Valid
1,,,913052694,Mirinda Teklu,101276,6731733.433,38369128.48,ACTIVE,02/09/2016,90011,6.731733,38.369128,Valid
1,,,936904103,Nat Hushula,101277,6758175.133,38378529.25,ACTIVE,02/09/2016,90011,6.758175,38.378529,Valid
2,,Awada,961400492,Aweqe Semereh,201079,6748144.233,38381785.27,ACTIVE,02/09/2016,90011,6.748144,38.381785,Valid
1,,,911086967,Adane Bulbula,101279,6734242.883,38369651.78,ACTIVE,02/09/2016,90011,6.734243,38.369652,Valid
1,,,913622530,Bereket Esayas,101280,6733983.667,38369595.88,ACTIVE,02/09/2016,90011,6.733984,38.369596,Valid
1,,,907214813,Yenenesh Fita,101281,6747555.3,38375713.63,ACTIVE,02/09/2016,90011,6.747555,38.375714,Valid
1,,,912434289,Lale Fichamo,101282,6742493.367,38370775.33,ACTIVE,02/09/2016,90011,6.742493,38.370775,Valid
1,,,916039063,Eyasu Qaqawo,101283,6739079.7,38369219.7,ACTIVE,02/09/2016,90011,6.73908,38.36922,Valid
1,,,916517038,Mekonnen Boe,101284,6743626.783,38373721.25,ACTIVE,02/09/2016,90011,6.743627,38.373721,Valid
1,,,992025416,Abaynesh Yimene,101285,6744788.317,38376857.93,DISCONNECT,02/09/2016,90011,6.744788,38.376858,Valid
1,,,954806570,Dara Baso,101286,6747863.617,38371083.6,ACTIVE,02/09/2016,90011,6.747864,38.371084,Valid
2,,Stadium,911756477,Roman Erdachew,201071,6745288.933,38402457.88,ACTIVE,02/09/2016,90007,6.745289,38.402458,Valid
2,,Stadium,916809533,Abate Latamo,201072,6744958.267,38401949.67,ACTIVE,02/09/2016,90007,6.744958,38.40195,Valid
2,,Stadium,925592620,Mesfin Elias,201073,6738840.6,38403782.1,ACTIVE,02/09/2016,90007,6.738841,38.403782,Valid
2,,Awada,916169021,Temesgen Shilingo,201074,6747697.367,38382556.28,ACTIVE,02/09/2016,90011,6.747697,38.382556,Valid
2,,Awada,926389170,Mesafint Feleqe,201075,6748016.933,38381667.55,ACTIVE,02/09/2016,90011,6.748017,38.381668,Valid
2,,Awada,912036643,Etaferaw Asfachew,201076,6753454.267,38390831.93,ACTIVE,02/09/2016,90011,6.753454,38.390832,Valid
2,,Stadium,916495910,Temesgen Samuel,201077,6739262.8,38403628.18,ACTIVE,02/09/2016,90007,6.739263,38.403628,Valid
2,,Awada,996762534,Legesse Argata,201078,6747419.217,38386721.22,ACTIVE,02-09-2016,90011,6.747419,38.386721,Valid
3,,,967219525,Dagim Demewoze,300827,6753126.167,38405025.13,ACTIVE,02/09/2016,90027,6.753126,38.405025,Valid
4,,,902884767,Endale Engida,400600,6743617.9,38407585.13,ACTIVE,02/09/2016,90027,6.743618,38.407585,Valid
4,,,936821041,Meselech Degefa,400601,6743890.0,38407863.78,ACTIVE,02/09/2016,90027,6.74389,38.407864,Valid
5,,,908163391,Misiru Degife,501060,6754166.15,38411778.5,ACTIVE,02/09/2016,90007,6.754166,38.411778,Valid
5,,,916167596,Hailu Yacha,501061,6751728.083,38411123.32,ACTIVE,02/09/2016,90007,6.751728,38.411123,Valid
5,,,986723943,Shuramo Shukura,501062,6753719.733,38412718.77,DISCONNECT,02/09/2016,90007,6.75372,38.412719,Valid
5,,,980404747,Mekonnen Zewde,501063,6753657.7,38413477.58,ACTIVE,02/09/2016,90007,6.753658,38.413478,Valid
5,,,916068460,Bizuneh Chomora,501064,6752557.883,38414371.75,ACTIVE,02/09/2016,90007,6.752558,38.414372,Valid
6,,,916108189,Abraham Birhanu,600704,6745925.583,38413630.9,ACTIVE,02/09/2016,90009,6.745926,38.413631,Valid
6,,,901551203,Hulunayehu Lema,600705,6744255.3,38412340.5,ACTIVE,02/09/2016,90009,6.744255,38.41234,Valid
6,,,985109459,Aklilu Besera,600706,6741763.433,38409540.17,ACTIVE,02/09/2016,90009,6.741763,38.40954,Valid
7,,,916168022,Ashenafi Dukamo,701008,6752823.533,38423780.87,ACTIVE,02/09/2016,90009,6.752824,38.423781,Valid
7,,,925170127,Zerihun Yanbo,701009,6753026.783,38417711.97,ACTIVE,02/09/2016,90009,6.753027,38.417712,Valid
7,,,910187881,Habte Kassa,701010,6752129.65,38424621.85,ACTIVE,02/09/2016,90009,6.75213,38.424622,Valid
7,,,945829981,Ashenafi Shalmo,701011,6751725.917,38424179.13,ACTIVE,02/09/2016,90009,6.751726,38.424179,Valid
7,,,916932504,Samuel Ermiyas,701012,6751817.617,38422178.13,ACTIVE,02/09/2016,90009,6.751818,38.422178,Valid
8,,,903218254,Yohannes Qenta,800552,6751454.15,38433433.68,ACTIVE,02/09/2016,90010,6.751454,38.433434,Valid
7,,,947035849,Sisay Worku,701031,6753260.117,38429346.67,ACTIVE,02/09/2016,90009,6.75326,38.429347,Valid
8,,,916516141,Abraham Belamo,800554,6751175.967,38433003.47,ACTIVE,02/09/2016,90010,6.751176,38.433003,Valid
8,,,926389229,Melkamu Matiwos,800555,6752333.467,38433246.83,ACTIVE,02/09/2016,90010,6.752333,38.433247,Valid
8,,,995861794,Chernet Mentesnot,800556,6746785.417,38437723.95,ACTIVE,02/09/2016,90010,6.746785,38.437724,Valid
8,,,977806439,Asnaqech Ketema,800557,6747072.933,38431839.5,ACTIVE,02/09/2016,90010,6.747073,38.43184,Valid
9,,,919734028,Legesse Fatasha,900669,6748646.717,38428719.93,ACTIVE,02/09/2016,90010,6.748647,38.42872,Valid
9,,,926614561,Selemon Samuel,900670,6746395.517,38443019.65,ACTIVE,02/09/2016,90010,6.746396,38.44302,Valid
9,,,915673061,Tegen Kawiso,900671,6746746.367,38443688.88,ACTIVE,02/09/2016,90010,6.746746,38.443689,Valid
9,,,908945167,Hoteso Kawiso,900672,6746536.167,38443273.15,ACTIVE,02/09/2016,90010,6.746536,38.443273,Valid
9,,,916923417,Dafursa Dache,900673,6747113.383,38444396.93,ACTIVE,02/09/2016,90010,6.747113,38.444397,Valid
9,,,910137213,Birhanu Biratu,900674,6748551.95,38448964.77,ACTIVE,02/09/2016,90010,6.748552,38.448965,Valid
9,,,926206490,Altamo Argiso,900675,6747854.483,38447072.72,ACTIVE,02/09/2016,90010,6.747854,38.447073,Valid
9,,,916809857,Abinet Zerfu,900676,6748690.883,38449331.23,ACTIVE,02/09/2016,90010,6.748691,38.449331,Valid
9,,,,Dangato Doe,900677,6747439.6,38445054.73,ACTIVE,02/09/2016,90010,6.74744,38.445055,Valid
9,,,934656965,Kefyalew Dansamo,900678,6746498.983,38443179.9,ACTIVE,02/09/2016,90010,6.746499,38.44318,Valid
9,,,919688396,Ganewu Gesamo,900679,6746939.183,38443954.95,ACTIVE,02/09/2016,90010,6.746939,38.443955,Valid
9,,,926529870,Tamene Cheru,900680,6746627.617,38443434.77,ACTIVE,02/09/2016,90010,6.746628,38.443435,Valid
9,,,983818962,Derbe Yonte,900681,6747933.15,38447479.18,ACTIVE,02/09/2016,90010,6.747933,38.447479,Valid
9,,,916164301,Tsegaye Feto,900682,6746437.25,38443133.62,ACTIVE,02/09/2016,90010,6.746437,38.443134,Valid
9,,,938207367,Fetiya Ahmed,900683,6747811.233,38431903.27,ACTIVE,02/09/2016,90010,6.747811,38.431903,Valid
9,,,916435196,Ashenafi Asefa,900684,6747212.583,38437912.62,ACTIVE,02/09/2016,90010,6.747213,38.437913,Valid
9,,,913424395,Tefera Mojo,900685,6748997.9,38426449.15,ACTIVE,02/09/2016,90010,6.748998,38.426449,Valid
2,,Stadium,,Zemedkun Sintayehu,201080,6742352.683,38404812.92,ACTIVE,01/12/2016,90007,6.742353,38.404813,Valid
6,,,919375431,Abaynesh Kebede,600707,6745405.667,38414203.63,ACTIVE,01/12/2016,90009,6.745406,38.414204,Valid
7,,,916965126,Bekele Beyene,701018,6753501.7,38417908.18,ACTIVE,01/12/2016,90009,6.753502,38.417908,Valid
7,,,916453276,Muktar Hussein,701019,6752019.483,38425639.05,ACTIVE,01/12/2016,90009,6.752019,38.425639,Valid
8,,,912982844,W/Gebriel Desta,800558,0.0,0.0,DISCONNECT,01/12/2016,90010,,,Missing or Invalid GPS
8,,,916373736,Fanose Geresu,800559,6751634.95,38432152.43,ACTIVE,01/12/2016,90010,6.751635,38.432152,Valid
9,,,964802980,Elias Motola,900686,6747799.383,38429315.25,ACTIVE,01/12/2016,90010,6.747799,38.429315,Valid
9,,,916810341,Habtamu Getachew,900687,6747867.8,38429386.72,ACTIVE,01/12/2016,90010,6.747868,38.429387,Valid
8,,,912982844,W/Gebriel Desta,800560,6748467.3,38437276.37,ACTIVE,01/12/2016,90010,6.748467,38.437276,Valid
1,,,916165034,Mesfin Belayneh,101287,6756691.05,38378267.02,ACTIVE,01/12/2016,90011,6.756691,38.378267,Valid
1,,,953805935,Enatnesh Tilahun,101288,6726984.8,38368088.7,DISCONNECT,01/12/2016,90011,6.726985,38.368089,Valid
1,,,986489203,Tesema Kebede,101289,6735555.733,38370110.42,ACTIVE,01/12/2016,90011,6.735556,38.37011,Valid
1,,,921495478,Selemon Negash,101290,6741219.85,38373383.25,ACTIVE,17/12/2016,90011,6.74122,38.373383,Valid
1,,,908279658,Zedagim Eshetu,101291,6743840.05,38374924.32,ACTIVE,17/12/2016,90011,6.74384,38.374924,Valid
1,,,936533148,Frew Tsegaye,101292,6771416.783,38377585.77,ACTIVE,17/12/2016,90011,6.771417,38.377586,Valid
1,,,925548748,Tamrat Beyene,101293,6742257.267,38370453.37,ACTIVE,17/12/2016,90011,6.742257,38.370453,Valid
2,,Awada,917480671,Muluqen Abera,201081,6753401.2,38412720.07,ACTIVE,07/01/2017,90011,6.753401,38.41272,Valid
2,,Stadium,925342651,W/Wi Mulugeta G/Hiwot,201082,6750883.933,38392471.22,ACTIVE,07/01/2017,90007,6.750884,38.392471,Valid
2,,Stadium,912143360,Amarech Regesu,201083,6742180.65,38405535.88,ACTIVE,07/01/2017,90007,6.742181,38.405536,Valid
3,,,911566247,Yewawariyawit B/Yan 03,300828,6750574.633,38399297.77,ACTIVE,07/01/2017,90027,6.750575,38.399298,Valid
5,,,916022785,Petros Jegna,501065,6754380.967,38409332.87,ACTIVE,07/01/2017,90007,6.754381,38.409333,Valid
7,,,914508493,Kambata Dangiso,701020,6750472.75,38420197.57,ACTIVE,07/01/2017,90009,6.750473,38.420198,Valid
7,,,911915784,Bogale W/Hana,701021,6749672.617,38424421.53,DISCONNECT,07/01/2017,90009,6.749673,38.424422,Valid
8,,,912010676,Merihun Tadesse,800561,6751675.8,38434175.2,ACTIVE,07/01/2017,90010,6.751676,38.434175,Valid
1,,,938200484,Zinaw Mamo,101294,6745913.367,38375520.23,ACTIVE,01/03/2017,90011,6.745913,38.37552,Valid
1,,,912854619,Abera Tsegaye,101295,6757923.817,38376533.17,ACTIVE,01/03/2017,90011,6.757924,38.376533,Valid
1,,,913576743,W/Sajin Mesfin Tomas,101296,6745653.35,38377804.12,ACTIVE,01/03/2017,90011,6.745653,38.377804,Valid
1,,,92606179,Tefera Guta,101297,6751373.367,38376291.08,ACTIVE,01/03/2017,90011,6.751373,38.376291,Valid
1,,,937717849,Ledamo Yutura,101298,6727077.533,38368120.45,ACTIVE,01/03/2017,90011,6.727078,38.36812,Valid
1,,,921452855,Tamiru Mekonnen,101299,6742694.367,38370911.65,ACTIVE,01/03/2017,90011,6.742694,38.370912,Valid
1,,,912126359,Abidelsemed Red,101300,6746165.133,38377944.43,ACTIVE,01/03/2017,90011,6.746165,38.377944,Valid
1,,,968427829,Mirga Debola,101301,6744119.367,38371846.32,ACTIVE,01/03/2017,90011,6.744119,38.371846,Valid
1,,,908923826,Maru Yalew,101302,6746620.267,38378165.0,ACTIVE,01/03/2017,90011,6.74662,38.378165,Valid
2,,Awada,916165746,Genet Nigatu,201108,6748285.3,38381970.13,ACTIVE,01/03/2017,90011,6.748285,38.38197,Valid
2,,Stadium,969457562,Gizaw Abebe,201084,6744612.95,38401721.9,ACTIVE,01/03/2017,90007,6.744613,38.401722,Valid
2,,Stadium,941850043,Yenenesh Bekele,201085,6743486.433,38401165.62,ACTIVE,01/03/2017,90007,6.743486,38.401166,Valid
4,,,916136136,Anteneh Aklilu,400603,6743196.95,38407998.97,ACTIVE,01/03/2017,90027,6.743197,38.407999,Valid
4,,,925529340,Gebiba Garo,400604,6740902.85,38406941.35,ACTIVE,01/03/2017,90027,6.740903,38.406941,Valid
5,,,916402802,Mulualem Tilahun,501066,6753429.633,38412713.1,ACTIVE,01/03/2017,90007,6.75343,38.412713,Valid
6,,,916942815,Hailu Harso,600708,6745669.7,38414331.38,ACTIVE,01/03/2017,90009,6.74567,38.414331,Valid
5,,,986355499,Mandamo Hasamo,501072,6754001.817,38412083.1,ACTIVE,01/03/2017,90007,6.754002,38.412083,Valid
7,,,902939561,Wendmagegn Gebre,701024,6749384.817,38424103.18,ACTIVE,01/03/2017,90009,6.749385,38.424103,Valid
7,,,945830484,Esayas Fute,701025,6753114.9,38423786.25,ACTIVE,01/03/2017,90009,6.753115,38.423786,Valid
8,,,926958157,Yohannes Kano,800562,6751543.267,38434513.65,ACTIVE,01/03/2017,90010,6.751543,38.434514,Valid
8,,,916516396,Meron Kebt Irbata Mahber,800563,6749576.117,38430121.07,ACTIVE,01/03/2017,90010,6.749576,38.430121,Valid
8,,,932602199,Inush Gideso,800564,6750671.367,38427184.52,ACTIVE,01/03/2017,90010,6.750671,38.427185,Valid
8,,,936040953,Bogale Kofsa,800565,6752996.3,38431715.05,ACTIVE,01/03/2017,90010,6.752996,38.431715,Valid
8,,,925668109,Tesema Samuel,800566,6752187.8,38433424.18,ACTIVE,21/04/2017,90010,6.752188,38.433424,Valid
2,,Awada,978779860,Tariku Amelo,201086,6746654.267,38387201.28,ACTIVE,06/05/2017,90011,6.746654,38.387201,Valid
1,,,931393081,Kemal Danbara,101304,6738222.6,38369172.93,ACTIVE,13/05/2017,90011,6.738223,38.369173,Valid
1,,,934234788,Biruk Yosef,101305,6747479.933,38377431.35,ACTIVE,13/05/2017,90011,6.74748,38.377431,Valid
1,,,953805830,Asfelegi Fanta,101306,6743851.65,38374931.53,ACTIVE,13/05/2017,90011,6.743852,38.374932,Valid
1,,,916165762,Tizalu Tilahun,101307,6737922.667,38367760.58,ACTIVE,13/05/2017,90011,6.737923,38.367761,Valid
1,,,912429696,Abraham Ashala,101308,6725893.767,38367478.52,ACTIVE,13/05/2017,90011,6.725894,38.367479,Valid
1,,,938905900,Habibi Sale,101309,6742894.783,38375789.72,ACTIVE,13/05/2017,90011,6.742895,38.37579,Valid
1,,,939821784,Maramo Malkato,101310,6744741.833,38360664.68,ACTIVE,13/05/2017,90011,6.744742,38.360665,Valid
1,,,980325084,Tariq Dane,101311,6737788.45,38368199.52,ACTIVE,13/05/2017,90011,6.737788,38.3682,Valid
1,,,916168455,Tesema Harqa,101312,6738317.417,38368581.53,ACTIVE,13/05/2017,90011,6.738317,38.368582,Valid
1,,,916800155,Zekarias Alemu,101313,6745612.45,38376320.78,DISCONNECT,13/05/2017,90011,6.745612,38.376321,Valid
1,,,901550795,Abush Barasa,101314,6735306.483,38368258.97,ACTIVE,13/05/2017,90011,6.735306,38.368259,Valid
1,,,968720933,Asefa Knesa,101315,6746454.8,38375502.42,ACTIVE,13/05/2017,90011,6.746455,38.375502,Valid
1,,,916808822,alenbo debesa ,101316,6742035.717,38370173.95,ACTIVE,13/05/2017,90011,6.742036,38.370174,Valid
1,,,911316077,Getu Wedaje,101317,6754204.2,38375660.03,ACTIVE,13/05/2017,90011,6.754204,38.37566,Valid
1,,,939995677,Adunya Arusa,101318,6751355.267,38376163.72,ACTIVE,13/05/2017,90011,6.751355,38.376164,Valid
1,,,979939715,Umer Hussein,101319,6741936.683,38375305.08,ACTIVE,13/05/2017,90011,6.741937,38.375305,Valid
1,,,967236423,Abebe Sherbsa,101320,6734309.017,38369702.15,ACTIVE,13/05/2017,90011,6.734309,38.369702,Valid
1,,,912138789,Atnafu Boka,101321,6767705.967,38373563.3,ACTIVE,13/05/2017,90011,6.767706,38.373563,Valid
1,,,916076150,Wolde Boka,101322,6766613.733,38377611.8,ACTIVE,13/05/2017,90011,6.766614,38.377612,Valid
1,,,925514335,Yewene Q/H/B/Yan,101323,6722629.95,38363161.92,ACTIVE,13/05/2017,90011,6.72263,38.363162,Valid
1,,,916373706,Negash Berhe,101324,6746299.533,38378215.08,ACTIVE,13/05/2017,90011,6.7463,38.378215,Valid
2,,Stadium,911912037,Endashaw Kifle,201087,6754654.05,38390746.02,ACTIVE,14/05/2017,90007,6.754654,38.390746,Valid
2,,Stadium,954803407,Daniel Haile,201088,6741898.283,38386426.13,DISCONNECT,14/05/2017,90007,6.741898,38.386426,Valid
2,,Stadium,916022280,Mengistu Gebiso,201089,6739164.95,38403510.62,ACTIVE,14/05/2017,90007,6.739165,38.403511,Valid
2,,Stadium,916807666,Setegn Roma,201090,6740089.6,38406414.82,ACTIVE,14/05/2017,90007,6.74009,38.406415,Valid
2,,Stadium,913505981,Shonkoru Fisa,201091,6741086.517,38403789.33,ACTIVE,14/05/2017,90007,6.741087,38.403789,Valid
2,,Stadium,916333377,Daniel Dangamo,201092,6742973.883,38399255.93,ACTIVE,14/05/2017,90007,6.742974,38.399256,Valid
3,,,993918540,Melkamsira Sisha,300829,6748451.167,38398973.38,ACTIVE,14/05/2017,90027,6.748451,38.398973,Valid
3,,,910783802,Melaku Degene,300830,6748241.633,38405103.55,ACTIVE,14/05/2017,90027,6.748242,38.405104,Valid
3,,,924496765,Abraham Buchacha,300831,6746777.467,38403008.87,ACTIVE,14/05/2017,90027,6.746777,38.403009,Valid
3,,,916505102,Alemu Bekele,300832,6748638.683,38398990.88,ACTIVE,14/05/2017,90027,6.748639,38.398991,Valid
3,,,913608321,Daniel Danbowa,300833,6750361.717,38402074.0,ACTIVE,14/05/2017,90027,6.750362,38.402074,Valid
4,,,978871514,Almaz Dukamo,400605,6743413.917,38406913.47,ACTIVE,14/05/2017,90027,6.743414,38.406913,Valid
5,,,925285747,Marqos Dawit,501067,6750975.9,38411513.65,ACTIVE,14/05/2017,90007,6.750976,38.411514,Valid
5,,,938000691,Ayele Boe,501068,6753362.083,38406823.38,ACTIVE,14/05/2017,90007,6.753362,38.406823,Valid
5,,,916163118,Aba Kimo,501069,6754363.017,38408793.65,ACTIVE,14/05/2017,90007,6.754363,38.408794,Valid
5,,,913348680,Mulu Belaychew,501070,6751636.0,38410566.17,ACTIVE,14/05/2017,90007,6.751636,38.410566,Valid
5,,,968645322,Behaylu W/Mariam,501071,6751967.3,38409786.7,ACTIVE,14/05/2017,90007,6.751967,38.409787,Valid
6,,,916406555,Lemen Mahber,600709,6747192.5,38408076.62,ACTIVE,14/05/2017,90009,6.747192,38.408077,Valid
6,,,925740624,Ashenafi Amelo,600710,6741685.8,38409753.35,ACTIVE,14/05/2017,90009,6.741686,38.409753,Valid
6,,,916124087,Tayech Gashu,600711,6742334.75,38409367.4,ACTIVE,14/05/2017,90009,6.742335,38.409367,Valid
6,,,941841809,Amelework Haile,600712,6746334.767,38412575.97,ACTIVE,14/05/2017,90009,6.746335,38.412576,Valid
7,,,946024441,Yetesfa Mahber,701026,6749456.017,38417939.65,ACTIVE,14/05/2017,90009,6.749456,38.41794,Valid
7,,,930758816,Ermiyas Mengistu,701027,6752041.717,38421665.9,ACTIVE,14/05/2017,90009,6.752042,38.421666,Valid
7,,,916515824,Tamene Mulatu,701028,6752427.367,38420346.08,ACTIVE,14/05/2017,90009,6.752427,38.420346,Valid
7,,,903704474,Asefa Argo,701029,6752032.217,38427121.58,ACTIVE,14/05/2017,90009,6.752032,38.427122,Valid
7,,,916169759,Samuel Tsegaye,701030,6749959.483,38424389.6,ACTIVE,14/05/2017,90009,6.749959,38.42439,Valid
8,,,903083135,Petros Gasara,800567,6751353.3,38431090.2,ACTIVE,14/05/2017,90010,6.751353,38.43109,Valid
8,,,927153600,Belete Gebiba,800568,6749381.567,38437127.47,ACTIVE,14/05/2017,90010,6.749382,38.437127,Valid
8,,,916402962,Hagirso Dede,800569,6752050.517,38432720.27,ACTIVE,14/05/2017,90010,6.752051,38.43272,Valid
8,,,916165105,Kawiso Kassa,800570,6752092.583,38433644.85,ACTIVE,14/05/2017,90010,6.752093,38.433645,Valid
8,,,911820457,Tesfaye Beyene,800571,6752271.3,38432290.55,DISCONNECT,14/05/2017,90010,6.752271,38.432291,Valid
8,,,978794803,Degife Kambie,800572,6751474.667,38433693.03,ACTIVE,14/05/2017,90010,6.751475,38.433693,Valid
8,,,926614194,Ragasa Borche,800573,6750389.517,38433636.22,ACTIVE,14/05/2017,90010,6.75039,38.433636,Valid
8,,,916974306,Genet Batso,800574,6747214.867,38435893.9,ACTIVE,14/05/2017,90010,6.747215,38.435894,Valid
9,,,926133698,Debesh Tadesse,900688,6746909.283,38444189.92,ACTIVE,14/05/2017,90010,6.746909,38.44419,Valid
9,,,967420472,Akuku Alto,900689,6747595.817,38445432.45,ACTIVE,14/05/2017,90010,6.747596,38.445432,Valid
9,,,949292868,Zertu Desta,900690,6747088.317,38431754.85,ACTIVE,14/05/2017,90010,6.747088,38.431755,Valid
9,,,916113305,Adunya Agafar,900691,6748031.017,38447744.78,ACTIVE,14/05/2017,90010,6.748031,38.447745,Valid
9,,,916039874,Mengistu Helso,900692,6747220.733,38444551.05,ACTIVE,14/05/2017,90010,6.747221,38.444551,Valid
5,,,924881431,Belay Adane,501073,6751250.233,38407781.75,ACTIVE,07/06/2017,90007,6.75125,38.407782,Valid
1,,,968624341,Yadegidigu Denbel,101325,6737508.967,38368512.97,ACTIVE,03/07/2017,90011,6.737509,38.368513,Valid
1,,,916581458,Tesfaye Aychew,101326,6751881.3,38376687.67,ACTIVE,03/07/2017,90011,6.751881,38.376688,Valid
1,,,913049785,Zerihun Tilahun,101327,6732541.433,38369117.97,ACTIVE,03/07/2017,90011,6.732541,38.369118,Valid
1,,,934701823,Jamal Hassen,101328,6746154.117,38378027.3,ACTIVE,03/07/2017,90011,6.746154,38.378027,Valid
1,,,926451091,Kontamo Asefa,101329,6735423.017,38368026.28,ACTIVE,03/07/2017,90011,6.735423,38.368026,Valid
1,,,936904289,Meseret Gebru,101330,6741967.3,38373964.27,ACTIVE,03/07/2017,90011,6.741967,38.373964,Valid
1,,,938205980,Yishaq Elias,101331,6731482.033,38370891.87,ACTIVE,03/07/2017,90011,6.731482,38.370892,Valid
1,,,912980037,Habtamu Mekonnen,101332,6731227.933,38372093.62,ACTIVE,03/07/2017,90011,6.731228,38.372094,Valid
1,,,915597689,Abebayew Daniel,101333,6744742.867,38370444.72,ACTIVE,03/07/2017,90011,6.744743,38.370445,Valid
1,,,916168023,Teshome Siyoum,101334,6746637.117,38378263.2,ACTIVE,03/07/2017,90011,6.746637,38.378263,Valid
1,,,926988266,Andualem Shibesh,101335,6746573.133,38378319.42,ACTIVE,03/07/2017,90011,6.746573,38.378319,Valid
1,,,953361240,Hasheto Harqa,101336,6735037.183,38372885.15,ACTIVE,03/07/2017,90011,6.735037,38.372885,Valid
1,,,972589348,Eyasu Kayeso,101337,6734501.117,38367643.5,ACTIVE,03/07/2017,90011,6.734501,38.367643,Valid
1,,,926230178,Samuel Simano,101338,6748425.65,38375761.53,ACTIVE,03/07/2017,90011,6.748426,38.375762,Valid
1,,,913253436,Golden Blocket Manufacturing,101339,6736756.85,38368120.17,ACTIVE,03/07/2017,90011,6.736757,38.36812,Valid
1,,,916503989,Yohannes Tsegaye,101340,6733037.283,38369139.7,ACTIVE,03/07/2017,90011,6.733037,38.36914,Valid
1,,,920818734,Yishaq Note,101341,6742815.683,38370373.52,ACTIVE,03/07/2017,90011,6.742816,38.370374,Valid
1,,,916028554,Tafese Rorato,101342,6768928.317,38377542.18,ACTIVE,03/07/2017,90011,6.768928,38.377542,Valid
1,,,916332735,Workneh Kiya,101343,6739253.183,38370627.27,ACTIVE,03/07/2017,90011,6.739253,38.370627,Valid
1,,,916433923,Altamo Mengesha,101344,6731282.233,38372114.23,ACTIVE,03/07/2017,90011,6.731282,38.372114,Valid
1,,,917469822,Ramate Hassen,101345,6746822.567,38375142.97,ACTIVE,03/07/2017,90011,6.746823,38.375143,Valid
1,,,907510033,Yunka Dawit,101346,6731147.883,38371007.23,ACTIVE,03/07/2017,90011,6.731148,38.371007,Valid
1,,,984554176,Daniel Gegeso,101347,6728653.25,38368710.0,ACTIVE,03/07/2017,90011,6.728653,38.36871,Valid
1,,,969925271,Amriya Argata,101348,6740088.633,38375000.55,ACTIVE,03/07/2017,90011,6.740089,38.375001,Valid
1,,,902939280,Co/R Legesse Getahun,101349,6741319.533,38374492.77,ACTIVE,03/07/2017,90011,6.74132,38.374493,Valid
2,,Stadium,937283016,Alemayehu Yosef,201093,6748750.8,38392812.92,ACTIVE,04/07/2017,90007,6.748751,38.392813,Valid
3,,,911984618,Belay Dukamo,300834,6748955.933,38398982.83,ACTIVE,04/07/2017,90027,6.748956,38.398983,Valid
3,,,916160163,Melaku Manisa,300835,6748739.1,38399261.38,ACTIVE,04/07/2017,90027,6.748739,38.399261,Valid
3,,,926286465,Qatsela Qare,300836,6751776.8,38406058.52,DISCONNECT,04/07/2017,90027,6.751777,38.406059,Valid
4,,,986723367,Niguse Yure,400606,6740994.117,38407099.82,ACTIVE,04/07/2017,90027,6.740994,38.4071,Valid
7,,,934757850,Sanbato Samuel,701051,6750798.617,38423504.05,ACTIVE,04/07/2017,90009,6.750799,38.423504,Valid
7,,,926042288,Abiy Asefa,701052,6751963.1,38423243.33,ACTIVE,04/07/2017,90009,6.751963,38.423243,Valid
5,,,916079704,Teshale Kibebu,501076,6748495.033,38408316.53,ACTIVE,04/07/2017,90007,6.748495,38.408317,Valid
5,,,904860824,Belay Beyene,501077,6753421.283,38410328.45,ACTIVE,04/07/2017,90007,6.753421,38.410328,Valid
8,,,912322191,Yohannes Bekele,800597,6750908.183,38427972.55,ACTIVE,04/07/2017,90010,6.750908,38.427973,Valid
7,,,926040867,Medhanit Bogale,701033,6750705.75,38423940.33,ACTIVE,04/07/2017,90009,6.750706,38.42394,Valid
7,,,,Fiqadu Intaqo,701034,6754078.9,38417718.02,ACTIVE,04/07/2017,90009,6.754079,38.417718,Valid
8,,,911797940,Arada Qebele Administration Office,800575,6750527.317,38428761.97,ACTIVE,04/07/2017,90010,6.750527,38.428762,Valid
8,,,927153435,Amarech Bedane,800576,6750045.917,38428322.95,ACTIVE,04/07/2017,90010,6.750046,38.428323,Valid
8,,,916163016,Melese Kumo,800577,6748572.467,38437646.15,ACTIVE,04/07/2017,90010,6.748572,38.437646,Valid
8,,,916331526,Balango Banata,800578,6749057.45,38436241.93,ACTIVE,04/07/2017,90010,6.749057,38.436242,Valid
8,,,916079101,Abdu Qasim,800579,6748920.067,38436450.13,ACTIVE,04/07/2017,90010,6.74892,38.43645,Valid
8,,,926396199,Asefa Sheta,800580,6752704.6,38431231.97,ACTIVE,04/07/2017,90010,6.752705,38.431232,Valid
8,,,916168898,Kambata Tunsisa,800581,6752913.9,38430162.18,ACTIVE,04/07/2017,90010,6.752914,38.430162,Valid
8,,,934736431,Tesfaye Ledso,800582,6748163.817,38437344.28,ACTIVE,04/07/2017,90010,6.748164,38.437344,Valid
8,,,967953434,Samuel Tilahun,800583,6749176.667,38437826.18,ACTIVE,04/07/2017,90010,6.749177,38.437826,Valid
8,,,982055889,Abebayu Asefa,800584,6749172.3,38437873.67,ACTIVE,04/07/2017,90010,6.749172,38.437874,Valid
8,,,916158173,Matiwos Harso,800585,6751721.95,38434060.02,ACTIVE,04/07/2017,90010,6.751722,38.43406,Valid
8,,,916053234,Daqamo Hanqamo,800586,6753383.1,38432314.0,ACTIVE,04/07/2017,90010,6.753383,38.432314,Valid
9,,,911093952,Eyasu Teshome,900693,6748922.683,38449813.72,ACTIVE,04/07/2017,90010,6.748923,38.449814,Valid
1,,,926273591,Mesfin Godebo,101350,6734814.167,38372740.17,ACTIVE,17/08/2017,90011,6.734814,38.37274,Valid
1,,,916851215,Anteneh Bogale,101351,6729290.85,38374359.72,DISCONNECT,17/08/2017,90011,6.729291,38.37436,Valid
1,,,916079233,Matiwos Silo,101352,6734737.967,38372675.2,ACTIVE,17/08/2017,90011,6.734738,38.372675,Valid
1,,,916219995,Adisu Abebe,101353,6739496.3,38369121.85,ACTIVE,17/08/2017,90011,6.739496,38.369122,Valid
1,,,916169573,Zerhun Petros,101354,6734284.333,38369658.72,ACTIVE,17/08/2017,90011,6.734284,38.369659,Valid
1,,,916434754,Nairobi Hagirsa,101355,6747894.5,38374429.6,ACTIVE,17/08/2017,90011,6.747895,38.37443,Valid
1,,,934202258,Jaja Jawo,101356,6736960.083,38366260.07,ACTIVE,17/08/2017,90011,6.73696,38.36626,Valid
1,,,916307305,Demaze Tafese,101357,6735597.333,38368625.57,ACTIVE,17/08/2017,90011,6.735597,38.368626,Valid
1,,,910703734,Tafese Mekonnen,101358,6757968.567,38378679.18,ACTIVE,17/08/2017,90011,6.757969,38.378679,Valid
1,,,923364243,Alemtu Dukamo,101359,6738249.883,38369166.68,ACTIVE,17/08/2017,90011,6.73825,38.369167,Valid
1,,,911947593,Eyasu Qamiso,101360,6768042.467,38371119.98,ACTIVE,17/08/2017,90011,6.768042,38.37112,Valid
1,,,936903873,Tafese Mue,101361,6747059.967,38373040.1,ACTIVE,17/08/2017,90011,6.74706,38.37304,Valid
1,,,916807931,Adisu Note,101362,6748002.567,38372743.57,ACTIVE,17/08/2017,90011,6.748003,38.372744,Valid
2,,Stadium,986492126,Galfato Gagura,201094,6740546.433,38403106.62,ACTIVE,17/08/2017,90007,6.740546,38.403107,Valid
2,,Stadium,916168308,Eyosiyas Mengistu,201095,6743385.767,38404947.1,ACTIVE,17/08/2017,90007,6.743386,38.404947,Valid
2,,Stadium,988063878,Birqnesh Birhanu,201096,6742105.583,38402683.02,ACTIVE,17/08/2017,90007,6.742106,38.402683,Valid
3,,,908943909,Sintayehu Hameso,300837,6753127.783,38403803.73,ACTIVE,17/08/2017,90027,6.753128,38.403804,Valid
3,,,945143754,Mekuria Desh,300838,6750266.267,38404264.88,ACTIVE,17/08/2017,90027,6.750266,38.404265,Valid
3,,,913333384,Temesgen G/Hana,300839,6748617.683,38401206.47,ACTIVE,17/08/2017,90027,6.748618,38.401206,Valid
3,,,968423978,Duqe Worku,300840,6751486.867,38405219.45,ACTIVE,17/08/2017,90027,6.751487,38.405219,Valid
5,,,984806229,Tafese Turgamo,501078,6752905.167,38407790.08,ACTIVE,17/08/2017,90007,6.752905,38.40779,Valid
5,,,992198167,Tadelech Shayle,501079,6755736.167,38409175.33,ACTIVE,17/08/2017,90007,6.755736,38.409175,Valid
5,,,912118226,Elisabeth W/Aregay,501080,6749353.15,38411354.4,ACTIVE,17/08/2017,90007,6.749353,38.411354,Valid
5,,,916331930,Muluwengel B/Yan,501081,6752788.433,38409078.65,ACTIVE,17/08/2017,90007,6.752788,38.409079,Valid
7,,,979226267,Matiwos Debela,701035,6753115.15,38417428.78,ACTIVE,17/08/2017,90009,6.753115,38.417429,Valid
7,,,926051959,Tafese Arfane,701036,6751820.5,38421552.95,ACTIVE,17/08/2017,90009,6.751821,38.421553,Valid
7,,,916810733,Tadesse Bekele,701037,6753161.2,38424455.98,ACTIVE,17/08/2017,90009,6.753161,38.424456,Valid
7,,,934872890,Tariku Abebe,701038,6753213.6,38429358.22,ACTIVE,17/08/2017,90009,6.753214,38.429358,Valid
7,,,904861872,Getachew Hailu,701039,6750765.917,38424865.9,ACTIVE,17/08/2017,90009,6.750766,38.424866,Valid
7,,,927153555,Marqos Oromo,701040,6749840.733,38418353.53,ACTIVE,17/08/2017,90009,6.749841,38.418354,Valid
7,,,912095663,Fiqadu Fitamo,701041,6751176.0,38421192.98,ACTIVE,17/08/2017,90009,6.751176,38.421193,Valid
9,,,938075871,Teshome Kebede,900701,6744499.767,38438899.52,ACTIVE,17/08/2017,90010,6.7445,38.4389,Valid
8,,,902294642,Asefa Langamo,800587,6750243.45,38429552.7,ACTIVE,17/08/2017,90010,6.750243,38.429553,Valid
8,,,910002071,Birtukan Bunuka,800588,6746646.1,38443073.98,ACTIVE,17/08/2017,90010,6.746646,38.443074,Valid
8,,,916051448,Tareqegn Tafese,800589,6749138.267,38438200.95,ACTIVE,17/08/2017,90010,6.749138,38.438201,Valid
8,,,916151640,Abraham Lencho,800590,6751451.15,38434459.75,ACTIVE,17/08/2017,90010,6.751451,38.43446,Valid
8,,,926303342,Gizaw Qetsela,800591,6744226.433,38440234.73,ACTIVE,17/08/2017,90010,6.744226,38.440235,Valid
8,,,973375803,Bekele Galdida,800592,6747062.25,38436124.18,ACTIVE,17/08/2017,90010,6.747062,38.436124,Valid
8,,,916373795,Arega Toshe,800593,6744212.767,38440301.35,ACTIVE,17/08/2017,90010,6.744213,38.440301,Valid
8,,,986203061,Bezabih Harso ,800594,6748591.083,38437648.98,ACTIVE,17/08/2017,90010,6.748591,38.437649,Valid
9,,,954783288,Kefyalew Wendimu ,900694,6744782.633,38438834.5,ACTIVE,17/08/2017,90010,6.744783,38.438834,Valid
9,,,916375079,Minalu Mengesha ,900695,6744648.683,38438658.85,ACTIVE,17/08/2017,90010,6.744649,38.438659,Valid
9,,,916810398,Tefera Mamo ,900696,6744767.533,38438466.88,ACTIVE,17/08/2017,90010,6.744768,38.438467,Valid
9,,,924652697,Petros Beyene,900697,6744711.35,38438646.18,ACTIVE,17/08/2017,90010,6.744711,38.438646,Valid
1,,,916023993,Andualem Yohanis ,101363,6735509.983,38373315.52,ACTIVE,05/07/2017,90011,6.73551,38.373316,Valid
1,,,912507381,Tiblet Dakura,101364,6748047.217,38375243.08,ACTIVE,05/07/2017,90011,6.748047,38.375243,Valid
1,,,907653727,Kenane kantiso ,101365,6745170.0,38376658.72,ACTIVE,05/07/2017,90011,6.74517,38.376659,Valid
1,,,926389100,Temesigen Wache,101366,6739374.717,38369776.95,ACTIVE,05/07/2017,90011,6.739375,38.369777,Valid
1,,,938956507,Aleka Zene ,101367,6747375.717,38375753.78,ACTIVE,05/07/2017,90011,6.747376,38.375754,Valid
1,,,916332733,Asirat Shallemo ,101368,6745976.183,38387070.05,ACTIVE,05/07/2017,90011,6.745976,38.38707,Valid
1,,,967218911,Awel Hussen,101369,6742670.0,38375620.43,ACTIVE,05/07/2017,90011,6.74267,38.37562,Valid
1,,,916194652,Sisay Buwane ,101370,6745856.85,38387057.93,ACTIVE,05/07/2017,90011,6.745857,38.387058,Valid
2,,Stadium,,AWADA stadium condominum ,201097,6743500.05,38403301.18,ACTIVE,05/07/2017,90007,6.7435,38.403301,Valid
2,,Stadium,916165652,Abayneh asefa ,201098,6738860.083,38404238.9,ACTIVE,05/07/2017,90007,6.73886,38.404239,Valid
2,,Awada,949520673,Tiringo meshesha ,201099,6751651.567,38388883.77,ACTIVE,05/07/2017,90011,6.751652,38.388884,Valid
2,,Stadium,916504720,Haymanot H/yesus ,201100,6745051.917,38401434.73,ACTIVE,05/07/2017,90007,6.745052,38.401435,Valid
2,,Stadium,,Y/K/Police birro doro erbata ,201101,6742718.417,38398480.98,ACTIVE,05/07/2017,90007,6.742718,38.398481,Valid
3,,,916033766,Mekides Asha ,300841,6748233.283,38398985.33,ACTIVE,05/07/2017,90027,6.748233,38.398985,Valid
3,,,916164672,Yosef Dana ,300842,6748681.383,38399762.92,ACTIVE,05/07/2017,90027,6.748681,38.399763,Valid
3,,,949216015,Akililu shiferaw,300843,6753495.567,38405715.68,ACTIVE,05/07/2017,90027,6.753496,38.405716,Valid
4,,,916165938,Sifa Bekele ,400607,6740493.017,38407337.83,ACTIVE,05/07/2017,90027,6.740493,38.407338,Valid
4,,,916167600,Fantahun Hurshita ,400608,6742022.867,38407326.42,ACTIVE,05/07/2017,90027,6.742023,38.407326,Valid
7,,,916044627,Melkato Birhanu ,701050,6751445.467,38424017.07,ACTIVE,05/07/2017,90009,6.751445,38.424017,Valid
5,,,916057530,Lamalo Sobalo ,501083,6752303.333,38413796.13,ACTIVE,05/07/2017,90007,6.752303,38.413796,Valid
5,,,968428030,Birtukan bekele,501084,6752392.467,38410318.83,ACTIVE,05/07/2017,90007,6.752392,38.410319,Valid
5,,,916373999,Meselech Toma ,501085,6752371.2,38413242.08,ACTIVE,05/07/2017,90007,6.752371,38.413242,Valid
6,,,916164167,Genet Qaqabo,600713,6750439.067,38420194.77,ACTIVE,05/07/2017,90009,6.750439,38.420195,Valid
6,,,906870471,simon Siyum ,600714,6749495.033,38420789.1,ACTIVE,05/07/2017,90009,6.749495,38.420789,Valid
8,,,926132341,Alemayehu Alemu ,800601,6751622.45,38434232.62,ACTIVE,05/07/2017,90010,6.751622,38.434233,Valid
7,,,916965561,Nasir Shifa ,701045,6750786.033,38423487.98,ACTIVE,05/07/2017,90009,6.750786,38.423488,Valid
7,,,911744803,Hareso Biliso ,701046,6751171.833,38420380.73,ACTIVE,05/07/2017,90009,6.751172,38.420381,Valid
7,,,937274713,Yohanis Dawit,701047,6752108.333,38427210.7,ACTIVE,05/07/2017,90009,6.752108,38.427211,Valid
7,,,961610505,Tikus Kanbata ,701048,6752801.95,38424828.38,ACTIVE,05/07/2017,90009,6.752802,38.424828,Valid
7,,,934811269,Kokeb Kebtimer ,701049,6750737.117,38423545.82,ACTIVE,05/07/2017,90009,6.750737,38.423546,Valid
8,,,952601411,Genet Gela ,800595,6750462.45,38428241.92,ACTIVE,05/07/2017,90010,6.750462,38.428242,Valid
8,,,935629948,Belayineh Bekele,800596,6753327.983,38431493.63,ACTIVE,05/07/2017,90010,6.753328,38.431494,Valid
9,,,941841656,Matiwos Daniel,900698,6744817.1,38442081.52,ACTIVE,05/07/2017,90010,6.744817,38.442082,Valid
9,,,925126815,Bunso Baqe,900699,6744992.667,38442052.1,ACTIVE,05/07/2017,90010,6.744993,38.442052,Valid
9,,,916332172,Debritu Diamo,900700,6748666.583,38428121.68,ACTIVE,05/07/2017,90010,6.748667,38.428122,Valid
1,,,954784855,Muluken zedagme,101371,6745521.267,38376110.15,ACTIVE,29/11/2017,90011,6.745521,38.37611,Valid
1,,,949286137,Alemayehu worga,101372,6734337.133,38368043.55,ACTIVE,29/11/2017,90011,6.734337,38.368044,Valid
1,,,916167535,Abebe shalla,101373,6734083.55,38369599.0,ACTIVE,29/11/2017,90011,6.734084,38.369599,Valid
1,,,934673775,Mikael zerhun,101374,6747689.1,38370885.03,ACTIVE,29/11/2017,90011,6.747689,38.370885,Valid
1,,,916018823,Muluken Kasu,101375,6763646.133,38377513.05,ACTIVE,29/11/2017,90011,6.763646,38.377513,Valid
2,,Stadium,910039035,Sato Mekonen,201102,6742777.567,38403623.75,ACTIVE,29/11/2017,90007,6.742778,38.403624,Valid
2,,Stadium,931379015,Girum Getu,201103,6743229.183,38400583.22,ACTIVE,29/11/2017,90007,6.743229,38.400583,Valid
2,,Awada,938075952,H/geyoreges kachara,201104,6747676.717,38393574.82,ACTIVE,29/11/2017,90011,6.747677,38.393575,Valid
2,,Awada,964727828,Antene Lema,201105,6749847.1,38391456.87,ACTIVE,29/11/2017,90011,6.749847,38.391457,Valid
2,,Stadium,916037926,Eiyasu Siyume,201106,6741708.3,38403780.32,ACTIVE,29/11/2017,90007,6.741708,38.40378,Valid
2,,Stadium,932602458,Bogalech Mamo,201107,6742556.717,38399245.18,ACTIVE,29/11/2017,90007,6.742557,38.399245,Valid
4,,,916169818,Melaku Gedamo,400609,6743377.95,38406889.77,ACTIVE,29/11/2017,90027,6.743378,38.40689,Valid
2,,Stadium,913533329,Eferm kassa,201113,6742230.433,38403296.78,ACTIVE,29/11/2017,90007,6.74223,38.403297,Valid
4,,,,Mekonen Tilahun,400611,6743644.867,38408091.67,ACTIVE,29/11/2017,90027,6.743645,38.408092,Valid
5,,,997210392,Tsadiq Seraj,501086,6752687.583,38413837.42,ACTIVE,29/11/2017,90007,6.752688,38.413837,Valid
6,,,911913461,Dagim Derara,600717,6747676.983,38414331.03,ACTIVE,29/11/2017,90009,6.747677,38.414331,Valid
7,,,952601449,Wondmu Birhanu,701053,6749257.55,38422427.3,ACTIVE,29/11/2017,90009,6.749258,38.422427,Valid
7,,,916505146,Wozu Kassa,701054,6749158.1,38421966.02,ACTIVE,29/11/2017,90009,6.749158,38.421966,Valid
7,,,916808716,Senayet Humeso,701055,6750054.183,38417822.45,ACTIVE,29/11/2017,90009,6.750054,38.417822,Valid
7,,,954784758,Asefahu Dona,701056,6751461.85,38424184.95,ACTIVE,29/11/2017,90009,6.751462,38.424185,Valid
7,,,946733869,Eridachewu Engida,701057,6752397.167,38418214.45,ACTIVE,29/11/2017,90009,6.752397,38.418214,Valid
7,,,989940567,Yohanis tumato,701058,6753053.417,38419557.95,ACTIVE,29/11/2017,90009,6.753053,38.419558,Valid
8,,,925632424,Biruk Eshete,800598,6747092.717,38435648.38,ACTIVE,29/11/2017,90010,6.747093,38.435648,Valid
8,,,916616817,Mengistu Tamirat,800599,6752608.683,38430813.47,ACTIVE,29/11/2017,90010,6.752609,38.430813,Valid
8,,,926989165,Tamiru Oromo,800600,6748923.45,38438142.48,ACTIVE,29/11/2017,90010,6.748923,38.438142,Valid
9,,,926233543,Tegeng Petros,900702,6744497.467,38441421.98,ACTIVE,29/11/2017,90010,6.744497,38.441422,Valid
9,,,939809993,Shemsu Redi,900703,6747867.8,38429386.72,ACTIVE,29/11/2017,90010,6.747868,38.429387,Valid
9,,,926989447,Markos Kifle ,900704,6744869.95,38441338.7,ACTIVE,29/11/2017,90010,6.74487,38.441339,Valid
9,,,979969865,Meseret Noe,900705,6748055.1,38428582.13,ACTIVE,29/11/2017,90010,6.748055,38.428582,Valid
1,,,916433988,Zerefe Asaye,101376,6741630.817,38373646.63,ACTIVE,28/01/2018,90011,6.741631,38.373647,Valid
1,,,916941798,Ethiopya Belete,101377,6735827.95,38368670.75,ACTIVE,28/01/2018,90011,6.735828,38.368671,Valid
1,,,916034088,Hagose Ameno,101378,6726787.95,38366830.22,ACTIVE,28/01/2018,90011,6.726788,38.36683,Valid
1,,,925673938,Shimeles Sheka,101379,6743626.783,38373721.25,ACTIVE,28/01/2018,90011,6.743627,38.373721,Valid
2,,Stadium,909739214,Abebe Adare,201109,,,DISCONNECT,28/01/2018,90007,,,Missing or Invalid GPS
2,,Stadium,916921109,yirgalem ketema Gibe,201110,6742734.633,38398444.95,DISCONNECT,28/01/2018,90007,6.742735,38.398445,Valid
3,,,916164472,Nuri Niguse,300844,6748739.4,38399153.03,ACTIVE,28/01/2018,90027,6.748739,38.399153,Valid
4,,,924677629,Solomon Shalamo,400612,6742293.217,38408080.47,ACTIVE,28/01/2018,90027,6.742293,38.40808,Valid
4,,,913225720,Fikiru Hayile,400613,6742655.833,38406950.55,ACTIVE,28/01/2018,90027,6.742656,38.406951,Valid
5,,,,Endale Shefa,501087,6752837.983,38406983.67,ACTIVE,28/01/2018,90007,6.752838,38.406984,Valid
5,,,945628344,Eshetu Gurebaye,501088,6751733.167,38410416.95,ACTIVE,28/01/2018,90007,6.751733,38.410417,Valid
5,,,936462541,Netsanet Abriham,501089,6752746.467,38412637.13,ACTIVE,28/01/2018,90007,6.752746,38.412637,Valid
6,,,912130233,Yasin Ali,600719,6746379.0,38415138.03,ACTIVE,28/01/2018,90009,6.746379,38.415138,Valid
6,,,937270320,Meseret Tefera,600720,6746366.167,38415117.07,ACTIVE,28/01/2018,90009,6.746366,38.415117,Valid
7,,,916063811,Amene Alemayehu,701059,6749223.633,38421306.82,ACTIVE,28/01/2018,90009,6.749224,38.421307,Valid
7,,,921830344,Mamush Alemu,701060,6753359.85,38416834.88,ACTIVE,28/01/2018,90009,6.75336,38.416835,Valid
7,,,945830093,Melkamu Tsegaye,701061,6750768.933,38424888.78,ACTIVE,28/01/2018,90009,6.750769,38.424889,Valid
7,,,916943558,Daniel Alemu ,701062,6749772.017,38418121.32,ACTIVE,28/01/2018,90009,6.749772,38.418121,Valid
8,,,,Yedale Bilitsigina O,800602,6750347.35,38430236.15,DISCONNECT,28/01/2018,90010,6.750347,38.430236,Valid
8,,,916965919,Abirham Dangiso,800603,6751115.933,38434320.2,ACTIVE,28/01/2018,90010,6.751116,38.43432,Valid
8,,,916169648,Terefe Dawit ,800604,6751019.233,38427854.83,ACTIVE,28/01/2018,90010,6.751019,38.427855,Valid
8,,,988687530,Melkamu Dejene,800605,6747687.717,38437574.8,ACTIVE,28/01/2018,90010,6.747688,38.437575,Valid
8,,,910534556,Hirut Yitena,800606,6751183.133,38434089.53,ACTIVE,28/01/2018,90010,6.751183,38.43409,Valid
8,,,926129146,Mesfin Shiferaw,800607,6749014.267,38435764.22,ACTIVE,28/01/2018,90010,6.749014,38.435764,Valid
1,,,911532720,Abarech Gadana,101380,6724671.2,38367329.15,ACTIVE,28/02/2018,90011,6.724671,38.367329,Valid
1,,,986351731,Bachare Bolka,101381,6732899.783,38369792.72,ACTIVE,28/02/2018,90011,6.7329,38.369793,Valid
2,,Stadium,925112458,Ayele Bocha,201111,6740459.933,38406451.45,ACTIVE,28/02/2018,90007,6.74046,38.406451,Valid
2,,Stadium,977485230,Tigesit Kasahun,201112,6741474.483,38403978.88,ACTIVE,28/02/2018,90007,6.741474,38.403979,Valid
3,,,910938095,Tariku Dang,300845,6747858.783,38403771.35,ACTIVE,28/02/2018,90027,6.747859,38.403771,Valid
3,,,938314496,Hamaro Hareqa,300846,6749520.3,38398940.47,ACTIVE,28/02/2018,90027,6.74952,38.39894,Valid
3,,,916127904,Amano Buwane,300847,6748643.35,38399707.57,ACTIVE,28/02/2018,90027,6.748643,38.399708,Valid
3,,,934078659,Amanu Bexa,300848,6749095.7,38399284.1,ACTIVE,28/02/2018,90027,6.749096,38.399284,Valid
5,,,916164243,Kulusuma Sharefa,501097,6745760.117,38401983.5,ACTIVE,28-02-2018,90007,6.74576,38.401984,Valid
3,,,916164776,Aberham Debela,300850,6752720.55,38403432.72,ACTIVE,28/02/2018,90027,6.752721,38.403433,Valid
5,,,912977104,Jafe Haylu,501090,6754950.483,38409344.07,ACTIVE,28/02/2018,90007,6.75495,38.409344,Valid
5,,,912748757,Dawit Wesela ,501091,6754801.433,38409795.0,ACTIVE,28/02/2018,90007,6.754801,38.409795,Valid
6,,,916867409,Memiru Cherifa ,600721,6745323.95,38413996.77,ACTIVE,28/02/2018,90009,6.745324,38.413997,Valid
4,,,912111232,Medanit Laeke ,400614,6747552.183,38406765.67,ACTIVE,28/02/2018,90027,6.747552,38.406766,Valid
6,,,969768752,Abayneh Asifaw ,600722,6743559.65,38412128.65,ACTIVE,28/02/2018,90009,6.74356,38.412129,Valid
7,,,916165052,Kefay Awlachew ,701063,6751831.983,38422987.78,ACTIVE,28/02/2018,90009,6.751832,38.422988,Valid
7,,,934614648,Marekos Lesamo,701064,6752917.117,38418285.75,ACTIVE,28/02/2018,90009,6.752917,38.418286,Valid
8,,,916516174,Welqisa muse ,800608,6744752.883,38438611.67,ACTIVE,28/02/2018,90010,6.744753,38.438612,Valid
8,,,911552825,Shitaye Esatu ,800609,6751120.467,38428280.43,ACTIVE,28/02/2018,90010,6.75112,38.42828,Valid
9,,,990342993,Tadese G/tsadik,900706,6749653.467,38427687.08,ACTIVE,28/02/2018,90010,6.749653,38.427687,Valid
9,,,916165592,Tamiru Hanasho,900707,6751256.25,38430940.08,ACTIVE,28/02/2018,90010,6.751256,38.43094,Valid
1,,,910143399,Shokore hanito,101382,6733040.483,38367891.62,ACTIVE,25/03/2018,90011,6.73304,38.367892,Valid
1,,,939302300,Asmelash Aschalehu,101383,6732920.633,38369254.17,ACTIVE,26/03/2018,90011,6.732921,38.369254,Valid
1,,,916368498,Halu Berhanu,101384,,,ACTIVE,26/03/2018,90011,,,Missing or Invalid GPS
1,,,984176385,Niguse Demise ,101385,6734744.15,38372669.7,ACTIVE,26/03/2018,90011,6.734744,38.37267,Valid
1,,,921281825,Mekuria Tadese ,101386,6738297.9,38370626.73,ACTIVE,26/03/2018,90011,6.738298,38.370627,Valid
1,,,916168856,Gezaheng Duguna,101387,6748395.983,38372626.45,ACTIVE,26/03/2018,90011,6.748396,38.372626,Valid
1,,,960146700,Senbato Hailu,101388,6748149.3,38376125.37,ACTIVE,26/03/2018,90011,6.748149,38.376125,Valid
1,,,912942411,Bereket Yhisak,101389,6726845.033,38366783.82,ACTIVE,26/03/2018,90011,6.726845,38.366784,Valid
1,,,916516489,Dagne Senbaba,101390,6734565.85,38370398.73,ACTIVE,26/03/2018,90011,6.734566,38.370399,Valid
2,,Stadium,924302806,Amhanuel Argaw ,201114,,,ACTIVE,26/03/2018,90007,,,Missing or Invalid GPS
2,,Awada,915597669,Genet Alemu ,201115,6753467.767,38390682.43,ACTIVE,26/03/2018,90011,6.753468,38.390682,Valid
2,,Stadium,941834424,Zerihun Badego ,201116,6739104.083,38404034.9,ACTIVE,26/03/2018,90007,6.739104,38.404035,Valid
2,,Stadium,961479064,Tadele Shitaw ,201117,6743769.567,38397444.47,ACTIVE,26/03/2018,90007,6.74377,38.397444,Valid
2,,Stadium,913010006,Ayele Kebede ,201118,6742251.633,38398174.78,ACTIVE,26/03/2018,90007,6.742252,38.398175,Valid
2,,Stadium,,Central Sidama Zone ,201119,6745578.667,38399049.28,ACTIVE,26/03/2018,90007,6.745579,38.399049,Valid
3,,,901550430,Mamush Afira ,300851,6752469.167,38403447.42,ACTIVE,26/03/2018,90027,6.752469,38.403447,Valid
4,,,916942323,Gesese Kasa,400615,6742195.533,38407728.97,ACTIVE,26/03/2018,90027,6.742196,38.407729,Valid
5,,,910909940,Eliyas Fecho,501092,6753866.4,38410819.6,ACTIVE,26/03/2018,90007,6.753866,38.41082,Valid
6,,,,Teshale Getachew,600723,6745400.1,38414117.95,ACTIVE,26/03/2018,90009,6.7454,38.414118,Valid
7,,,927153388,Akililu Atamo,701065,6749331.717,38417741.65,ACTIVE,26/03/2018,90009,6.749332,38.417742,Valid
7,,,926917964,Tesfaye Yotora,701066,6749580.6,38419808.02,ACTIVE,26/03/2018,90009,6.749581,38.419808,Valid
7,,,916100181,Dirshaye Hayilu ,701067,6753276.717,38423896.73,ACTIVE,26/03/2018,90009,6.753277,38.423897,Valid
7,,,926158316,Endale Duresa,701068,6750437.983,38420831.63,ACTIVE,26/03/2018,90009,6.750438,38.420832,Valid
7,,,916065405,Leges Logita,701069,6749294.767,38421123.48,ACTIVE,26/03/2018,90009,6.749295,38.421123,Valid
7,,,916126649,Dawit Batiso,701070,6749350.133,38419650.3,ACTIVE,26/03/2018,90009,6.74935,38.41965,Valid
7,,,916808824,Tadele Tamene,701071,6753206.85,38424529.33,ACTIVE,26/03/2018,90009,6.753207,38.424529,Valid
7,,,937267333,Gonamo Hariso,701072,6751164.467,38420501.52,ACTIVE,26/03/2018,90009,6.751164,38.420502,Valid
8,,,934611617,Gesamo Gela,800610,6751049.467,38428332.98,ACTIVE,26/03/2018,90010,6.751049,38.428333,Valid
8,,,943946920,Teshale Lakamo,800611,6752002.617,38432456.53,ACTIVE,26/03/2018,90010,6.752003,38.432457,Valid
7,,,903250380,Belayeneh Kanbata,701073,6754129.267,38417798.42,ACTIVE,26/03/2018,90009,6.754129,38.417798,Valid
8,,,916942294,Mathiwose Manesa,800612,6751144.4,38429097.05,ACTIVE,26/03/2018,90010,6.751144,38.429097,Valid
9,,,994172099,Tegeng Adem,900708,6744523.967,38440802.78,ACTIVE,26/03/2018,90010,6.744524,38.440803,Valid
9,,,909495053,Alemaz Metiku,900709,6746759.7,38446576.42,ACTIVE,26/03/2018,90010,6.74676,38.446576,Valid
9,,,924446547,Tafese Tura,900710,6746021.033,38437222.23,ACTIVE,26/03/2018,90010,6.746021,38.437222,Valid
1,,,968625711,Dika Urkiso,101391,6743105.333,38372545.38,ACTIVE,26/03/2018,90011,6.743105,38.372545,Valid
4,,,941841583,Tizazu Anfato ,400616,6741515.833,38406473.52,ACTIVE,26/03/2018,90027,6.741516,38.406474,Valid
1,,,916174823,Wosenseged Harka,101392,6731223.883,38371727.02,ACTIVE,12/06/2018,90011,6.731224,38.371727,Valid
1,,,916103213,Kayamo Lafo,101393,6739501.5,38370793.05,ACTIVE,12/06/2018,90011,6.739502,38.370793,Valid
1,,,919661197,Petiros Kalfo,101394,6731249.75,38371592.9,ACTIVE,12/06/2018,90011,6.73125,38.371593,Valid
1,,,926434383,Ayele Arigata,101395,6732926.4,38367906.58,ACTIVE,12/06/2018,90011,6.732926,38.367907,Valid
1,,,927084101,Demoze Harmato,101396,6738831.533,38368614.83,ACTIVE,12/06/2018,90011,6.738832,38.368615,Valid
1,,,924389294,Karisa Alto,101397,6736944.917,38374071.03,ACTIVE,12/06/2018,90011,6.736945,38.374071,Valid
1,,,977359445,Zelalem Tilahun,101398,6746586.433,38378000.47,ACTIVE,12/06/2018,90011,6.746586,38.378,Valid
1,,,996576529,Niguse Fute,101399,6731398.833,38371294.53,ACTIVE,12/06/2018,90011,6.731399,38.371295,Valid
1,,,926272970,Dubale Fute,101400,6731331.617,38371533.97,ACTIVE,12/06/2018,90011,6.731332,38.371534,Valid
1,,,985293066,Melikamu Hefamo,101401,6741795.967,38370393.25,ACTIVE,12/06/2018,90011,6.741796,38.370393,Valid
1,,,912942461,Mathwos Tagicho,101402,6726867.883,38366705.3,ACTIVE,12/06/2018,90011,6.726868,38.366705,Valid
1,,,916932972,Zedagim Bekele,101403,6740474.617,38372245.78,ACTIVE,12/06/2018,90011,6.740475,38.372246,Valid
1,,,909494374,Eyobe Samuel,101404,6747846.9,38372714.5,ACTIVE,12/06/2018,90011,6.747847,38.372715,Valid
1,,,934720014,Deneke Demise,101405,6738780.617,38368735.6,ACTIVE,12/06/2018,90011,6.738781,38.368736,Valid
1,,,908030111,Genene Kebede,101406,6746271.367,38371620.23,ACTIVE,12/06/2018,90011,6.746271,38.37162,Valid
1,,,985559462,Dincha Dera,101407,6758088.917,38378690.57,ACTIVE,12/06/2018,90011,6.758089,38.378691,Valid
1,,,916374621,Derese Tilahun,101408,6735337.383,38370192.85,ACTIVE,12/06/2018,90011,6.735337,38.370193,Valid
1,,,916515707,Mabiratu Mamo,101409,6745620.267,38378041.77,ACTIVE,12/06/2018,90011,6.74562,38.378042,Valid
1,,,916372541,Tadese Lalema,101410,6733707.25,38369500.52,ACTIVE,12/06/2018,90011,6.733707,38.369501,Valid
2,,Stadium,934602466,Amare Desta,201120,6745547.733,38398598.82,ACTIVE,12/06/2018,90007,6.745548,38.398599,Valid
2,,Stadium,916164860,cherent Fetesha,201121,6740123.7,38406468.03,ACTIVE,12/06/2018,90007,6.740124,38.406468,Valid
2,,Stadium,901553918,Degefa Nadamo,201122,6740115.067,38406308.38,ACTIVE,12/06/2018,90007,6.740115,38.406308,Valid
2,,Stadium,955013531,Getu Fute,201123,,,ACTIVE,12/06/2018,90007,,,Missing or Invalid GPS
2,,Stadium,,Y T Manispality Green,201124,6749360.367,38411585.73,ACTIVE,12/06/2018,90007,6.74936,38.411586,Valid
2,,Stadium,933207282,Mahilet Abdu,201125,6742927.95,38401030.92,ACTIVE,12/06/2018,90007,6.742928,38.401031,Valid
2,,Stadium,916168163,Aster Keshamo,201126,,,ACTIVE,12/06/2018,90007,,,Missing or Invalid GPS
3,,,913509445,Nasir Fetena ,300852,6751188.183,38405743.57,ACTIVE,12/06/2018,90027,6.751188,38.405744,Valid
3,,,916528732,Endeshaw Sahile ,300853,6750745.383,38400196.47,ACTIVE,12/06/2018,90027,6.750745,38.400196,Valid
4,,,915681804,Wendmagegn Muse ,400617,6739554.917,38406673.65,ACTIVE,12/06/2018,90027,6.739555,38.406674,Valid
4,,,920597415,Ashenafi Tesfaye ,400618,6739925.867,38407325.88,ACTIVE,12/06/2018,90027,6.739926,38.407326,Valid
4,,,916925003,Kefiyalew Ganebo ,400619,6739730.083,38406776.58,ACTIVE,12/06/2018,90027,6.73973,38.406777,Valid
4,,,916865681,Tenaye Teshome ,400620,6739988.633,38407540.72,ACTIVE,12/06/2018,90027,6.739989,38.407541,Valid
4,,,932627027,Meselech Kenbata ,400621,6739986.25,38407426.97,ACTIVE,12/06/2018,90027,6.739986,38.407427,Valid
4,,,925155450,Kisho Areru ,400622,6739721.717,38406932.43,ACTIVE,12/06/2018,90027,6.739722,38.406932,Valid
4,,,910342684,Desalegn Hamaro ,400623,6739786.35,38406833.5,ACTIVE,12/06/2018,90027,6.739786,38.406833,Valid
4,,,910481156,Abrham Ayele ,400624,6739818.717,38406936.37,ACTIVE,12/06/2018,90027,6.739819,38.406936,Valid
4,,,916164354,Takele Biliso ,400625,6739802.033,38407011.73,ACTIVE,12/06/2018,90027,6.739802,38.407012,Valid
4,,,949528223,Getu Tsegaye ,400626,6739870.833,38407435.98,ACTIVE,12/06/2018,90027,6.739871,38.407436,Valid
5,,,901553474,Adane Adisu ,501095,6748495.3,38408343.63,ACTIVE,12/06/2018,90007,6.748495,38.408344,Valid
5,,,911288047,Matiwos Daniel ,501096,6747745.733,38407994.68,ACTIVE,12/06/2018,90007,6.747746,38.407995,Valid
6,,,926527295,Shuramo Petros ,600724,0.0,0.0,ACTIVE,12/06/2018,90009,,,Missing or Invalid GPS
6,,,916070895,Dimiru Daka ,600725,6745345.2,38413703.22,ACTIVE,12/06/2018,90009,6.745345,38.413703,Valid
6,,,905238165,Gelaye Gata ,600726,6746253.767,38412479.85,ACTIVE,12/06/2018,90009,6.746254,38.41248,Valid
9,,,974723139,Meseret Yetera ,900717,6748262.8,38429417.52,ACTIVE,12/06/2018,90010,6.748263,38.429418,Valid
7,,,977768760,Petros Hanqalo ,701075,6753391.1,38418740.35,ACTIVE,12/06/2018,90009,6.753391,38.41874,Valid
7,,,993973563,Yetera Yata ,701076,6749532.817,38417385.18,ACTIVE,12/06/2018,90009,6.749533,38.417385,Valid
7,,,916164785,Terefe Hasamo ,701077,6753496.867,38418398.17,ACTIVE,12/06/2018,90009,6.753497,38.418398,Valid
7,,,916165121,Silesh Roma ,701078,,,ACTIVE,12/06/2018,90009,,,Missing or Invalid GPS
7,,,903084062,Ayele Amelo ,701079,6752502.05,38427796.72,ACTIVE,12/06/2018,90009,6.752502,38.427797,Valid
7,,,916164281,Tesema Hamito ,701080,6753111.3,38424517.82,ACTIVE,12/06/2018,90009,6.753111,38.424518,Valid
7,,,932554860,Ayisha Mamanur,701081,6752203.3,38424555.95,ACTIVE,12/06/2018,90009,6.752203,38.424556,Valid
7,,,926988120,Yohanis H/mariyam ,701082,,,ACTIVE,12/06/2018,90009,,,Missing or Invalid GPS
7,,,916449253,Fikadu Fitamo ,701083,6752597.317,38428093.12,ACTIVE,12/06/2018,90009,6.752597,38.428093,Valid
8,,,976081263,Shibire Shanko ,800613,6750360.783,38429636.92,ACTIVE,12/06/2018,90010,6.750361,38.429637,Valid
8,,,916849472,Gonamo Baramo ,800614,6748915.467,38431233.4,ACTIVE,12/06/2018,90010,6.748915,38.431233,Valid
8,,,969846615,Shuda Worana,800615,6747371.067,38438505.47,ACTIVE,12/06/2018,90010,6.747371,38.438505,Valid
8,,,912948425,Habitamu Gunefaro,800616,6747311.317,38438406.13,ACTIVE,12/06/2018,90010,6.747311,38.438406,Valid
8,,,909271139,Deka Heleso,800617,6747535.183,38438609.18,ACTIVE,12/06/2018,90010,6.747535,38.438609,Valid
8,,,926317899,Dubiso Monqo ,800618,6747672.367,38438897.1,ACTIVE,12/06/2018,90010,6.747672,38.438897,Valid
8,,,939832778,Ashenafi Shala ,800619,6747488.583,38438623.77,ACTIVE,12/06/2018,90010,6.747489,38.438624,Valid
8,,,925649504,Tilahun Meera ,800620,6747601.017,38438741.15,ACTIVE,12/06/2018,90010,6.747601,38.438741,Valid
8,,,903701103,Kefiyalew Kenbata ,800621,6747423.117,38438527.13,ACTIVE,12/06/2018,90010,6.747423,38.438527,Valid
9,,,916164886,Shanqo Adato ,900711,6745937.217,38443494.43,ACTIVE,12/06/2018,90010,6.745937,38.443494,Valid
9,,,916107894,Abiyot Chula,900712,6747867.8,38429386.72,ACTIVE,12/06/2018,90010,6.747868,38.429387,Valid
1,,,916025639,Germewu kabeso,101411,6746762.833,38376899.38,ACTIVE,28/07/2018,90011,6.746763,38.376899,Valid
1,,,938205586,Shumetu Barasa,101412,6735192.783,38372974.42,ACTIVE,28/07/2018,90011,6.735193,38.372974,Valid
1,,,993982946,Hasheme Amane,101413,6737794.417,38368075.32,ACTIVE,28/07/2018,90011,6.737794,38.368075,Valid
1,,,951306249,Danachewu Banata,101414,6743278.433,38371870.55,ACTIVE,28/07/2018,90011,6.743278,38.371871,Valid
1,,,926129559,Mehamed Husen,101415,6743626.783,38373721.25,ACTIVE,28/07/2018,90011,6.743627,38.373721,Valid
2,,Awada,906452331,Amarech Fola,201127,6748765.983,38387672.88,ACTIVE,28/07/2018,90011,6.748766,38.387673,Valid
2,,Stadium,916165358,Seble Bogal,201128,6745758.433,38402040.1,ACTIVE,28/07/2018,90007,6.745758,38.40204,Valid
2,,Awada,916374008,Demise buwane,201129,6748534.267,38384694.42,ACTIVE,28/07/2018,90011,6.748534,38.384694,Valid
2,,Stadium,984176185,Muna Adiso,201130,6741664.217,38404332.28,ACTIVE,28/07/2018,90007,6.741664,38.404332,Valid
2,,Stadium,987242515,Derib Meto,201131,6740782.6,38402959.32,ACTIVE,28/07/2018,90007,6.740783,38.402959,Valid
3,,,941846248,Fetamo Fesa,300854,6753595.45,38403381.83,ACTIVE,28/07/2018,90027,6.753595,38.403382,Valid
4,,,925110885,Herut Lakewu,400627,6739649.317,38407561.27,ACTIVE,28/07/2018,90027,6.739649,38.407561,Valid
4,,,964803616,Mamush gujo,400628,6739568.85,38407250.48,ACTIVE,28/07/2018,90027,6.739569,38.40725,Valid
5,,,932801697,Abera Debiso,501098,6753565.2,38414113.03,ACTIVE,28/07/2018,90007,6.753565,38.414113,Valid
5,,,916167536,Yohunis Findiga,501099,6753489.2,38410782.87,ACTIVE,28/07/2018,90007,6.753489,38.410783,Valid
5,,,967697102,05 Kebel Tena tabiya,501100,6746156.367,38403133.23,ACTIVE,28-07-2018,90007,6.746156,38.403133,Valid
6,,,916044571,Kebed Gerimamo,600727,6743538.533,38409455.2,ACTIVE,28/07/2018,90009,6.743539,38.409455,Valid
7,,,916607085,Henok Bekel,701085,6750421.817,38426210.5,ACTIVE,28/07/2018,90009,6.750422,38.426211,Valid
8,,,916044030,Bikem Suncha,800622,6747770.45,38438312.33,ACTIVE,28/07/2018,90010,6.74777,38.438312,Valid
8,,,936456921,Tades Degaga,800623,6752919.617,38431689.35,ACTIVE,28/07/2018,90010,6.75292,38.431689,Valid
8,,,916373572,Belay beras,800624,6751576.333,38434491.03,ACTIVE,28/07/2018,90010,6.751576,38.434491,Valid
8,,,916932999,Belay Basha,800625,6747578.583,38438175.17,ACTIVE,28/07/2018,90010,6.747579,38.438175,Valid
8,,,,Derib Fandamo,800626,6747786.7,38438191.98,ACTIVE,28/07/2018,90010,6.747787,38.438192,Valid
8,,,916807828,Tariku Tadese,800627,6747704.183,38438414.27,ACTIVE,28/07/2018,90010,6.747704,38.438414,Valid
9,,,934737885,Ayelech Hamaro,900713,6749475.183,38437831.43,ACTIVE,28/07/2018,90010,6.749475,38.437831,Valid
9,,,916811278,Tadese Alemu,900714,6747449.483,38430565.47,ACTIVE,28/07/2018,90010,6.747449,38.430565,Valid
9,,,939156289,Hajizedin Adem,900715,6745938.517,38438095.25,ACTIVE,28/07/2018,90010,6.745939,38.438095,Valid
9,,,925736527,woliyu Muzeyin,900716,6744890.517,38433604.82,ACTIVE,28/07/2018,90010,6.744891,38.433605,Valid
1,,,954804329,Notora Kapiso,101416,6756943.683,38377639.63,ACTIVE,30/08/2018,90011,6.756944,38.37764,Valid
1,,,965831274,Esayas mekuria,101417,6748325.2,38372897.18,ACTIVE,30/08/2018,90011,6.748325,38.372897,Valid
1,,,916165032,Halima sermolo,101418,6746108.783,38377991.12,ACTIVE,30/08/2018,90011,6.746109,38.377991,Valid
8,,,961530983,Turago Hariso,800634,6751210.533,38434151.42,ACTIVE,30-08-2018,90010,6.751211,38.434151,Valid
3,,,916373892,Yenenesh Erasa,300856,6751910.967,38405749.15,ACTIVE,30/08/2018,90027,6.751911,38.405749,Valid
3,,,911456885,Y/A/Mekane Eyesus Ma,300857,6749093.467,38403940.33,ACTIVE,03/09/2018,90027,6.749093,38.40394,Valid
3,,,916329393,Adane Bogale,300858,6748657.167,38398941.12,ACTIVE,03/09/2018,90027,6.748657,38.398941,Valid
3,,,934295318,Danel Gadan,300859,6753546.183,38403057.93,ACTIVE,03/09/2018,90027,6.753546,38.403058,Valid
3,,,916040929,Senayit Matiwos,300860,6750694.067,38408682.63,ACTIVE,03/09/2018,90027,6.750694,38.408683,Valid
3,,,916965610,Tegeng Hatiso,300861,6753715.1,38403081.68,ACTIVE,03/09/2018,90027,6.753715,38.403082,Valid
3,,,916009767,Daniel Lalima ,300862,6753326.167,38403564.52,ACTIVE,03-09-2018,90027,6.753326,38.403565,Valid
3,,,916517403,Seyum kuta,300863,6750902.417,38400760.22,ACTIVE,03/09/2018,90027,6.750902,38.40076,Valid
3,,,916161127,Y/A/Hositel Geb Kutir-2,300864,6748129.75,38401321.32,ACTIVE,03/09/2018,90027,6.74813,38.401321,Valid
3,,,916161127,Y/A/Hositel Geb Kuti,300865,6748313.533,38401301.63,ACTIVE,03/09/2018,90027,6.748314,38.401302,Valid
3,,,968710425,Mabirat Matiyose,300866,6749656.25,38400714.43,ACTIVE,03-09-2018,90027,6.749656,38.400714,Valid
3,,,911037647,Degife Fandamo,300867,6747105.717,38405304.02,ACTIVE,03/09/2018,90027,6.747106,38.405304,Valid
6,,,916435427, Dereje Meta,600728,6745384.833,38414090.5,ACTIVE,03/09/2018,90009,6.745385,38.414091,Valid
6,,,913152187,ZDS Akesiyon Mahber,600729,0.0,0.0,ACTIVE,03/09/2018,90009,,,Missing or Invalid GPS
7,,,926042288,Abiye Asefa,701086,6751404.95,38426760.52,ACTIVE,03/09/2018,90009,6.751405,38.426761,Valid
8,,,926164332,Amare Shutura,800628,6751059.783,38428453.42,ACTIVE,03/09/2018,90010,6.75106,38.428453,Valid
8,,,916045444,Matiwose H/Mareyam,800629,6751094.117,38428450.52,ACTIVE,03/09/2018,90010,6.751094,38.428451,Valid
8,,,916807791,Kefile Shalla,800630,6751457.9,38434440.62,ACTIVE,03/09/2018,90010,6.751458,38.434441,Valid
8,,,916643124,Daniso Dangule,800631,6745612.2,38439291.38,ACTIVE,03/09/2018,90010,6.745612,38.439291,Valid
8,,,912459900,Tesfaye Yubate,800632,6752144.95,38432361.35,ACTIVE,03/09/2018,90010,6.752145,38.432361,Valid
8,,,916140544,Aschalehu Tadese,800633,6747471.283,38436003.83,ACTIVE,03/09/2018,90010,6.747471,38.436004,Valid
9,,,916373784,Abdulkerem Surure,900718,6745634.417,38439507.15,ACTIVE,03/09/2018,90010,6.745634,38.439507,Valid
9,,,911943894,Azalech Wondimu,900719,6747956.55,38430519.72,ACTIVE,03/09/2018,90010,6.747957,38.43052,Valid
9,,,916418642,Aduna Barasa,900720,6749135.85,38448770.57,ACTIVE,03/09/2018,90010,6.749136,38.448771,Valid
9,,,952601895,Felek Metiku,900721,6748029.367,38437793.13,ACTIVE,03/09/2018,90010,6.748029,38.437793,Valid
9,,,979998383,Esayas Tunsisa,900722,6748110.233,38437784.87,ACTIVE,03/09/2018,90010,6.74811,38.437785,Valid
9,,,934737947,Amena Mohamed,900723,6747934.683,38431600.1,ACTIVE,03/09/2018,90010,6.747935,38.4316,Valid
1,,,911793532,Feseha Takele,101419,6750814.017,38376157.82,ACTIVE,04/10/2018,90011,6.750814,38.376158,Valid
1,,,916265009,Ageze Toreba,101420,6745586.883,38372108.3,ACTIVE,04/10/2018,90011,6.745587,38.372108,Valid
1,,,934602138,Keduse Daniel,101421,6739063.267,38370367.72,ACTIVE,04/10/2018,90011,6.739063,38.370368,Valid
1,,,939178960,Gezaheng Derese,101422,6757496.05,38376871.45,ACTIVE,04-10-2018,90011,6.757496,38.376871,Valid
1,,,954784467,Tesfatsiyon Dotora,101423,6742177.133,38371781.48,ACTIVE,04/10/2018,90011,6.742177,38.371781,Valid
1,,,954784456,Geremu Gemicho,101424,6736077.033,38368070.0,ACTIVE,04/10/2018,90011,6.736077,38.36807,Valid
2,,Awada,916503926,Teshale Adara,201132,6745761.8,38387107.82,ACTIVE,04-10-2018,90011,6.745762,38.387108,Valid
3,,,924668341,Tadele Teshome,300868,6752643.8,38403402.55,ACTIVE,04/10/2018,90027,6.752644,38.403403,Valid
2,,Stadium,969149163,Shiberu Shanqo,201138,0.0,0.0,ACTIVE,04-10-2018,90007,,,Missing or Invalid GPS
5,,,929398280,Eniye Bekele,501101,6751540.683,38411979.68,ACTIVE,04/10/2018,90007,6.751541,38.41198,Valid
5,,,910698454,Mohammed Hassen and Zebiba Kedir ,501102,6751645.1,38411389.53,ACTIVE,04-10-2018,90007,6.751645,38.41139,Valid
5,,,932055990,Fedila Musema,501103,6753004.633,38407611.9,ACTIVE,04/10/2018,90007,6.753005,38.407612,Valid
6,,,984007829,Millone Hayile,600730,,,ACTIVE,04/10/2018,90009,,,Missing or Invalid GPS
6,,,916744572,Girma Latamo,600731,6741601.733,38409784.95,ACTIVE,04/10/2018,90009,6.741602,38.409785,Valid
7,,,916809291,Marita Efero,701087,0.0,0.0,ACTIVE,04/10/2018,90009,,,Missing or Invalid GPS
7,,,925252300,Tarikua Tsegu,701088,6752643.533,38424296.37,ACTIVE,04-10-2018,90009,6.752644,38.424296,Valid
8,,,916333027,Tsehaynesh Asfaw,800635,,,ACTIVE,04/10/2018,90010,,,Missing or Invalid GPS
8,,,915679371,Fekadu Danisamo,800636,6751079.883,38434180.62,ACTIVE,04-10-2018,90010,6.75108,38.434181,Valid
8,,,916809478,Shenkora Bunuka,800637,6746461.667,38442787.4,ACTIVE,04/10/2018,90010,6.746462,38.442787,Valid
9,,,916642151,Gizaw Gilisha,900724,6747304.417,38430648.28,ACTIVE,04/10/2018,90010,6.747304,38.430648,Valid
1,,,990103993,Belay Beyene,101425,6757035.117,38377083.63,ACTIVE,09/10/2018,90011,6.757035,38.377084,Valid
2,,Awada,916925254,Etenesh Etiso,201133,6748194.033,38385932.9,ACTIVE,09/10/2018,90011,6.748194,38.385933,Valid
3,,,916169909,Tesfaye Petros,300869,6753356.167,38403514.27,ACTIVE,09/10/2018,90027,6.753356,38.403514,Valid
7,,,916078573,Wondimu Tunsisa,701089,,,ACTIVE,09/10/2018,90009,,,Missing or Invalid GPS
7,,,916151754,Tesfaye Kayamo,701090,,,ACTIVE,09/10/2018,90009,,,Missing or Invalid GPS
1,,,925113546,Arega Akalo,101426,6737606.783,38373880.13,ACTIVE,30/11/2018,90011,6.737607,38.37388,Valid
1,,,931379305,Fistum Alemayehu,101427,6743649.067,38374894.87,ACTIVE,30/11/2018,90011,6.743649,38.374895,Valid
1,,,903051391,Mekiya Mehomed,101428,,,ACTIVE,30/11/2018,90011,,,Missing or Invalid GPS
1,,,964963572,Tesfaye Gataye,101429,6735486.933,38368539.17,ACTIVE,30/11/2018,90011,6.735487,38.368539,Valid
1,,,926389279,Zedagim Demissie,101430,6738878.9,38368106.77,ACTIVE,30/11/2018,90011,6.738879,38.368107,Valid
1,,,934446150,Belachew Ermiyas,101431,6751481.85,38377447.37,ACTIVE,30/11/2018,90011,6.751482,38.377447,Valid
1,,,943945783,Assefa Shalamo,101432,6735958.0,38368760.0,ACTIVE,30-11-2018,90011,6.735958,38.36876,Valid
1,,,954787030,Temesgen Woldeyohans,101433,,,ACTIVE,30/11/2018,90011,,,Missing or Invalid GPS
1,,,916165030,Sisaye Hareso,101434,6749907.85,38376359.2,ACTIVE,30/11/2018,90011,6.749908,38.376359,Valid
1,,,934115686,Selemon Gabiso,101435,,,ACTIVE,30/11/2018,90011,,,Missing or Invalid GPS
1,,,908406952,Zerehun Enigeda,101436,6749482.783,38371196.28,ACTIVE,30/11/2018,90011,6.749483,38.371196,Valid
1,,,930892168,Yohuanis Kebede,101437,,,ACTIVE,30/11/2018,90011,,,Missing or Invalid GPS
1,,,916158126,Melese Tesema,101438,6740719.767,38376003.42,ACTIVE,30/11/2018,90011,6.74072,38.376003,Valid
1,,,916169022,Asamenehu Semone,101439,,,ACTIVE,30/11/2018,90011,,,Missing or Invalid GPS
1,,,947103841,Ashebir Aregata,101440,6746195.767,38372031.42,ACTIVE,30/11/2018,90011,6.746196,38.372031,Valid
1,,,977134595,Hagos Arega,101441,,,ACTIVE,30/11/2018,90011,,,Missing or Invalid GPS
1,,,916029188,Tsegaye Regasa,101442,6734928.8,38369117.0,ACTIVE,30/11/2018,90011,6.734929,38.369117,Valid
1,,,928459244,Mubarik Ali,101443,,,ACTIVE,30/11/2018,90011,,,Missing or Invalid GPS
1,,,904768564,Melkamu Fitamo,101444,,,ACTIVE,30/11/2018,90011,,,Missing or Invalid GPS
1,,,934717846,Erekihun Melese,101445,6756922.367,38377387.98,ACTIVE,30/11/2018,90011,6.756922,38.377388,Valid
1,,,939515562,Eyasu Tsegaye,101446,6745818.217,38372168.23,ACTIVE,30/11/2018,90011,6.745818,38.372168,Valid
2,,Stadium,954805889,Taye Tadese,201134,,,ACTIVE,30/11/2018,90007,,,Missing or Invalid GPS
2,,Stadium,916965863,Anteneh Tadese,201135,,,ACTIVE,30/11/2018,90007,,,Missing or Invalid GPS
2,,Stadium,916045218,Dejene Dabaro,201136,,,ACTIVE,30/11/2018,90007,,,Missing or Invalid GPS
2,,Stadium,913532221,Legese Hareso,201137,,,ACTIVE,30/11/2018,90007,,,Missing or Invalid GPS
3,,,916164331,Girmaye Belachew,300870,6753464.217,38403195.6,ACTIVE,30/11/2018,90027,6.753464,38.403196,Valid
3,,,916625832,Bezabh Beyene,300871,6750028.85,38400376.92,ACTIVE,30/11/2018,90027,6.750029,38.400377,Valid
3,,,916332085,Assfa Hareso,300872,6753408.0,38403396.75,ACTIVE,30/11/2018,90027,6.753408,38.403397,Valid
3,,,910308182,Eliase Daniel,300873,6750561.55,38400722.35,ACTIVE,30/11/2018,90027,6.750562,38.400722,Valid
1,,,992045257,Legide Hamito,101447,,,ACTIVE,30/11/2018,90011,,,Missing or Invalid GPS
4,,,916164403,Terefe Tesifay,400630,6739823.033,38406636.6,ACTIVE,30-11-2018,90027,6.739823,38.406637,Valid
4,,,916433902,Genet kebede,400631,6739486.733,38407252.5,ACTIVE,30/11/2018,90027,6.739487,38.407252,Valid
5,,,964040285,Sisay Tolosa,501104,,,ACTIVE,30/11/2018,90007,,,Missing or Invalid GPS
5,,,926614341,Fikadu Hariso,501105,,,ACTIVE,30/11/2018,90007,,,Missing or Invalid GPS
7,,,926614254,Sisay Mamo,701091,,,ACTIVE,30/11/2018,90009,,,Missing or Invalid GPS
7,,,934087760,Muse Temesgen,701092,,,ACTIVE,30/11/2018,90009,,,Missing or Invalid GPS
7,,,,Biniyam Kajisho,701093,6751903.133,38421817.42,ACTIVE,30/11/2018,90009,6.751903,38.421817,Valid
7,,,939824473,Ashenaf Argeso,701094,6751898.367,38422715.77,ACTIVE,30/11/2018,90009,6.751898,38.422716,Valid
7,,,934700534,Meritinesh Fontola,701095,6752822.95,38428761.18,ACTIVE,30/11/2018,90009,6.752823,38.428761,Valid
7,,,926208348,Teshale Tamiru,701096,6752197.2,38420562.32,ACTIVE,30/11/2018,90009,6.752197,38.420562,Valid
7,,,930781424,Zelalem Girma,701097,6752600.467,38415445.2,ACTIVE,30/11/2018,90009,6.7526,38.415445,Valid
7,,,911109829,Fantaye Wodajo,701098,0.0,0.0,ACTIVE,30-11-2018,90009,,,Missing or Invalid GPS
7,,,927900225,Hailu Gatiso,701099,,,ACTIVE,30/11/2018,90009,,,Missing or Invalid GPS
8,,,924684103,Bantsha Baramo,800638,6751797.483,38434101.63,ACTIVE,30/11/2018,90010,6.751797,38.434102,Valid
9,,,915964794,Sitota Bekele,900725,6747066.567,38434729.77,ACTIVE,30/11/2018,90010,6.747067,38.43473,Valid
9,,,916434800,Hana Getachew,900726,6747546.883,38429036.18,ACTIVE,30/11/2018,90010,6.747547,38.429036,Valid
9,,,913461529,Mohammed Shafi,900727,,,ACTIVE,30/11/2018,90010,,,Missing or Invalid GPS
1,,,916923272,Bezabih Balguda,101448,,,ACTIVE,04/12/2018,90011,,,Missing or Invalid GPS
3,,,910133554,Adamu Tiguh,300874,0.0,0.0,ACTIVE,11-01-2019,90027,,,Missing or Invalid GPS
4,,,916932457,Mulugeta Tsegaye ,400632,0.0,0.0,ACTIVE,11-01-2019,90027,,,Missing or Invalid GPS
2,,Stadium,916157620,Sasamo Fatana ,201140,0.0,0.0,ACTIVE,11-01-2019,90011,,,Missing or Invalid GPS
2,,Stadium,962322115,Tefera Gebre ,201141,0.0,0.0,ACTIVE,11-01-2019,90011,,,Missing or Invalid GPS
2,,Stadium,916309691,Miliyon Selomon ,201142,0.0,0.0,ACTIVE,11-01-2019,90007,,,Missing or Invalid GPS
2,,Stadium,916974167,Abebe H/mikael ,201143,0.0,0.0,ACTIVE,11-01-2019,90007,,,Missing or Invalid GPS
1,,,916773378,Dawit Daniel ,101449,0.0,0.0,ACTIVE,11-01-2019,90011,,,Missing or Invalid GPS
1,,,966732213,Sisay Degife ,101450,0.0,0.0,ACTIVE,11-01-2019,90011,,,Missing or Invalid GPS
1,,,967832322,Mamush Wolde ,101451,0.0,0.0,ACTIVE,11-01-2019,90011,,,Missing or Invalid GPS
1,,,916504796,Milkiyas Filate,101452,0.0,0.0,ACTIVE,11-01-2019,90011,,,Missing or Invalid GPS
1,,,938954202,Dejene Regasa ,101453,0.0,0.0,ACTIVE,11-01-2019,90011,,,Missing or Invalid GPS
1,,,949630411,Samuel Desalegn ,101454,0.0,0.0,ACTIVE,12-01-2019,90011,,,Missing or Invalid GPS
1,,,916021590,Tesfaye Kenchela ,101455,0.0,0.0,ACTIVE,12-01-2019,90011,,,Missing or Invalid GPS
1,,,916164482,Sisay Silo Bekele,101456,0.0,0.0,ACTIVE,12-01-2019,90011,,,Missing or Invalid GPS
1,,,901167051,Fantu Godana ,101457,0.0,0.0,ACTIVE,12-01-2019,90011,,,Missing or Invalid GPS
3,,,916830235,Yitagesu Asegahegn ,300875,0.0,0.0,ACTIVE,12-01-2019,90027,,,Missing or Invalid GPS
5,,,930279711,Abinet Wolde ,501106,0.0,0.0,ACTIVE,12-01-2019,90009,,,Missing or Invalid GPS
7,,,967219755,Markos Tafese ,701100,0.0,0.0,ACTIVE,12-01-2019,90009,,,Missing or Invalid GPS
7,,,936462257,Solomon Achana ,701101,0.0,0.0,ACTIVE,12-01-2019,90009,,,Missing or Invalid GPS
7,,,,Hajimo Haqamo ,701102,0.0,0.0,ACTIVE,12-01-2019,90009,,,Missing or Invalid GPS
4,,,912111232,Medihanit Laeke ,400633,0.0,0.0,ACTIVE,12-01-2019,90027,,,Missing or Invalid GPS
1,,,916313890,Desalegn Doctor Babiso ,101458,0.0,0.0,ACTIVE,12-01-2019,90011,,,Missing or Invalid GPS
1,,,984942450,Abeza Yohanis,101459,0.0,0.0,ACTIVE,12-01-2019,90011,,,Missing or Invalid GPS
9,,,967697020,Mihiret Beto ,900728,0.0,0.0,ACTIVE,12-01-2019,90010,,,Missing or Invalid GPS
1,,,970601708,Mengesha Ugamo ,101460,0.0,0.0,ACTIVE,12-01-2019,90011,,,Missing or Invalid GPS
1,,,916038078,Doctor Hatiya Sedo,101461,0.0,0.0,ACTIVE,12-01-2019,90011,,,Missing or Invalid GPS
1,,,916332653,Getu Kirba ,101462,0.0,0.0,ACTIVE,12-01-2019,90011,,,Missing or Invalid GPS
1,,,945080192,Buna Burqa Fute ,101463,0.0,0.0,ACTIVE,12-01-2019,90011,,,Missing or Invalid GPS
8,,,903290820,Gezahegn Tesema ,800639,0.0,0.0,ACTIVE,12-01-2019,90010,,,Missing or Invalid GPS
7,,,927089232,Shibiru Dawiso ,701103,0.0,0.0,ACTIVE,12-01-2019,90009,,,Missing or Invalid GPS
3,,,916168053,Wendimu Hatiya ,300876,0.0,0.0,ACTIVE,12-01-2019,90027,,,Missing or Invalid GPS
1,,,911960803,Biruk Hifmo Tsegaye ,101464,0.0,0.0,ACTIVE,12-01-2019,90011,,,Missing or Invalid GPS
1,,,916064795,Arfana Agarsa Adamo,101465,0.0,0.0,ACTIVE,12-01-2019,90011,,,Missing or Invalid GPS
5,,,916374421,Kefiyalew Suno Areso ,501107,0.0,0.0,ACTIVE,12-01-2019,90007,,,Missing or Invalid GPS
9,,,953360033,Ashenafi Dirfato ,900729,0.0,0.0,ACTIVE,12-01-2019,90010,,,Missing or Invalid GPS
8,,,909093387,Asirat Gebire Kuma ,800640,0.0,0.0,ACTIVE,12-01-2019,90010,,,Missing or Invalid GPS
9,,,945831704,Yasin Sime Nuri  ,900730,0.0,0.0,ACTIVE,12-01-2019,90010,,,Missing or Invalid GPS
1,,,986479128,Solomon Fetula ,101466,0.0,0.0,ACTIVE,12-01-2019,90011,,,Missing or Invalid GPS
